# vtk DataFile Version 4.2
vtk output
ASCII
DATASET POLYDATA
FIELD FieldData 1
avtOriginalBounds 1 6 double
0.0099999997765 7 0.0099999997765 5 0.0099999997765 2.5 
POINTS 4505 float
5.1 1.7 1.18648 4.74753 1.7 1.2 5.1 1.40841 1.2 
5.5 1.46153 1.2 5.5 1.7 1.19094 5.59878 1.7 1.2 
4.7 2.1 1.15724 4.53374 2.1 1.2 4.7 1.74747 1.2 
5.1 2.1 1.13632 5.5 2.1 1.14063 5.7 1.93507 1.2 
5.7 2.1 1.17893 5.79294 2.1 1.2 4.7 2.5 1.17468 
4.57479 2.5 1.2 5.1 2.5 1.14596 5.5 2.5 1.14568 
5.7 2.5 1.1851 5.77047 2.5 1.2 4.7 2.63451 1.2 
5.1 2.7 1.18686 4.78416 2.7 1.2 5.5 2.7 1.18783 
5.63618 2.7 1.2 5.7 2.58671 1.2 5.1 2.9 1.19807 
5.01801 2.9 1.2 5.5 2.9 1.19992 5.5019 2.9 1.2 
5.1 2.96111 1.2 5.5 2.90311 1.2 0.05 0.01 1.38926 
0.05 0.05 1.38906 0.01 0.01 1.38939 0.01 0.05 1.38926 
0.1 0.01 1.38793 0.1 0.05 1.38778 0.3 0.01 1.38294 
0.3 0.05 1.38287 0.55 0.01 1.36547 0.55 0.05 1.36543 
0.8 0.01 1.3511 0.8 0.05 1.35105 1 0.01 1.34109 
1 0.05 1.34105 1.3 0.01 1.33029 1.3 0.05 1.33025 
1.8 0.01 1.32129 1.8 0.05 1.32126 2.3 0.01 1.3151 
2.3 0.05 1.31509 2.8 0.01 1.31436 2.8 0.05 1.31435 
3.1 0.01 1.31451 3.1 0.05 1.31445 3.3 0.01 1.31455 
3.3 0.05 1.3145 3.55 0.01 1.31464 3.55 0.05 1.3146 
3.8 0.01 1.31416 3.8 0.05 1.31415 4.3 0.01 1.31247 
4.3 0.05 1.31249 4.5 0.01 1.30826 4.5 0.05 1.30844 
4.7 0.01 1.30143 4.7 0.05 1.30165 5.1 0.01 1.28717 
5.1 0.05 1.28716 5.5 0.01 1.2729 5.5 0.05 1.27282 
5.7 0.01 1.26611 5.7 0.05 1.26625 5.9 0.01 1.26829 
5.9 0.05 1.26826 6.3 0.01 1.27312 6.3 0.05 1.27312 
6.7 0.01 1.28459 6.7 0.05 1.28462 6.9 0.01 1.2942 
6.9 0.05 1.29418 6.95 0.01 1.29592 6.95 0.05 1.29571 
6.99 0.01 1.29623 6.99 0.05 1.29587 7 0.01 1.29616 
7 0.05 1.29588 0.05 0.1 1.38775 0.01 0.1 1.38793 
0.1 0.1 1.38679 0.3 0.1 1.38225 0.55 0.1 1.3646 
0.8 0.1 1.34918 1 0.1 1.33918 1.3 0.1 1.3286 
1.8 0.1 1.3201 2.3 0.1 1.3144 2.8 0.1 1.31391 
3.1 0.1 1.31395 3.3 0.1 1.31399 3.55 0.1 1.31402 
3.8 0.1 1.31356 4.3 0.1 1.31193 4.5 0.1 1.3086 
4.7 0.1 1.30229 5.1 0.1 1.28605 5.5 0.1 1.27156 
5.7 0.1 1.26567 5.9 0.1 1.26771 6.3 0.1 1.2727 
6.7 0.1 1.28276 6.9 0.1 1.29121 6.95 0.1 1.29273 
6.99 0.1 1.29338 7 0.1 1.29342 0.05 0.25 1.38363 
0.01 0.25 1.38373 0.1 0.25 1.38288 0.3 0.25 1.37968 
0.55 0.25 1.35968 0.8 0.25 1.3449 1 0.25 1.33627 
1.3 0.25 1.32648 1.8 0.25 1.31886 2.3 0.25 1.31364 
2.8 0.25 1.3131 3.1 0.25 1.31321 3.3 0.25 1.31318 
3.55 0.25 1.31292 3.8 0.25 1.31207 4.3 0.25 1.31009 
4.5 0.25 1.30556 4.7 0.25 1.29883 5.1 0.25 1.2831 
5.5 0.25 1.27041 5.7 0.25 1.26604 5.9 0.25 1.26706 
6.3 0.25 1.2717 6.7 0.25 1.27814 6.9 0.25 1.28468 
6.95 0.25 1.28767 6.99 0.25 1.2887 7 0.25 1.28868 
0.05 0.5 1.36534 0.01 0.5 1.36542 0.1 0.5 1.36445 
0.3 0.5 1.35879 0.55 0.5 1.34658 0.8 0.5 1.33673 
1 0.5 1.3305 1.3 0.5 1.32458 1.8 0.5 1.31846 
2.3 0.5 1.31401 2.8 0.5 1.31297 3.1 0.5 1.3129 
3.3 0.5 1.31252 3.55 0.5 1.31215 3.8 0.5 1.31115 
4.3 0.5 1.3087 4.5 0.5 1.30218 4.7 0.5 1.29391 
5.1 0.5 1.27858 5.5 0.5 1.26974 5.7 0.5 1.26947 
5.9 0.5 1.27099 6.3 0.5 1.27181 6.7 0.5 1.27576 
6.9 0.5 1.27889 6.95 0.5 1.27998 6.99 0.5 1.28033 
7 0.5 1.28035 0.05 0.9 1.34746 0.01 0.9 1.34749 
0.1 0.9 1.34649 0.3 0.9 1.34365 0.55 0.9 1.33814 
0.8 0.9 1.33368 1 0.9 1.33034 1.3 0.9 1.32725 
1.8 0.9 1.3217 2.3 0.9 1.31577 2.8 0.9 1.31322 
3.1 0.9 1.31186 3.3 0.9 1.31064 3.55 0.9 1.30955 
3.8 0.9 1.30743 4.3 0.9 1.30445 4.5 0.9 1.29576 
4.7 0.9 1.28542 5.1 0.9 1.26712 5.5 0.9 1.26334 
5.7 0.9 1.2698 5.9 0.9 1.2733 6.3 0.9 1.27392 
6.7 0.9 1.27565 6.9 0.9 1.27918 6.95 0.9 1.28172 
6.99 0.9 1.28208 7 0.9 1.28217 0.05 1.3 1.34375 
0.01 1.3 1.34378 0.1 1.3 1.34309 0.3 1.3 1.34332 
0.55 1.3 1.34126 0.8 1.3 1.33834 1 1.3 1.33531 
1.3 1.3 1.33241 1.8 1.3 1.32668 2.3 1.3 1.32004 
2.8 1.3 1.31586 3.1 1.3 1.3122 3.3 1.3 1.30916 
3.55 1.3 1.30616 3.8 1.3 1.30142 4.3 1.3 1.2949 
4.5 1.3 1.28034 4.7 1.3 1.26422 5.1 1.3 1.23334 
5.5 1.3 1.23905 5.7 1.3 1.265 5.9 1.3 1.26907 
6.3 1.3 1.27303 6.7 1.3 1.27778 6.9 1.3 1.28066 
6.95 1.3 1.28186 6.99 1.3 1.28229 7 1.3 1.28244 
0.05 1.7 1.33873 0.01 1.7 1.33878 0.1 1.7 1.33806 
0.3 1.7 1.33814 0.55 1.7 1.33813 0.8 1.7 1.33704 
1 1.7 1.33478 1.3 1.7 1.33294 1.8 1.7 1.32963 
2.3 1.7 1.32532 2.8 1.7 1.32021 3.1 1.7 1.31451 
3.3 1.7 1.30951 3.55 1.7 1.30402 3.8 1.7 1.29538 
4.3 1.7 1.28174 4.5 1.7 1.25103 4.7 1.7 1.21185 
5.7 1.7 1.2532 5.9 1.7 1.26427 6.3 1.7 1.27348 
6.7 1.7 1.27952 6.9 1.7 1.27954 6.95 1.7 1.27927 
6.99 1.7 1.27972 7 1.7 1.27993 0.05 2.1 1.33609 
0.01 2.1 1.33618 0.1 2.1 1.33536 0.3 2.1 1.33403 
0.55 2.1 1.33261 0.8 2.1 1.33154 1 2.1 1.33056 
1.3 2.1 1.3307 1.8 2.1 1.33147 2.3 2.1 1.32968 
2.8 2.1 1.32451 3.1 2.1 1.31818 3.3 2.1 1.31218 
3.55 2.1 1.30498 3.8 2.1 1.29356 4.3 2.1 1.27216 
4.5 2.1 1.21804 5.9 2.1 1.24346 6.3 2.1 1.27068 
6.7 2.1 1.27654 6.9 2.1 1.27775 6.95 2.1 1.27813 
6.99 2.1 1.27835 7 2.1 1.27841 0.05 2.5 1.32935 
0.01 2.5 1.32915 0.1 2.5 1.32873 0.3 2.5 1.33267 
0.55 2.5 1.33013 0.8 2.5 1.3293 1 2.5 1.33036 
1.3 2.5 1.33243 1.8 2.5 1.33487 2.3 2.5 1.33302 
2.8 2.5 1.32864 3.1 2.5 1.322 3.3 2.5 1.31553 
3.55 2.5 1.30822 3.8 2.5 1.29776 4.3 2.5 1.2759 
4.5 2.5 1.22869 5.9 2.5 1.25075 6.3 2.5 1.27228 
6.7 2.5 1.27664 6.9 2.5 1.27828 6.95 2.5 1.27837 
6.99 2.5 1.27874 7 2.5 1.27886 0.05 2.7 1.30097 
0.01 2.7 1.29649 0.1 2.7 1.31202 0.3 2.7 1.32006 
0.55 2.7 1.32939 0.8 2.7 1.32991 1 2.7 1.33275 
1.3 2.7 1.33592 1.8 2.7 1.33736 2.3 2.7 1.33624 
2.8 2.7 1.33098 3.1 2.7 1.3234 3.3 2.7 1.31693 
3.55 2.7 1.3114 3.8 2.7 1.30432 4.3 2.7 1.28559 
4.5 2.7 1.25385 4.7 2.7 1.22352 5.7 2.7 1.23809 
5.9 2.7 1.26253 6.3 2.7 1.27401 6.7 2.7 1.27728 
6.9 2.7 1.27884 6.95 2.7 1.27915 6.99 2.7 1.27959 
7 2.7 1.27976 0.05 2.9 1.33702 0.01 2.9 1.33695 
0.1 2.9 1.33391 0.3 2.9 1.32225 0.55 2.9 1.32769 
0.8 2.9 1.33212 1 2.9 1.33539 1.3 2.9 1.33801 
1.8 2.9 1.33869 2.3 2.9 1.33736 2.8 2.9 1.33103 
3.1 2.9 1.32332 3.3 2.9 1.31831 3.55 2.9 1.31446 
3.8 2.9 1.30893 4.3 2.9 1.29231 4.5 2.9 1.2671 
4.7 2.9 1.2462 5.7 2.9 1.2523 5.9 2.9 1.26504 
6.3 2.9 1.27323 6.7 2.9 1.27642 6.9 2.9 1.27801 
6.95 2.9 1.27796 6.99 2.9 1.27819 7 2.9 1.27837 
0.05 3.3 1.3421 0.01 3.3 1.3418 0.1 3.3 1.33976 
0.3 3.3 1.33232 0.55 3.3 1.33234 0.8 3.3 1.33562 
1 3.3 1.33813 1.3 3.3 1.33977 1.8 3.3 1.34008 
2.3 3.3 1.33755 2.8 3.3 1.3311 3.1 3.3 1.32542 
3.3 3.3 1.32246 3.55 3.3 1.31975 3.8 3.3 1.31572 
4.3 3.3 1.30317 4.5 3.3 1.28682 4.7 3.3 1.27623 
5.1 3.3 1.26379 5.5 3.3 1.26119 5.7 3.3 1.26724 
5.9 3.3 1.26956 6.3 3.3 1.27198 6.7 3.3 1.27377 
6.9 3.3 1.27551 6.95 3.3 1.27578 6.99 3.3 1.27595 
7 3.3 1.27602 0.05 3.5 1.34205 0.01 3.5 1.34191 
0.1 3.5 1.33929 0.3 3.5 1.33415 0.55 3.5 1.33402 
0.8 3.5 1.33701 1 3.5 1.33893 1.3 3.5 1.34008 
1.8 3.5 1.34021 2.3 3.5 1.33647 2.8 3.5 1.33192 
3.1 3.5 1.32917 3.3 3.5 1.32738 3.55 3.5 1.32455 
3.8 3.5 1.32074 4.3 3.5 1.3091 4.5 3.5 1.29479 
4.7 3.5 1.28991 5.1 3.5 1.28278 5.5 3.5 1.27653 
5.7 3.5 1.27558 5.9 3.5 1.275 6.3 3.5 1.27347 
6.7 3.5 1.27272 6.9 3.5 1.27516 6.95 3.5 1.27522 
6.99 3.5 1.2753 7 3.5 1.27535 0.05 3.7 1.34583 
0.01 3.7 1.34581 0.1 3.7 1.34276 0.3 3.7 1.33593 
0.55 3.7 1.33448 0.8 3.7 1.33729 1 3.7 1.33898 
1.3 3.7 1.34005 1.8 3.7 1.33953 2.3 3.7 1.33619 
2.8 3.7 1.3336 3.1 3.7 1.33209 3.3 3.7 1.33025 
3.55 3.7 1.32784 3.8 3.7 1.32386 4.3 3.7 1.31461 
4.5 3.7 1.30541 4.7 3.7 1.30344 5.1 3.7 1.29534 
5.5 3.7 1.28689 5.7 3.7 1.28069 5.9 3.7 1.27733 
6.3 3.7 1.27421 6.7 3.7 1.27193 6.9 3.7 1.27505 
6.95 3.7 1.27507 6.99 3.7 1.27506 7 3.7 1.27509 
0.05 3.9 1.34667 0.01 3.9 1.34689 0.1 3.9 1.34395 
0.3 3.9 1.33739 0.55 3.9 1.33492 0.8 3.9 1.33732 
1 3.9 1.339 1.3 3.9 1.34009 1.8 3.9 1.33916 
2.3 3.9 1.33654 2.8 3.9 1.3355 3.1 3.9 1.3345 
3.3 3.9 1.33248 3.55 3.9 1.33022 3.8 3.9 1.32587 
4.3 3.9 1.32095 4.5 3.9 1.31821 4.7 3.9 1.31747 
5.1 3.9 1.309 5.5 3.9 1.3063 5.7 3.9 1.29403 
5.9 3.9 1.28506 6.3 3.9 1.27798 6.7 3.9 1.27088 
6.9 3.9 1.27564 6.95 3.9 1.27595 6.99 3.9 1.27586 
7 3.9 1.27589 0.05 4.1 1.34139 0.01 4.1 1.34144 
0.1 4.1 1.3387 0.3 4.1 1.33744 0.55 4.1 1.33681 
0.8 4.1 1.33822 1 4.1 1.33989 1.3 4.1 1.34037 
1.8 4.1 1.33892 2.3 4.1 1.33707 2.8 4.1 1.33704 
3.1 4.1 1.33575 3.3 4.1 1.33435 3.55 4.1 1.33194 
3.8 4.1 1.32809 4.3 4.1 1.32798 4.5 4.1 1.33106 
4.7 4.1 1.33036 5.1 4.1 1.32687 5.5 4.1 1.33652 
5.7 4.1 1.32605 5.9 4.1 1.31811 6.3 4.1 1.30804 
6.7 4.1 1.28451 6.9 4.1 1.27757 6.95 4.1 1.27811 
6.99 4.1 1.27795 7 4.1 1.27799 0.05 4.3 1.33744 
0.01 4.3 1.337 0.1 4.3 1.33645 0.3 4.3 1.33647 
0.55 4.3 1.33971 0.8 4.3 1.34107 1 4.3 1.34174 
1.3 4.3 1.34102 1.8 4.3 1.33887 2.3 4.3 1.33761 
2.8 4.3 1.33745 3.1 4.3 1.33701 3.3 4.3 1.33674 
3.55 4.3 1.33464 3.8 4.3 1.33338 4.3 4.3 1.33367 
4.5 4.3 1.33684 4.7 4.3 1.33741 5.1 4.3 1.34582 
5.5 4.3 1.36209 5.7 4.3 1.34864 5.9 4.3 1.34003 
6.3 4.3 1.32934 6.7 4.3 1.29921 6.9 4.3 1.28281 
6.95 4.3 1.28427 6.99 4.3 1.28444 7 4.3 1.28444 
0.05 4.5 1.31737 0.01 4.5 1.31232 0.1 4.5 1.33173 
0.3 4.5 1.34243 0.55 4.5 1.34318 0.8 4.5 1.34391 
1 4.5 1.34359 1.3 4.5 1.34208 1.8 4.5 1.33891 
2.3 4.5 1.33806 2.8 4.5 1.33736 3.1 4.5 1.33851 
3.3 4.5 1.34103 3.55 4.5 1.34174 3.8 4.5 1.34053 
4.3 4.5 1.34066 4.5 4.5 1.34268 4.7 4.5 1.34086 
5.1 4.5 1.34319 5.5 4.5 1.35741 5.7 4.5 1.34073 
5.9 4.5 1.33178 6.3 4.5 1.32018 6.7 4.5 1.29768 
6.9 4.5 1.29185 6.95 4.5 1.29298 6.99 4.5 1.29334 
7 4.5 1.29339 0.05 4.7 1.34481 0.01 4.7 1.34482 
0.1 4.7 1.34436 0.3 4.7 1.34502 0.55 4.7 1.34607 
0.8 4.7 1.34279 1 4.7 1.34524 1.3 4.7 1.3438 
1.8 4.7 1.33952 2.3 4.7 1.33868 2.8 4.7 1.33761 
3.1 4.7 1.33866 3.3 4.7 1.34323 3.55 4.7 1.34629 
3.8 4.7 1.34606 4.3 4.7 1.34693 4.5 4.7 1.34962 
4.7 4.7 1.34995 5.1 4.7 1.35037 5.5 4.7 1.34691 
5.7 4.7 1.33157 5.9 4.7 1.32229 6.3 4.7 1.30907 
6.7 4.7 1.29923 6.9 4.7 1.29887 6.95 4.7 1.30181 
6.99 4.7 1.30223 7 4.7 1.30223 0.05 4.9 1.35313 
0.01 4.9 1.35312 0.1 4.9 1.35238 0.3 4.9 1.35035 
0.55 4.9 1.34687 0.8 4.9 1.33802 1 4.9 1.35038 
1.3 4.9 1.34572 1.8 4.9 1.34056 2.3 4.9 1.33925 
2.8 4.9 1.3382 3.1 4.9 1.33876 3.3 4.9 1.35544 
3.55 4.9 1.35076 3.8 4.9 1.34954 4.3 4.9 1.35089 
4.5 4.9 1.35471 4.7 4.9 1.35666 5.1 4.9 1.35817 
5.5 4.9 1.34824 5.7 4.9 1.33218 5.9 4.9 1.32223 
6.3 4.9 1.30946 6.7 4.9 1.30244 6.9 4.9 1.30788 
6.95 4.9 1.31676 6.99 4.9 1.31826 7 4.9 1.3182 
0.05 4.95 1.35659 0.01 4.95 1.35656 0.1 4.95 1.35612 
0.3 4.95 1.35497 0.55 4.95 1.34924 0.8 4.95 1.33088 
1 4.95 1.33997 1.3 4.95 1.34787 1.8 4.95 1.34138 
2.3 4.95 1.33971 2.8 4.95 1.34008 3.1 4.95 1.33046 
3.3 4.95 1.34929 3.55 4.95 1.3522 3.8 4.95 1.35026 
4.3 4.95 1.35194 4.5 4.95 1.35649 4.7 4.95 1.35924 
5.1 4.95 1.36205 5.5 4.95 1.35515 5.7 4.95 1.33671 
5.9 4.95 1.32659 6.3 4.95 1.31307 6.7 4.95 1.30238 
6.9 4.95 1.31341 6.95 4.95 1.32541 6.99 4.95 1.32789 
7 4.95 1.32777 0.05 4.99 1.35705 0.01 4.99 1.35714 
0.1 4.99 1.35657 0.3 4.99 1.35627 0.55 4.99 1.35114 
0.8 4.99 1.32937 1 4.99 1.32784 1.3 4.99 1.34981 
1.8 4.99 1.34199 2.3 4.99 1.33976 2.8 4.99 1.34067 
3.1 4.99 1.32571 3.3 4.99 1.33712 3.55 4.99 1.35287 
3.8 4.99 1.3504 4.3 4.99 1.35219 4.5 4.99 1.35683 
4.7 4.99 1.35964 5.1 4.99 1.36262 5.5 4.99 1.35652 
5.7 4.99 1.33791 5.9 4.99 1.32782 6.3 4.99 1.31383 
6.7 4.99 1.30215 6.9 4.99 1.31565 6.95 4.99 1.32645 
6.99 4.99 1.32991 7 4.99 1.32994 0.05 5 1.3571 
0.01 5 1.35723 0.1 5 1.35657 0.3 5 1.35624 
0.55 5 1.35118 0.8 5 1.32891 1 5 1.32233 
1.3 5 1.35013 1.8 5 1.3422 2.3 5 1.33986 
2.8 5 1.3407 3.1 5 1.32414 3.3 5 1.33317 
3.55 5 1.35291 3.8 5 1.3505 4.3 5 1.35229 
4.5 5 1.35703 4.7 5 1.35986 5.1 5 1.36291 
5.5 5 1.35725 5.7 5 1.33842 5.9 5 1.32845 
6.3 5 1.31393 6.7 5 1.30225 6.9 5 1.3157 
6.95 5 1.3273 6.99 5 1.33084 7 5 1.33056 
5.1 2.5 1.77697 5.1 2.29612 1.8 5.07708 2.5 1.8 
5.19557 2.5 1.8 5.1 2.5115 1.8 5.1 1.7 1.98157 
5.1 1.66374 2 5.07279 1.7 2 5.28461 1.7 2 
5.1 2.1 1.81105 4.9 2.1 2 5.5 1.73337 2 
5.5 2.1 1.82839 5.60774 2.1 2 4.90614 2.5 2 
5.5 2.5 1.83245 5.60378 2.5 2 5.1 2.62353 2 
5.5 2.64466 2 5.1 0.05 2.07884 5.1 0.01 2.07379 
4.84658 0.01 2.2 4.84695 0.05 2.2 5.5 0.01 2.0699 
5.5 0.05 2.07577 5.64776 0.05 2.2 5.64795 0.01 2.2 
5.1 0.1 2.08047 4.84823 0.1 2.2 5.5 0.1 2.07741 
5.6472 0.1 2.2 5.1 0.25 2.08022 4.85062 0.25 2.2 
5.5 0.25 2.07663 5.64629 0.25 2.2 5.1 0.5 2.08098 
4.85961 0.5 2.2 5.5 0.5 2.07641 5.64322 0.5 2.2 
5.1 0.9 2.08047 4.86211 0.9 2.2 5.5 0.9 2.07436 
5.64023 0.9 2.2 5.1 1.3 2.08334 4.88018 1.3 2.2 
5.5 1.3 2.07653 5.62412 1.3 2.2 4.9083 1.7 2.2 
5.5 1.7 2.01888 5.59914 1.7 2.2 4.92051 2.1 2.2 
5.60447 2.1 2.2 4.92209 2.5 2.2 5.60156 2.5 2.2 
5.1 2.7 2.08039 4.8977 2.7 2.2 5.5 2.7 2.0587 
5.60717 2.7 2.2 5.1 2.9 2.09954 4.89823 2.9 2.2 
5.5 2.9 2.09289 5.60773 2.9 2.2 5.1 3.08971 2.2 
5.5 3.09383 2.2 4.80027 0.01 2.4 4.80144 0.05 2.4 
5.6801 0.01 2.4 5.67963 0.05 2.4 6.95 0.05 2.37469 
6.95 0.01 2.37052 6.90615 0.01 2.4 6.9119 0.05 2.4 
6.99 0.01 2.35836 6.99 0.05 2.36459 7 0.01 2.35942 
7 0.05 2.36331 4.80349 0.1 2.4 5.67904 0.1 2.4 
6.95 0.1 2.39034 6.93445 0.1 2.4 6.99 0.1 2.37955 
7 0.1 2.37784 4.80956 0.25 2.4 5.67743 0.25 2.4 
6.95 0.139612 2.4 6.99 0.180803 2.4 7 0.188757 2.4 
4.81399 0.5 2.4 5.67609 0.5 2.4 4.80973 0.9 2.4 
5.67679 0.9 2.4 4.80315 1.3 2.4 5.67961 1.3 2.4 
4.81475 1.7 2.4 5.69116 1.7 2.4 7 1.7 2.39994 
7 1.69713 2.4 6.99983 1.7 2.4 4.84406 2.1 2.4 
5.7 1.7506 2.4 5.7 2.1 2.33806 5.9 2.1 2.37401 
5.9 1.83459 2.4 6.03093 2.1 2.4 7 1.70057 2.4 
4.88879 2.5 2.4 5.7 2.5 2.39281 5.78515 2.5 2.4 
5.9 2.37521 2.4 4.88283 2.7 2.4 5.67017 2.7 2.4 
5.7 2.52809 2.4 4.85841 2.9 2.4 5.6605 2.9 2.4 
5.1 3.14092 2.4 5.5 3.1555 2.4 4.76677 0.01 2.45 
4.77068 0.05 2.45 5.7 0.01 2.4394 5.7 0.05 2.44271 
5.9 0.01 2.4338 5.9 0.05 2.43813 6.3 0.01 2.42916 
6.3 0.05 2.43484 6.7 0.01 2.4227 6.7 0.05 2.42836 
6.9 0.01 2.40244 6.9 0.05 2.40554 4.7755 0.1 2.45 
5.7 0.1 2.4457 5.9 0.1 2.44438 6.3 0.1 2.44318 
6.7 0.1 2.43749 6.9 0.1 2.41559 4.78454 0.25 2.45 
5.69974 0.25 2.45 5.7 0.233272 2.45 5.9 0.199477 2.45 
6.3 0.190365 2.45 6.7 0.247739 2.45 6.70332 0.25 2.45 
6.9 0.25 2.43474 6.95 0.25 2.41947 6.99 0.25 2.41237 
7 0.25 2.40961 4.78805 0.5 2.45 5.69884 0.5 2.45 
6.7 0.5 2.44883 6.7 0.283071 2.45 6.59486 0.5 2.45 
6.9 0.5 2.44233 6.95 0.5 2.42968 6.99 0.5 2.42311 
7 0.5 2.41946 4.77468 0.9 2.45 5.7 0.611393 2.45 
5.7 0.9 2.44449 5.9 0.9 2.44279 5.9 0.616923 2.45 
6.3 0.9 2.44351 6.3 0.619 2.45 6.7 0.9 2.44228 
6.9 0.9 2.43505 6.95 0.9 2.42108 6.99 0.9 2.41535 
7 0.9 2.41279 4.74186 1.3 2.45 5.7 1.3 2.42512 
5.9 1.3 2.4237 6.3 1.3 2.43302 6.7 1.3 2.43548 
6.9 1.3 2.4221 6.95 1.3 2.40804 6.99 1.3 2.40381 
7 1.3 2.4025 4.7 1.7 2.44759 4.7 1.6566 2.45 
4.68271 1.7 2.45 5.7 1.7 2.4046 5.9 1.7 2.40539 
6.3 1.7 2.42837 6.7 1.7 2.43596 6.9 1.7 2.41992 
6.95 1.7 2.40484 6.99 1.7 2.40101 4.7 1.84912 2.45 
4.71341 2.1 2.45 6.3 2.1 2.42613 6.7 2.1 2.43532 
6.9 2.1 2.4252 6.95 2.1 2.41832 6.99 2.1 2.41477 
7 2.1 2.41277 4.8704 2.5 2.45 5.9 2.5 2.40449 
6.3 2.5 2.43209 6.7 2.5 2.43725 6.9 2.5 2.42507 
6.95 2.5 2.4111 6.99 2.5 2.40671 7 2.5 2.4052 
4.86061 2.7 2.45 5.7 2.7 2.42022 5.9 2.7 2.42885 
6.3 2.7 2.44778 6.7 2.7 2.44639 6.9 2.7 2.43524 
6.95 2.7 2.41834 6.99 2.7 2.41275 7 2.7 2.41051 
4.84285 2.9 2.45 5.7 2.9 2.44564 5.81386 2.9 2.45 
5.9 2.87271 2.45 6.3 2.73701 2.45 6.7 2.81419 2.45 
6.7654 2.9 2.45 6.9 2.9 2.44421 6.95 2.9 2.42643 
6.99 2.9 2.41986 7 2.9 2.41679 5.1 3.16692 2.45 
5.5 3.18781 2.45 5.7 2.93647 2.45 6.9 3.0915 2.45 
6.9196 3.3 2.45 6.95 3.3 2.44119 6.99 3.3 2.43371 
7 3.3 2.42933 6.95 3.43981 2.45 6.9697 3.5 2.45 
6.99 3.5 2.44606 7 3.5 2.44041 6.99 3.59549 2.45 
6.99721 3.7 2.45 7 3.7 2.44834 7 3.74867 2.45 
6.99 4.95 2.4447 6.99 4.93794 2.45 6.95245 4.95 2.45 
7 4.95 2.43867 7 4.9203 2.45 6.9 4.99 2.44743 
6.9 4.96942 2.45 6.84486 4.99 2.45 6.95 4.99 2.44414 
6.95 4.95227 2.45 6.99 4.99 2.43842 7 4.99 2.43347 
6.9 5 2.44319 6.74009 5 2.45 6.95 5 2.43952 
6.99 5 2.43401 7 5 2.43171 4.75531 0.01 2.49 
4.76303 0.05 2.49 4.76924 0.1 2.49 4.77847 0.25 2.49 
5.7 0.25 2.45157 5.9 0.25 2.45977 6.3 0.25 2.47203 
6.7 0.25 2.45133 4.77981 0.5 2.49 5.7 0.5 2.45605 
5.9 0.5 2.45927 6.3 0.5 2.46064 4.763 0.9 2.49 
4.71982 1.3 2.49 4.7 1.43888 2.49 4.59118 1.7 2.49 
4.7 2.1 2.45882 4.63446 2.1 2.49 4.7 2.16074 2.49 
4.85553 2.5 2.49 4.85636 2.7 2.49 4.84104 2.9 2.49 
5.9 2.9 2.45928 6.3 2.9 2.47685 6.7 2.9 2.45803 
5.1 3.17116 2.49 5.5 3.19617 2.49 5.7 3.05692 2.49 
5.9 3.03237 2.49 6.3 3.0236 2.49 6.63345 3.3 2.49 
6.7 3.3 2.48244 6.9 3.3 2.47903 6.7 3.37812 2.49 
6.9 3.34455 2.49 6.95 3.5 2.46686 6.92949 3.5 2.49 
6.95 3.62318 2.49 6.99 3.7 2.47017 6.96743 3.7 2.49 
6.99 3.80477 2.49 7 3.9 2.47272 6.99494 3.9 2.49 
7 4.02875 2.49 6.7 4.95 2.47811 6.7 4.90017 2.49 
6.5549 4.95 2.49 6.9 4.95 2.48172 6.9 4.94797 2.49 
6.95 4.95 2.45515 6.95 4.94423 2.49 6.99 4.93095 2.49 
7 4.90626 2.49 6.3 4.99 2.48908 6.3 4.98822 2.49 
6.29466 4.99 2.49 6.7 4.99 2.46657 6.3 5 2.46469 
6.10538 5 2.49 6.7 5 2.453 4.77096 0.01 2.5 
4.77114 0.05 2.5 4.77735 0.1 2.5 6.3 0.1 2.49875 
6.05424 0.1 2.5 6.3 0.0763862 2.5 6.7 0.0875533 2.5 
6.7 0.1 2.49939 6.75908 0.1 2.5 4.78733 0.25 2.5 
5.9 0.25 2.49645 5.78045 0.25 2.5 5.9 0.1306 2.5 
6.3 0.25 2.49242 6.7 0.25 2.49317 6.9 0.137205 2.5 
6.9 0.25 2.49576 6.94289 0.25 2.5 4.78547 0.5 2.5 
5.9 0.5 2.49945 5.86056 0.5 2.5 6.3 0.5 2.49679 
6.7 0.5 2.4975 6.9 0.5 2.49664 6.92041 0.5 2.5 
4.76654 0.9 2.5 5.9 0.514836 2.5 6.3 0.601768 2.5 
6.7 0.606546 2.5 6.9 0.656523 2.5 4.71998 1.3 2.5 
4.7 1.4286 2.5 4.59273 1.7 2.5 4.62002 2.1 2.5 
4.7 2.17842 2.5 4.85832 2.5 2.5 4.86183 2.7 2.5 
4.84787 2.9 2.5 6.3 2.9 2.49651 6.22115 2.9 2.5 
6.3 2.86634 2.5 6.56537 2.9 2.5 5.1 3.16413 2.5 
5.5 3.19024 2.5 5.7 3.0628 2.5 5.9 2.98985 2.5 
6.7 2.95708 2.5 6.7 3.3 2.49214 6.9 3.04871 2.5 
6.9 3.3 2.49193 6.92399 3.3 2.5 6.95 3.42837 2.5 
6.95 3.5 2.49489 6.97032 3.5 2.5 6.99 3.5948 2.5 
6.99 3.7 2.49418 7 3.65562 2.5 7 3.7 2.4982 
7 3.9 2.49235 6.7 4.95 2.49258 6.9 4.95 2.49036 
6.95 4.95 2.49101 6.99 4.95 2.4934 7 4.95 2.49503 
6.3 4.99 2.49014 6.7 4.99 2.49676 6.9 4.99 2.49359 
6.95 4.99 2.49378 6.99 4.99 2.49672 7 4.99 2.49734 
6.3 5 2.49361 6.7 5 2.49875 6.9 5 2.49479 
6.95 5 2.49477 6.99 5 2.49614 7 5 2.49649 
5.1 2.29612 1.8 5.1 2.5 1.77697 5.1 2.5 1.77697 
5.07708 2.5 1.8 5.19557 2.5 1.8 5.5 1.73337 2 
5.5 2.1 1.82839 5.5 2.5 1.83245 4.90614 2.5 2 
5.5 2.5 1.83245 5.5 2.64466 2 5.5 1.3 2.07653 
5.5 1.7 2.01888 4.9083 1.7 2.2 4.9 2.1 2 
4.90614 2.5 2 4.8977 2.7 2.2 5.60717 2.7 2.2 
5.5 2.7 2.0587 5.5 2.9 2.09289 4.84658 0.01 2.2 
4.84695 0.05 2.2 4.84823 0.1 2.2 4.85062 0.25 2.2 
4.85961 0.5 2.2 4.86211 0.9 2.2 5.7 1.7506 2.4 
5.7 2.5 2.39281 5.7 2.52809 2.4 4.89823 2.9 2.2 
4.89823 2.9 2.2 4.85841 2.9 2.4 5.1 3.08971 2.2 
5.5 3.09383 2.2 5.5 3.09383 2.2 5.5 3.1555 2.4 
5.7 0.01 2.4394 5.7 0.05 2.44271 5.7 0.1 2.4457 
5.7 0.233272 2.45 5.7 0.9 2.44449 5.7 0.611393 2.45 
5.7 1.3 2.42512 4.84406 2.1 2.4 4.88879 2.5 2.4 
4.71341 2.1 2.45 5.7 2.9 2.44564 4.84285 2.9 2.45 
5.5 3.1555 2.4 5.7 2.93647 2.45 5.5 3.18781 2.45 
5.7 0.25 2.45157 5.7 0.5 2.45605 4.84104 2.9 2.49 
5.7 3.05692 2.49 6.9 3.0915 2.45 6.9 3.3 2.47903 
6.9 3.34455 2.49 6.7 4.95 2.47811 6.9 4.94797 2.49 
6.95245 4.95 2.45 6.99 4.93794 2.45 6.99 4.93095 2.49 
6.9 4.96942 2.45 6.9 4.95 2.48172 6.95 4.95227 2.45 
6.3 4.99 2.48908 4.75531 0.01 2.49 4.76303 0.05 2.49 
4.76924 0.1 2.49 4.77847 0.25 2.49 4.77981 0.5 2.49 
4.763 0.9 2.49 4.71982 1.3 2.49 4.59118 1.7 2.49 
4.7 1.43888 2.49 4.63446 2.1 2.49 4.59273 1.7 2.5 
4.7 2.17842 2.5 5.7 3.0628 2.5 5.9 3.03237 2.49 
5.7 3.05692 2.49 5.9 2.98985 2.5 6.3 3.0236 2.49 
6.63345 3.3 2.49 6.7 3.37812 2.49 6.9 3.34455 2.49 
6.92949 3.5 2.49 6.95 3.62318 2.49 6.96743 3.7 2.49 
6.99 3.80477 2.49 6.99494 3.9 2.49 7 4.02875 2.49 
6.7 4.90017 2.49 6.5549 4.95 2.49 6.9 4.94797 2.49 
6.95 4.94423 2.49 6.99 4.93095 2.49 7 4.90626 2.49 
6.3 4.98822 2.49 6.29466 4.99 2.49 6.10538 5 2.49 
0.05 0.01 0.935407 0.05 0.05 0.935351 0.01 0.01 0.93544 
0.01 0.05 0.935384 0.1 0.01 0.93485 0.1 0.05 0.93482 
0.3 0.01 0.933358 0.3 0.05 0.933388 0.55 0.01 0.925586 
0.55 0.05 0.92562 0.8 0.01 0.92107 0.8 0.05 0.9211 
1 0.01 0.91907 1 0.05 0.91909 1.3 0.01 0.916642 
1.3 0.05 0.916656 1.8 0.01 0.914107 1.8 0.05 0.914114 
2.3 0.01 0.913053 2.3 0.05 0.913052 2.8 0.01 0.912686 
2.8 0.05 0.91268 3.1 0.01 0.912743 3.1 0.05 0.91273 
3.3 0.01 0.913069 3.3 0.05 0.913057 3.55 0.01 0.913554 
3.55 0.05 0.913539 3.8 0.01 0.914105 3.8 0.05 0.91409 
4.3 0.01 0.914372 4.3 0.05 0.914357 4.5 0.01 0.914785 
4.5 0.05 0.914763 4.7 0.01 0.915592 4.7 0.05 0.915574 
4.75328 0.05 1 4.75327 0.01 1 5.7 0.05 0.898302 
5.66816 0.01 1 5.7 0.01 0.898316 5.66815 0.05 1 
5.9 0.01 0.898386 5.9 0.05 0.898378 6.3 0.01 0.898711 
6.3 0.05 0.898696 6.7 0.01 0.898567 6.7 0.05 0.898553 
6.9 0.01 0.899224 6.9 0.05 0.899161 6.95 0.01 0.899505 
6.95 0.05 0.899534 6.99 0.01 0.899363 6.99 0.05 0.899357 
7 0.01 0.899362 7 0.05 0.899337 0.05 0.1 0.934417 
0.01 0.1 0.934455 0.1 0.1 0.934112 0.3 0.1 0.932004 
0.55 0.1 0.924654 0.8 0.1 0.920704 1 0.1 0.918906 
1.3 0.1 0.916556 1.8 0.1 0.914076 2.3 0.1 0.912922 
2.8 0.1 0.912478 3.1 0.1 0.912458 3.3 0.1 0.912765 
3.55 0.1 0.91324 3.8 0.1 0.913812 4.3 0.1 0.914145 
4.5 0.1 0.914675 4.7 0.1 0.915453 4.75333 0.1 1 
5.7 0.1 0.898254 5.66812 0.1 1 5.9 0.1 0.898305 
6.3 0.1 0.898579 6.7 0.1 0.898444 6.9 0.1 0.898529 
6.95 0.1 0.898844 6.99 0.1 0.898811 7 0.1 0.898825 
0.05 0.25 0.931675 0.01 0.25 0.931675 0.1 0.25 0.930856 
0.3 0.25 0.927553 0.55 0.25 0.922104 0.8 0.25 0.920067 
1 0.25 0.91848 1.3 0.25 0.916343 1.8 0.25 0.913996 
2.3 0.25 0.912675 2.8 0.25 0.912077 3.1 0.25 0.911974 
3.3 0.25 0.912177 3.55 0.25 0.912554 3.8 0.25 0.913002 
4.3 0.25 0.913552 4.5 0.25 0.914257 4.7 0.25 0.915349 
4.75341 0.25 1 5.7 0.25 0.898083 5.66797 0.25 1 
5.9 0.25 0.898144 6.3 0.25 0.898419 6.7 0.25 0.898096 
6.9 0.25 0.898136 6.95 0.25 0.898119 6.99 0.25 0.898142 
7 0.25 0.898127 0.05 0.5 0.923954 0.01 0.5 0.92394 
0.1 0.5 0.923174 0.3 0.5 0.920968 0.55 0.5 0.919357 
0.8 0.5 0.919504 1 0.5 0.918242 1.3 0.5 0.916427 
1.8 0.5 0.913757 2.3 0.5 0.911737 2.8 0.5 0.910999 
3.1 0.5 0.910662 3.3 0.5 0.910621 3.55 0.5 0.910824 
3.8 0.5 0.911087 4.3 0.5 0.911855 4.5 0.5 0.912905 
4.7 0.5 0.914574 4.75427 0.5 1 5.7 0.5 0.897856 
5.66772 0.5 1 5.9 0.5 0.89787 6.3 0.5 0.898055 
6.7 0.5 0.898088 6.9 0.5 0.898314 6.95 0.5 0.898581 
6.99 0.5 0.898716 7 0.5 0.898685 0.05 0.9 0.918668 
0.01 0.9 0.91865 0.1 0.9 0.918423 0.3 0.9 0.918387 
0.55 0.9 0.919718 0.8 0.9 0.92018 1 0.9 0.919287 
1.3 0.9 0.917244 1.8 0.9 0.913486 2.3 0.9 0.910546 
2.8 0.9 0.909193 3.1 0.9 0.90835 3.3 0.9 0.907879 
3.55 0.9 0.907693 3.8 0.9 0.907605 4.3 0.9 0.908217 
4.5 0.9 0.909506 4.7 0.9 0.911634 4.75858 0.9 1 
5.7 0.9 0.897191 5.66627 0.9 1 5.9 0.9 0.897289 
6.3 0.9 0.897409 6.7 0.9 0.897619 6.9 0.9 0.898035 
6.95 0.9 0.898178 6.99 0.9 0.898371 7 0.9 0.898361 
0.05 1.3 0.919874 0.01 1.3 0.919866 0.1 1.3 0.919871 
0.3 1.3 0.920259 0.55 1.3 0.921314 0.8 1.3 0.921079 
1 1.3 0.919525 1.3 1.3 0.917198 1.8 1.3 0.913151 
2.3 1.3 0.909769 2.8 1.3 0.907573 3.1 1.3 0.905979 
3.3 1.3 0.90488 3.55 1.3 0.903962 3.8 1.3 0.902966 
4.3 1.3 0.902482 4.5 1.3 0.902818 4.7 1.3 0.905347 
4.76462 1.3 1 5.7 1.3 0.895932 5.66515 1.3 1 
5.9 1.3 0.896127 6.3 1.3 0.896766 6.7 1.3 0.897784 
6.9 1.3 0.898431 6.95 1.3 0.898514 6.99 1.3 0.898668 
7 1.3 0.898665 0.05 1.7 0.918501 0.01 1.7 0.918491 
0.1 1.7 0.918511 0.3 1.7 0.918831 0.55 1.7 0.919683 
0.8 1.7 0.919134 1 1.7 0.917723 1.3 1.7 0.915975 
1.8 1.7 0.913026 2.3 1.7 0.91007 2.8 1.7 0.907317 
3.1 1.7 0.904898 3.3 1.7 0.903039 3.55 1.7 0.901195 
3.8 1.7 0.898825 4.3 1.7 0.895637 4.5 1.7 0.892374 
4.7 1.7 0.894192 4.77781 1.7 1 5.7 1.7 0.894099 
5.66222 1.7 1 5.9 1.7 0.89443 6.3 1.7 0.896073 
6.7 1.7 0.897998 6.9 1.7 0.898807 6.95 1.7 0.898807 
6.99 1.7 0.899013 7 1.7 0.899002 0.05 2.1 0.920208 
0.01 2.1 0.920202 0.1 2.1 0.92013 0.3 2.1 0.920144 
0.55 2.1 0.918501 0.8 2.1 0.91817 1 2.1 0.917291 
1.3 2.1 0.915787 1.8 2.1 0.913762 2.3 2.1 0.911724 
2.8 2.1 0.908618 3.1 2.1 0.905483 3.3 2.1 0.903098 
3.55 2.1 0.900574 3.8 2.1 0.897115 4.3 2.1 0.890913 
4.5 2.1 0.882924 4.7 2.1 0.880307 4.80013 2.1 1 
5.7 2.1 0.888669 5.6553 2.1 1 5.9 2.1 0.890565 
6.3 2.1 0.894433 6.7 2.1 0.897203 6.9 2.1 0.897957 
6.95 2.1 0.897993 6.99 2.1 0.898091 7 2.1 0.898075 
0.05 2.5 0.929905 0.01 2.5 0.929866 0.1 2.5 0.929142 
0.3 2.5 0.926787 0.55 2.5 0.918368 0.8 2.5 0.91606 
1 2.5 0.915907 1.3 2.5 0.915421 1.8 2.5 0.915002 
2.3 2.5 0.913376 2.8 2.5 0.909747 3.1 2.5 0.906246 
3.3 2.5 0.903675 3.55 2.5 0.901014 3.8 2.5 0.897398 
4.3 2.5 0.890283 4.5 2.5 0.881927 4.7 2.5 0.878654 
4.80158 2.5 1 5.7 2.5 0.886686 5.65465 2.5 1 
5.9 2.5 0.888783 6.3 2.5 0.892283 6.7 2.5 0.895562 
6.9 2.5 0.896783 6.95 2.5 0.896953 6.99 2.5 0.897091 
7 2.5 0.897073 0.05 2.7 0.89898 0.01 2.7 0.893117 
0.1 2.7 0.906421 0.3 2.7 0.91413 0.55 2.7 0.910679 
0.8 2.7 0.913082 1 2.7 0.914332 1.3 2.7 0.915519 
1.8 2.7 0.916364 2.3 2.7 0.913805 2.8 2.7 0.909557 
3.1 2.7 0.906074 3.3 2.7 0.903723 3.55 2.7 0.901181 
3.8 2.7 0.897847 4.3 2.7 0.891384 4.5 2.7 0.884545 
4.7 2.7 0.881672 4.78834 2.7 1 5.7 2.7 0.888956 
5.66024 2.7 1 5.9 2.7 0.890124 6.3 2.7 0.892226 
6.7 2.7 0.894768 6.9 2.7 0.896127 6.95 2.7 0.896348 
6.99 2.7 0.89651 7 2.7 0.896499 0.05 2.9 0.909398 
0.01 2.9 0.909586 0.1 2.9 0.909027 0.3 2.9 0.908721 
0.55 2.9 0.910913 0.8 2.9 0.913194 1 2.9 0.914502 
1.3 2.9 0.915913 1.8 2.9 0.916122 2.3 2.9 0.912547 
2.8 2.9 0.908208 3.1 2.9 0.904892 3.3 2.9 0.902779 
3.55 2.9 0.900611 3.8 2.9 0.897767 4.3 2.9 0.892147 
4.5 2.9 0.886615 4.7 2.9 0.883055 4.78429 2.9 1 
5.7 2.9 0.890665 5.66202 2.9 1 5.9 2.9 0.891151 
6.3 2.9 0.892821 6.7 2.9 0.894919 6.9 2.9 0.89611 
6.95 2.9 0.896231 6.99 2.9 0.89635 7 2.9 0.896344 
0.05 3.3 0.914779 0.01 3.3 0.915056 0.1 3.3 0.914421 
0.3 3.3 0.913666 0.55 3.3 0.913507 0.8 3.3 0.913791 
1 3.3 0.914256 1.3 3.3 0.914729 1.8 3.3 0.914017 
2.3 3.3 0.911081 2.8 3.3 0.90761 3.1 3.3 0.904816 
3.3 3.3 0.903244 3.55 3.3 0.901726 3.8 3.3 0.899608 
4.3 3.3 0.894922 4.5 3.3 0.891823 4.7 3.3 0.890035 
5.1 3.22745 1 5.1 3.3 0.891169 5.5 3.22788 1 
5.5 3.3 0.89292 5.7 3.3 0.892978 5.9 3.3 0.893491 
6.3 3.3 0.894011 6.7 3.3 0.895144 6.9 3.3 0.896336 
6.95 3.3 0.896557 6.99 3.3 0.896654 7 3.3 0.896645 
0.05 3.5 0.916057 0.01 3.5 0.916337 0.1 3.5 0.915736 
0.3 3.5 0.914993 0.55 3.5 0.914846 0.8 3.5 0.915533 
1 3.5 0.91555 1.3 3.5 0.915031 1.8 3.5 0.913571 
2.3 3.5 0.911523 2.8 3.5 0.908704 3.1 3.5 0.906199 
3.3 3.5 0.904997 3.55 3.5 0.904258 3.8 3.5 0.902426 
4.3 3.5 0.898592 4.5 3.5 0.897628 4.7 3.5 0.896656 
5.1 3.5 0.894377 5.5 3.5 0.892509 5.7 3.5 0.892464 
5.9 3.5 0.894172 6.3 3.5 0.894036 6.7 3.5 0.893916 
6.9 3.5 0.895751 6.95 3.5 0.896392 6.99 3.5 0.896473 
7 3.5 0.896463 0.05 3.7 0.915939 0.01 3.7 0.916183 
0.1 3.7 0.915691 0.3 3.7 0.915244 0.55 3.7 0.915881 
0.8 3.7 0.916511 1 3.7 0.916432 1.3 3.7 0.915843 
1.8 3.7 0.914369 2.3 3.7 0.912476 2.8 3.7 0.910118 
3.1 3.7 0.908307 3.3 3.7 0.908231 3.55 3.7 0.908445 
3.8 3.7 0.906953 4.3 3.7 0.904152 4.5 3.7 0.904381 
4.7 3.7 0.90161 5.1 3.7 0.896268 5.5 3.7 0.892502 
5.7 3.7 0.891049 5.9 3.7 0.891574 6.3 3.7 0.895029 
6.7 3.7 0.891893 6.9 3.7 0.893928 6.95 3.7 0.895399 
6.99 3.7 0.895597 7 3.7 0.895586 0.05 3.9 0.915347 
0.01 3.9 0.915623 0.1 3.9 0.915163 0.3 3.9 0.915256 
0.55 3.9 0.916447 0.8 3.9 0.917226 1 3.9 0.917011 
1.3 3.9 0.916446 1.8 3.9 0.915286 2.3 3.9 0.91331 
2.8 3.9 0.911548 3.1 3.9 0.910515 3.3 3.9 0.911193 
3.55 3.9 0.911395 3.8 3.9 0.910035 4.3 3.9 0.908156 
4.5 3.9 0.907317 4.7 3.9 0.902012 5.1 3.9 0.895488 
5.5 3.9 0.898525 5.7 3.9 0.890564 5.9 3.9 0.887181 
6.3 3.9 0.897062 6.7 3.9 0.892064 6.9 3.9 0.892679 
6.95 3.9 0.893463 6.99 3.9 0.893374 7 3.9 0.893364 
0.05 4.1 0.916285 0.01 4.1 0.916254 0.1 4.1 0.916036 
0.3 4.1 0.915548 0.55 4.1 0.917246 0.8 4.1 0.918311 
1 4.1 0.917375 1.3 4.1 0.916964 1.8 4.1 0.916105 
2.3 4.1 0.914223 2.8 4.1 0.912764 3.1 4.1 0.912497 
3.3 4.1 0.913536 3.55 4.1 0.913198 3.8 4.1 0.912119 
4.3 4.1 0.910895 4.5 4.1 0.907038 4.7 4.1 0.899616 
5.1 4.1 0.897322 5.5 4.1 0.912541 5.7 4.1 0.90505 
5.9 4.1 0.901837 6.3 4.1 0.909418 6.7 4.1 0.897845 
6.9 4.1 0.890327 6.95 4.1 0.890825 6.99 4.1 0.89101 
7 4.1 0.890977 0.05 4.3 0.919194 0.01 4.3 0.919172 
0.1 4.3 0.918814 0.3 4.3 0.918168 0.55 4.3 0.917811 
0.8 4.3 0.918899 1 4.3 0.917289 1.3 4.3 0.917326 
1.8 4.3 0.916661 2.3 4.3 0.915073 2.8 4.3 0.913679 
3.1 4.3 0.914313 3.3 4.3 0.915306 3.55 4.3 0.913954 
3.8 4.3 0.9133 4.3 4.3 0.912973 4.5 4.3 0.907491 
4.7 4.3 0.901571 5.1 4.3 0.909833 5.5 4.3 0.928833 
5.7 4.3 0.922086 5.9 4.3 0.917358 6.3 4.3 0.918797 
6.7 4.3 0.903195 6.9 4.3 0.888333 6.95 4.3 0.891174 
6.99 4.3 0.891538 7 4.3 0.891502 0.05 4.5 0.903648 
0.01 4.5 0.896614 0.1 4.5 0.914396 0.3 4.5 0.922195 
0.55 4.5 0.916937 0.8 4.5 0.919289 1 4.5 0.918417 
1.3 4.5 0.917711 1.8 4.5 0.916777 2.3 4.5 0.915807 
2.8 4.5 0.91382 3.1 4.5 0.915879 3.3 4.5 0.916164 
3.55 4.5 0.914007 3.8 4.5 0.913125 4.3 4.5 0.914238 
4.5 4.5 0.915578 4.7 4.5 0.913786 5.1 4.5 0.920146 
5.5 4.5 0.935781 5.7 4.5 0.923028 5.9 4.5 0.916483 
6.3 4.5 0.91186 6.7 4.5 0.899497 6.9 4.5 0.892307 
6.95 4.5 0.894615 6.99 4.5 0.895067 7 4.5 0.895056 
0.05 4.7 0.924724 0.01 4.7 0.924692 0.1 4.7 0.924302 
0.3 4.7 0.923197 0.55 4.7 0.91805 0.8 4.7 0.91873 
1 4.7 0.9205 1.3 4.7 0.918174 1.8 4.7 0.917007 
2.3 4.7 0.915912 2.8 4.7 0.912861 3.1 4.7 0.917044 
3.3 4.7 0.91759 3.55 4.7 0.914566 3.8 4.7 0.913361 
4.3 4.7 0.915066 4.5 4.7 0.920484 4.7 4.7 0.923177 
5.1 4.7 0.927038 5.5 4.7 0.932463 5.7 4.7 0.920512 
5.9 4.7 0.913648 6.3 4.7 0.90478 6.7 4.7 0.898639 
6.9 4.7 0.902469 6.95 4.7 0.906052 6.99 4.7 0.906543 
7 4.7 0.906541 0.05 4.9 0.921966 0.01 4.9 0.921957 
0.1 4.9 0.921868 0.3 4.9 0.921451 0.55 4.9 0.91904 
0.8 4.9 0.917866 1 4.9 0.92327 1.3 4.9 0.918818 
1.8 4.9 0.917058 2.3 4.9 0.915275 2.8 4.9 0.912671 
3.1 4.9 0.918287 3.3 4.9 0.919155 3.55 4.9 0.91557 
3.8 4.9 0.915129 4.3 4.9 0.91676 4.5 4.9 0.92262 
4.7 4.9 0.926913 5.1 4.9 0.932598 5.5 4.9 0.933343 
5.7 4.9 0.922772 5.9 4.9 0.915556 6.3 4.9 0.90741 
6.7 4.9 0.903084 6.9 4.9 0.908731 6.95 4.9 0.912604 
6.99 4.9 0.913436 7 4.9 0.913543 0.05 4.95 0.921803 
0.01 4.95 0.921788 0.1 4.95 0.921481 0.3 4.95 0.92116 
0.55 4.95 0.921041 0.8 4.95 0.918482 1 4.95 0.915614 
1.3 4.95 0.918066 1.8 4.95 0.916541 2.3 4.95 0.91625 
2.8 4.95 0.913818 3.1 4.95 0.917976 3.3 4.95 0.91377 
3.55 4.95 0.915568 3.8 4.95 0.915677 4.3 4.95 0.917345 
4.5 4.95 0.92316 4.7 4.95 0.927465 5.1 4.95 0.933989 
5.5 4.95 0.937152 5.7 4.95 0.925448 5.9 4.95 0.91726 
6.3 4.95 0.908697 6.7 4.95 0.903811 6.9 4.95 0.908682 
6.95 4.95 0.912816 6.99 4.95 0.914352 7 4.95 0.915429 
0.05 4.99 0.921713 0.01 4.99 0.921744 0.1 4.99 0.921366 
0.3 4.99 0.92136 0.55 4.99 0.921533 0.8 4.99 0.919717 
1 4.99 0.90675 1.3 4.99 0.917876 1.8 4.99 0.916241 
2.3 4.99 0.916593 2.8 4.99 0.91456 3.1 4.99 0.91869 
3.3 4.99 0.905864 3.55 4.99 0.915709 3.8 4.99 0.91588 
4.3 4.99 0.917598 4.5 4.99 0.923404 4.7 4.99 0.927687 
5.1 4.99 0.934304 5.5 4.99 0.937886 5.7 4.99 0.926003 
5.9 4.99 0.917557 6.3 4.99 0.908903 6.7 4.99 0.904074 
6.9 4.99 0.908697 6.95 4.99 0.912429 6.99 4.99 0.913951 
7 4.99 0.91407 0.05 5 0.921773 0.01 5 0.921847 
0.1 5 0.921423 0.3 5 0.921432 0.55 5 0.921571 
0.8 5 0.919903 1 5 0.899816 1.3 5 0.918076 
1.8 5 0.9163 2.3 5 0.916632 2.8 5 0.914802 
3.1 5 0.919476 3.3 5 0.89876 3.55 5 0.915709 
3.8 5 0.9159 4.3 5 0.91762 4.5 5 0.92343 
4.7 5 0.92772 5.1 5 0.934355 5.5 5 0.938168 
5.7 5 0.926077 5.9 5 0.917627 6.3 5 0.908934 
6.7 5 0.904081 6.9 5 0.908771 6.95 5 0.912652 
6.99 5 0.914226 7 5 0.914212 5.1 0.01 1.13211 
5.1 0.05 1.13207 5.5 0.01 1.13004 5.5 0.05 1.12999 
5.1 0.1 1.13172 5.5 0.1 1.12968 5.1 0.25 1.13112 
5.5 0.25 1.12943 5.1 0.5 1.13013 5.5 0.5 1.12907 
5.1 0.9 1.12638 5.5 0.9 1.12606 5.1 1.3 1.12099 
5.5 1.3 1.12161 5.1 1.7 1.10608 5.5 1.7 1.10862 
5.1 2.1 1.07265 5.5 2.1 1.07494 5.1 2.5 1.07778 
5.5 2.5 1.07763 5.1 2.7 1.10577 5.5 2.7 1.10632 
5.1 2.9 1.11367 5.5 2.9 1.11473 5.1 0.05 2.19958 
5.1 0.01 2.19953 5.09906 0.01 2.2 5.09912 0.05 2.2 
5.5 0.01 2.19952 5.5 0.05 2.19957 5.50051 0.05 2.2 
5.50055 0.01 2.2 5.1 0.1 2.19976 5.09949 0.1 2.2 
5.5 0.1 2.19975 5.5003 0.1 2.2 5.1 0.166671 2.2 
5.5 0.166671 2.2 5.05197 0.01 2.4 5.05221 0.05 2.4 
5.52886 0.01 2.4 5.52876 0.05 2.4 5.05286 0.1 2.4 
5.52846 0.1 2.4 5.1 0.25 2.20272 5.05487 0.25 2.4 
5.5 0.25 2.20272 5.52757 0.25 2.4 5.1 0.5 2.25346 
5.05806 0.5 2.4 5.5 0.5 2.25346 5.52582 0.5 2.4 
5.1 0.9 2.26892 5.0626 0.9 2.4 5.5 0.9 2.26892 
5.52278 0.9 2.4 5.1 1.3 2.38775 5.09542 1.3 2.4 
5.5 1.3 2.38775 5.50277 1.3 2.4 5.1 1.32353 2.4 
5.5 1.32353 2.4 5.03175 0.01 2.45 5.0326 0.05 2.45 
5.54215 0.01 2.45 5.5417 0.05 2.45 5.0339 0.1 2.45 
5.54117 0.1 2.45 5.03676 0.25 2.45 5.54004 0.25 2.45 
5.03991 0.5 2.45 5.5383 0.5 2.45 5.04251 0.9 2.45 
5.5359 0.9 2.45 5.07493 1.3 2.45 5.51566 1.3 2.45 
5.1 1.46543 2.45 5.5 1.46543 2.45 5.7 2.1 2.44658 
5.7 2.06874 2.45 5.66447 2.1 2.45 5.72132 2.1 2.45 
5.7 2.13704 2.45 5.1 2.9 2.42964 5.1 2.8461 2.45 
5.08905 2.9 2.45 5.5 2.9 2.42964 5.5 2.8461 2.45 
5.5087 2.9 2.45 5.1 2.91137 2.45 5.5 2.91226 2.45 
5.02599 0.01 2.49 5.02769 0.05 2.49 5.54651 0.01 2.49 
5.54534 0.05 2.49 5.02934 0.1 2.49 5.54465 0.1 2.49 
5.03232 0.25 2.49 5.54348 0.25 2.49 5.03506 0.5 2.49 
5.54192 0.5 2.49 5.03687 0.9 2.49 5.53995 0.9 2.49 
5.06876 1.3 2.49 5.51998 1.3 2.49 5.1 1.49367 2.49 
5.5 1.49367 2.49 5.7 1.95705 2.49 5.58087 2.1 2.49 
5.79966 2.1 2.49 5.7 2.26561 2.49 5.1 2.83005 2.49 
5.08563 2.9 2.49 5.5 2.83005 2.49 5.5123 2.9 2.49 
5.1 2.91505 2.49 5.5 2.91644 2.49 5.02867 0.01 2.5 
5.02876 0.05 2.5 5.5448 0.01 2.5 5.54495 0.05 2.5 
5.03041 0.1 2.5 5.54395 0.1 2.5 5.03354 0.25 2.5 
5.54283 0.25 2.5 5.03554 0.5 2.5 5.54123 0.5 2.5 
5.0368 0.9 2.5 5.53969 0.9 2.5 5.06779 1.3 2.5 
5.52059 1.3 2.5 5.1 1.4997 2.5 5.5 1.4997 2.5 
5.7 1.91891 2.5 5.56488 2.1 2.5 5.82412 2.1 2.5 
5.7 2.30787 2.5 5.1 2.82664 2.5 5.08532 2.9 2.5 
5.5 2.82664 2.5 5.51303 2.9 2.5 5.1 2.91538 2.5 
5.5 2.9169 2.5 4.7 0.01 0.915592 4.7 0.05 0.915574 
5.7 0.01 0.898316 5.7 0.05 0.898302 4.7 0.1 0.915453 
5.7 0.1 0.898254 4.7 0.25 0.915349 5.7 0.25 0.898083 
4.7 0.5 0.914574 5.7 0.5 0.897856 4.7 0.9 0.911634 
5.7 0.9 0.897191 4.7 1.3 0.905347 5.7 1.3 0.895932 
4.7 1.7 0.894192 5.7 1.7 0.894099 4.7 2.1 0.880307 
5.7 2.1 0.888669 4.7 2.5 0.878654 5.7 2.5 0.886686 
4.7 2.7 0.881672 5.7 2.7 0.888956 4.7 2.9 0.883055 
5.7 2.9 0.890665 5.1 3.3 0.891169 5.5 3.3 0.89292 
5.5 3.22788 1 5.5 3.3 0.89292 5.09906 0.01 2.2 
5.09912 0.05 2.2 5.09949 0.1 2.2 5.1 0.166671 2.2 
5.1 0.25 2.20272 5.5 0.166671 2.2 5.5 0.25 2.20272 
5.1 0.5 2.25346 5.5 0.5 2.25346 5.1 0.9 2.26892 
5.5 0.9 2.26892 5.1 1.3 2.38775 5.5 1.3 2.38775 
5.1 1.32353 2.4 5.5 1.32353 2.4 5.1 1.46543 2.45 
5.5 1.46543 2.45 5.1 2.9 2.42964 5.1 2.8461 2.45 
5.5 2.8461 2.45 5.5 2.9 2.42964 5.1 2.9 2.42964 
5.08905 2.9 2.45 5.5 2.9 2.42964 5.5 2.91226 2.45 
5.1 1.49367 2.49 5.5 1.49367 2.49 5.7 1.95705 2.49 
5.7 2.06874 2.45 5.7 2.26561 2.49 5.5 2.8461 2.45 
5.1 2.8461 2.45 5.1 2.83005 2.49 5.5 2.83005 2.49 
5.08563 2.9 2.49 5.1 2.91137 2.45 5.1 2.91505 2.49 
5.5123 2.9 2.49 5.5 2.91644 2.49 5.1 1.4997 2.5 
5.5 1.4997 2.5 5.1 2.82664 2.5 5.5 2.82664 2.5 
5.08532 2.9 2.5 5.1 2.91538 2.5 5.51303 2.9 2.5 
5.5 2.9169 2.5 6.99 4.3 0.499958 6.98435 4.3 0.5 
6.99 4.29852 0.5 7 4.29188 0.5 7 4.3 0.499764 
6.9 4.5 0.496579 6.86062 4.5 0.5 6.9 4.44097 0.5 
6.95 4.30615 0.5 6.95 4.5 0.490927 6.99 4.5 0.492204 
7 4.5 0.49176 6.9 4.53511 0.5 6.95 4.53757 0.5 
6.99 4.53206 0.5 7 4.5322 0.5 0.05 0.01 0.59881 
0.05 0.05 0.598856 0.01 0.01 0.598888 0.01 0.05 0.598918 
0.1 0.01 0.597548 0.1 0.05 0.597503 0.3 0.01 0.59554 
0.3 0.05 0.595548 0.55 0.01 0.588617 0.55 0.05 0.588618 
0.8 0.01 0.585916 0.8 0.05 0.585927 1 0.01 0.585674 
1 0.05 0.585686 1.3 0.01 0.584614 1.3 0.05 0.584624 
1.8 0.01 0.583543 1.8 0.05 0.583552 2.3 0.01 0.583129 
2.3 0.05 0.583131 2.8 0.01 0.583572 2.8 0.05 0.583571 
3.1 0.01 0.584529 3.1 0.05 0.584526 3.3 0.01 0.585335 
3.3 0.05 0.585333 3.55 0.01 0.586077 3.55 0.05 0.586075 
3.8 0.01 0.586983 3.8 0.05 0.586981 4.3 0.01 0.588419 
4.3 0.05 0.588415 4.5 0.01 0.589483 4.5 0.05 0.589472 
4.7 0.01 0.590067 4.7 0.05 0.590055 4.8199 0.05 0.75 
4.81987 0.01 0.75 5.7 0.05 0.556104 5.63692 0.01 0.75 
5.7 0.01 0.556098 5.63692 0.05 0.75 5.9 0.01 0.555744 
5.9 0.05 0.555745 6.3 0.01 0.555193 6.3 0.05 0.555202 
6.7 0.01 0.554629 6.7 0.05 0.554633 6.9 0.01 0.553659 
6.9 0.05 0.553616 6.95 0.01 0.553575 6.95 0.05 0.55357 
6.99 0.01 0.553447 6.99 0.05 0.553439 7 0.01 0.55348 
7 0.05 0.553486 0.05 0.1 0.598614 0.01 0.1 0.598583 
0.1 0.1 0.597427 0.3 0.1 0.594325 0.55 0.1 0.588169 
0.8 0.1 0.585978 1 0.1 0.585532 1.3 0.1 0.584462 
1.8 0.1 0.583358 2.3 0.1 0.58284 2.8 0.1 0.583243 
3.1 0.1 0.584184 3.3 0.1 0.585005 3.55 0.1 0.585776 
3.8 0.1 0.586726 4.3 0.1 0.588233 4.5 0.1 0.589363 
4.7 0.1 0.589897 4.82017 0.1 0.75 5.7 0.1 0.556038 
5.63684 0.1 0.75 5.9 0.1 0.555704 6.3 0.1 0.555112 
6.7 0.1 0.554546 6.9 0.1 0.553434 6.95 0.1 0.553506 
6.99 0.1 0.5535 7 0.1 0.553608 0.05 0.25 0.595775 
0.01 0.25 0.595782 0.1 0.25 0.59456 0.3 0.25 0.591932 
0.55 0.25 0.587818 0.8 0.25 0.586375 1 0.25 0.585328 
1.3 0.25 0.584215 1.8 0.25 0.583052 2.3 0.25 0.582445 
2.8 0.25 0.582801 3.1 0.25 0.583691 3.3 0.25 0.584485 
3.55 0.25 0.585278 3.8 0.25 0.58625 4.3 0.25 0.587883 
4.5 0.25 0.589077 4.7 0.25 0.589596 4.82083 0.25 0.75 
5.7 0.25 0.556064 5.63662 0.25 0.75 5.9 0.25 0.555716 
6.3 0.25 0.555108 6.7 0.25 0.554361 6.9 0.25 0.553674 
6.95 0.25 0.553581 6.99 0.25 0.553619 7 0.25 0.553605 
0.05 0.5 0.593529 0.01 0.5 0.593536 0.1 0.5 0.593032 
0.3 0.5 0.590868 0.55 0.5 0.588853 0.8 0.5 0.586845 
1 0.5 0.58506 1.3 0.5 0.583672 1.8 0.5 0.582277 
2.3 0.5 0.581631 2.8 0.5 0.581968 3.1 0.5 0.582754 
3.3 0.5 0.583448 3.55 0.5 0.584183 3.8 0.5 0.585066 
4.3 0.5 0.586787 4.5 0.5 0.588117 4.7 0.5 0.588778 
4.81873 0.5 0.75 5.7 0.5 0.55589 5.63776 0.5 0.75 
5.9 0.5 0.555492 6.3 0.5 0.554766 6.7 0.5 0.553894 
6.9 0.5 0.55364 6.95 0.5 0.55367 6.99 0.5 0.553704 
7 0.5 0.553686 0.05 0.9 0.59321 0.01 0.9 0.593222 
0.1 0.9 0.592975 0.3 0.9 0.591927 0.55 0.9 0.589684 
0.8 0.9 0.586558 1 0.9 0.584195 1.3 0.9 0.582477 
1.8 0.9 0.580929 2.3 0.9 0.580143 2.8 0.9 0.580472 
3.1 0.9 0.581315 3.3 0.9 0.581977 3.55 0.9 0.58264 
3.8 0.9 0.583412 4.3 0.9 0.585015 4.5 0.9 0.586343 
4.7 0.9 0.587131 4.82515 0.9 0.75 5.7 0.9 0.554932 
5.63468 0.9 0.75 5.9 0.9 0.554383 6.3 0.9 0.553474 
6.7 0.9 0.552519 6.9 0.9 0.552097 6.95 0.9 0.552156 
6.99 0.9 0.552191 7 0.9 0.55218 0.05 1.3 0.591343 
0.01 1.3 0.59134 0.1 1.3 0.591249 0.3 1.3 0.590499 
0.55 1.3 0.587815 0.8 1.3 0.584415 1 1.3 0.58194 
1.3 1.3 0.580676 1.8 1.3 0.579428 2.3 1.3 0.578365 
2.8 1.3 0.578563 3.1 1.3 0.57928 3.3 1.3 0.579867 
3.55 1.3 0.580415 3.8 1.3 0.581026 4.3 1.3 0.582419 
4.5 1.3 0.583717 4.7 1.3 0.584805 4.83087 1.3 0.75 
5.7 1.3 0.552191 5.63225 1.3 0.75 5.9 1.3 0.551702 
6.3 1.3 0.551027 6.7 1.3 0.550206 6.9 1.3 0.549618 
6.95 1.3 0.549601 6.99 1.3 0.549662 7 1.3 0.549654 
0.05 1.7 0.588717 0.01 1.7 0.588714 0.1 1.7 0.588679 
0.3 1.7 0.588132 0.55 1.7 0.585648 0.8 1.7 0.582766 
1 1.7 0.58094 1.3 1.7 0.580099 1.8 1.7 0.578455 
2.3 1.7 0.577074 2.8 1.7 0.577131 3.1 1.7 0.577575 
3.3 1.7 0.577921 3.55 1.7 0.578285 3.8 1.7 0.578754 
4.3 1.7 0.579613 4.5 1.7 0.580628 4.7 1.7 0.581792 
4.84397 1.7 0.75 5.7 1.7 0.54904 5.62671 1.7 0.75 
5.9 1.7 0.548802 6.3 1.7 0.548376 6.7 1.7 0.547764 
6.9 1.7 0.547273 6.95 1.7 0.547279 6.99 1.7 0.547423 
7 1.7 0.547413 0.05 2.1 0.590546 0.01 2.1 0.59054 
0.1 2.1 0.590561 0.3 2.1 0.589042 0.55 2.1 0.585384 
0.8 2.1 0.582822 1 2.1 0.581217 1.3 2.1 0.580072 
1.8 2.1 0.577549 2.3 2.1 0.576104 2.8 2.1 0.575891 
3.1 2.1 0.576037 3.3 2.1 0.576101 3.55 2.1 0.57624 
3.8 2.1 0.576462 4.3 2.1 0.576941 4.5 2.1 0.577696 
4.7 2.1 0.578821 4.86601 2.1 0.75 5.7 2.1 0.545293 
5.61652 2.1 0.75 5.9 2.1 0.545187 6.3 2.1 0.54492 
6.7 2.1 0.544409 6.9 2.1 0.544159 6.95 2.1 0.544164 
6.99 2.1 0.544339 7 2.1 0.544329 0.05 2.5 0.594742 
0.01 2.5 0.59473 0.1 2.5 0.593331 0.3 2.5 0.589715 
0.55 2.5 0.583652 0.8 2.5 0.582311 1 2.5 0.580697 
1.3 2.5 0.577587 1.8 2.5 0.575251 2.3 2.5 0.5753 
2.8 2.5 0.575541 3.1 2.5 0.575089 3.3 2.5 0.57473 
3.55 2.5 0.574353 3.8 2.5 0.574053 4.3 2.5 0.574133 
4.5 2.5 0.574956 4.7 2.5 0.576707 4.86651 2.5 0.75 
5.7 2.5 0.542043 5.61608 2.5 0.75 5.9 2.5 0.541614 
6.3 2.5 0.540875 6.7 2.5 0.540721 6.9 2.5 0.541639 
6.95 2.5 0.542004 6.99 2.5 0.542285 7 2.5 0.542274 
0.05 2.7 0.578693 0.01 2.7 0.579264 0.1 2.7 0.575629 
0.3 2.7 0.57256 0.55 2.7 0.569074 0.8 2.7 0.572566 
1 2.7 0.57321 1.3 2.7 0.57405 1.8 2.7 0.575287 
2.3 2.7 0.575635 2.8 2.7 0.575763 3.1 2.7 0.574541 
3.3 2.7 0.573934 3.55 2.7 0.573167 3.8 2.7 0.572567 
4.3 2.7 0.571639 4.5 2.7 0.571617 4.7 2.7 0.573679 
4.84903 2.7 0.75 5.7 2.7 0.541174 5.62497 2.7 0.75 
5.9 2.7 0.53973 6.3 2.7 0.537859 6.7 2.7 0.539001 
6.9 2.7 0.542299 6.95 2.7 0.543118 6.99 2.7 0.543454 
7 2.7 0.543444 0.05 2.9 0.565684 0.01 2.9 0.565834 
0.1 2.9 0.565462 0.3 2.9 0.565441 0.55 2.9 0.571495 
0.8 2.9 0.57411 1 2.9 0.575453 1.3 2.9 0.576612 
1.8 2.9 0.576336 2.3 2.9 0.575298 2.8 2.9 0.574755 
3.1 2.9 0.572732 3.3 2.9 0.572177 3.55 2.9 0.571712 
3.8 2.9 0.571533 4.3 2.9 0.569758 4.5 2.9 0.568263 
4.7 2.9 0.569409 4.8455 2.9 0.75 5.7 2.9 0.541484 
5.62702 2.9 0.75 5.9 2.9 0.539092 6.3 2.9 0.536696 
6.7 2.9 0.539152 6.9 2.9 0.544523 6.95 2.9 0.545531 
6.99 2.9 0.545964 7 2.9 0.545959 0.05 3.3 0.571505 
0.01 3.3 0.571535 0.1 3.3 0.571398 0.3 3.3 0.570995 
0.55 3.3 0.571416 0.8 3.3 0.571922 1 3.3 0.573513 
1.3 3.3 0.574761 1.8 3.3 0.575079 2.3 3.3 0.57442 
2.8 3.3 0.572751 3.1 3.3 0.56826 3.3 3.3 0.567226 
3.55 3.3 0.567488 3.8 3.3 0.568402 4.3 3.3 0.566338 
4.5 3.3 0.560499 4.7 3.3 0.552247 5.1 3.15109 0.75 
5.1 3.3 0.532441 5.5 3.15237 0.75 5.5 3.3 0.531645 
5.7 3.3 0.535431 5.9 3.3 0.535039 6.3 3.3 0.535911 
6.7 3.3 0.539884 6.9 3.3 0.54663 6.95 3.3 0.548207 
6.99 3.3 0.548915 7 3.3 0.548932 0.05 3.5 0.570878 
0.01 3.5 0.570912 0.1 3.5 0.570676 0.3 3.5 0.570257 
0.55 3.5 0.57242 0.8 3.5 0.576609 1 3.5 0.576714 
1.3 3.5 0.575491 1.8 3.5 0.573634 2.3 3.5 0.574097 
2.8 3.5 0.571128 3.1 3.5 0.563582 3.3 3.5 0.561972 
3.55 3.5 0.562146 3.8 3.5 0.563047 4.3 3.5 0.561342 
4.5 3.5 0.555318 4.7 3.5 0.547785 5.1 3.5 0.534255 
5.5 3.5 0.530983 5.7 3.5 0.532888 5.9 3.5 0.53408 
6.3 3.5 0.53513 6.7 3.5 0.536053 6.9 3.5 0.543919 
6.95 3.5 0.546206 6.99 3.5 0.547443 7 3.5 0.547478 
0.05 3.7 0.571413 0.01 3.7 0.571456 0.1 3.7 0.5711 
0.3 3.7 0.57023 0.55 3.7 0.571756 0.8 3.7 0.57471 
1 3.7 0.57478 1.3 3.7 0.57334 1.8 3.7 0.57174 
2.3 3.7 0.57334 2.8 3.7 0.568393 3.1 3.7 0.559869 
3.3 3.7 0.558239 3.55 3.7 0.558173 3.8 3.7 0.559071 
4.3 3.7 0.555999 4.5 3.7 0.548051 4.7 3.7 0.540744 
5.1 3.7 0.533588 5.5 3.7 0.531972 5.7 3.7 0.532082 
5.9 3.7 0.533945 6.3 3.7 0.535643 6.7 3.7 0.528812 
6.9 3.7 0.535927 6.95 3.7 0.538117 6.99 3.7 0.539325 
7 3.7 0.539353 0.05 3.9 0.571105 0.01 3.9 0.571162 
0.1 3.9 0.57083 0.3 3.9 0.570282 0.55 3.9 0.571318 
0.8 3.9 0.572052 1 3.9 0.571486 1.3 3.9 0.569911 
1.8 3.9 0.568983 2.3 3.9 0.571641 2.8 3.9 0.565203 
3.1 3.9 0.556578 3.3 3.9 0.555199 3.55 3.9 0.555247 
3.8 3.9 0.555948 4.3 3.9 0.552162 4.5 3.9 0.544522 
4.7 3.9 0.539135 5.1 3.9 0.53654 5.5 3.9 0.535375 
5.7 3.9 0.529888 5.9 3.9 0.535218 6.3 3.9 0.545271 
6.7 3.9 0.529829 6.9 3.9 0.519264 6.95 3.9 0.511432 
6.99 3.9 0.511084 7 3.9 0.51098 0.05 4.1 0.569236 
0.01 4.1 0.569317 0.1 4.1 0.569084 0.3 4.1 0.568718 
0.55 4.1 0.569183 0.8 4.1 0.569633 1 4.1 0.567787 
1.3 4.1 0.566029 1.8 4.1 0.565831 2.3 4.1 0.569401 
2.8 4.1 0.562137 3.1 4.1 0.554222 3.3 4.1 0.55305 
3.55 4.1 0.553208 3.8 4.1 0.553795 4.3 4.1 0.551223 
4.5 4.1 0.544954 4.7 4.1 0.541504 5.1 4.1 0.541808 
5.5 4.1 0.55031 5.7 4.1 0.538139 5.9 4.1 0.542856 
6.3 4.1 0.554693 6.7 4.1 0.537439 6.9 4.1 0.50357 
6.95 4.1 0.505384 6.99 4.1 0.505203 7 4.1 0.505072 
0.05 4.3 0.561377 0.01 4.3 0.56145 0.1 4.3 0.561188 
0.3 4.3 0.561632 0.55 4.3 0.56409 0.8 4.3 0.565226 
1 4.3 0.562925 1.3 4.3 0.561906 1.8 4.3 0.562995 
2.3 4.3 0.566699 2.8 4.3 0.559849 3.1 4.3 0.552678 
3.3 4.3 0.551344 3.55 4.3 0.551463 3.8 4.3 0.551986 
4.3 4.3 0.551106 4.5 4.3 0.546553 4.7 4.3 0.544234 
5.1 4.3 0.545911 5.5 4.3 0.557761 5.7 4.3 0.550293 
5.9 4.3 0.546255 6.3 4.3 0.552456 6.7 4.3 0.542944 
6.9 4.3 0.509427 6.95 4.3 0.500238 0.05 4.5 0.571673 
0.01 4.5 0.571307 0.1 4.5 0.566858 0.3 4.5 0.557275 
0.55 4.5 0.562739 0.8 4.5 0.562467 1 4.5 0.557036 
1.3 4.5 0.558257 1.8 4.5 0.560846 2.3 4.5 0.564082 
2.8 4.5 0.559104 3.1 4.5 0.551441 3.3 4.5 0.549285 
3.55 4.5 0.549899 3.8 4.5 0.550505 4.3 4.5 0.551352 
4.5 4.5 0.550541 4.7 4.5 0.549993 5.1 4.5 0.552348 
5.5 4.5 0.54852 5.7 4.5 0.521532 5.9 4.5 0.520481 
6.3 4.5 0.523326 6.7 4.5 0.516292 0.05 4.7 0.581488 
0.01 4.7 0.581496 0.1 4.7 0.580036 0.3 4.7 0.574638 
0.55 4.7 0.576185 0.8 4.7 0.562408 1 4.7 0.551936 
1.3 4.7 0.556143 1.8 4.7 0.560321 2.3 4.7 0.562429 
2.8 4.7 0.558755 3.1 4.7 0.545841 3.3 4.7 0.54577 
3.55 4.7 0.549175 3.8 4.7 0.549939 4.3 4.7 0.552221 
4.5 4.7 0.55284 4.7 4.7 0.553261 5.1 4.7 0.553841 
5.5 4.7 0.546914 5.7 4.7 0.522245 5.9 4.7 0.517257 
6.3 4.7 0.512439 6.7 4.7 0.511303 6.9 4.7 0.518855 
6.95 4.7 0.530328 6.99 4.7 0.531473 7 4.7 0.531462 
0.05 4.9 0.582977 0.01 4.9 0.582978 0.1 4.9 0.582885 
0.3 4.9 0.582711 0.55 4.9 0.588713 0.8 4.9 0.563313 
1 4.9 0.547712 1.3 4.9 0.555734 1.8 4.9 0.560942 
2.3 4.9 0.562216 2.8 4.9 0.554908 3.1 4.9 0.536002 
3.3 4.9 0.542328 3.55 4.9 0.549755 3.8 4.9 0.551309 
4.3 4.9 0.554158 4.5 4.9 0.555818 4.7 4.9 0.556051 
5.1 4.9 0.556178 5.5 4.9 0.550182 5.7 4.9 0.532825 
5.9 4.9 0.523568 6.3 4.9 0.515656 6.7 4.9 0.517532 
6.9 4.9 0.531027 6.95 4.9 0.538102 6.99 4.9 0.539836 
7 4.9 0.539928 0.05 4.95 0.583012 0.01 4.95 0.583031 
0.1 4.95 0.582633 0.3 4.95 0.586702 0.55 4.95 0.587365 
0.8 4.95 0.571823 1 4.95 0.555351 1.3 4.95 0.5557 
1.8 4.95 0.561713 2.3 4.95 0.564011 2.8 4.95 0.555529 
3.1 4.95 0.540802 3.3 4.95 0.544546 3.55 4.95 0.5518 
3.8 4.95 0.552787 4.3 4.95 0.55543 4.5 4.95 0.556868 
4.7 4.95 0.556924 5.1 4.95 0.556928 5.5 4.95 0.551461 
5.7 4.95 0.535456 5.9 4.95 0.525272 6.3 4.95 0.516775 
6.7 4.95 0.519278 6.9 4.95 0.532673 6.95 4.95 0.535863 
6.99 4.95 0.53776 7 4.95 0.537842 0.05 4.99 0.582919 
0.01 4.99 0.583034 0.1 4.99 0.582635 0.3 4.99 0.587641 
0.55 4.99 0.587137 0.8 4.99 0.576643 1 4.99 0.560677 
1.3 4.99 0.555647 1.8 4.99 0.562005 2.3 4.99 0.564256 
2.8 4.99 0.555893 3.1 4.99 0.545648 3.3 4.99 0.546929 
3.55 4.99 0.552138 3.8 4.99 0.552783 4.3 4.99 0.5556 
4.5 4.99 0.557153 4.7 4.99 0.557288 5.1 4.99 0.557361 
5.5 4.99 0.551793 5.7 4.99 0.536165 5.9 4.99 0.525789 
6.3 4.99 0.517213 6.7 4.99 0.519822 6.9 4.99 0.533331 
6.95 4.99 0.536528 6.99 4.99 0.537875 7 4.99 0.537859 
0.05 5 0.583075 0.01 5 0.583236 0.1 5 0.582786 
0.3 5 0.587676 0.55 5 0.587186 0.8 5 0.577108 
1 5 0.561508 1.3 5 0.555678 1.8 5 0.562024 
2.3 5 0.564283 2.8 5 0.555997 3.1 5 0.546646 
3.3 5 0.547548 3.55 5 0.552173 3.8 5 0.552814 
4.3 5 0.555635 4.5 5 0.55719 4.7 5 0.557329 
5.1 5 0.557405 5.5 5 0.551879 5.7 5 0.536232 
5.9 5 0.525839 6.3 5 0.517251 6.7 5 0.519837 
6.9 5 0.533331 6.95 5 0.536652 6.99 5 0.538164 
7 5 0.538083 4.97209 0.01 1 4.97213 0.05 1 
5.56204 0.01 1 5.56202 0.05 1 4.97238 0.1 1 
5.56189 0.1 1 4.9732 0.25 1 5.56145 0.25 1 
4.97555 0.5 1 5.56037 0.5 1 4.98846 0.9 1 
5.55432 0.9 1 4.99823 1.3 1 5.55012 1.3 1 
5.02201 1.7 1 5.53927 1.7 1 5.06297 2.1 1 
5.51918 2.1 1 5.06315 2.5 1 5.5191 2.5 1 
5.02728 2.7 1 5.53739 2.7 1 5.01871 2.9 1 
5.54172 2.9 1 5.1 2.98431 1 5.5 2.98442 1 
5.1 0.01 1.04874 5.1 0.05 1.04871 5.5 0.01 1.04797 
5.5 0.05 1.04794 5.1 0.1 1.04849 5.5 0.1 1.04774 
5.1 0.25 1.04797 5.5 0.25 1.04735 5.1 0.5 1.04684 
5.5 0.5 1.04646 5.1 0.9 1.04129 5.5 0.9 1.04119 
5.1 1.3 1.03671 5.5 1.3 1.0369 5.1 1.7 1.02568 
5.5 1.7 1.02629 5.1 2.1 1.00897 5.5 2.1 1.00925 
5.1 2.5 1.0096 5.5 2.5 1.00959 5.1 2.7 1.02468 
5.5 2.7 1.02481 5.1 2.9 1.02927 5.5 2.9 1.02954 
4.7 0.01 0.590067 4.7 0.05 0.590055 5.7 0.01 0.556098 
5.7 0.05 0.556104 4.7 0.1 0.589897 5.7 0.1 0.556038 
4.7 0.25 0.589596 5.7 0.25 0.556064 4.7 0.5 0.588778 
5.7 0.5 0.55589 4.7 0.9 0.587131 5.7 0.9 0.554932 
4.7 1.3 0.584805 5.7 1.3 0.552191 4.7 1.7 0.581792 
5.7 1.7 0.54904 4.7 2.1 0.578821 5.7 2.1 0.545293 
4.7 2.5 0.576707 5.7 2.5 0.542043 4.7 2.7 0.573679 
5.7 2.7 0.541174 4.7 2.9 0.569409 5.7 2.9 0.541484 
5.1 3.3 0.532441 5.5 3.3 0.531645 5.5 3.15237 0.75 
5.5 3.3 0.531645 5.5 2.98442 1 6.9 4.0507 0.01 
6.75897 4.1 0.05 6.9 4.03959 0.05 6.80142 4.1 0.01 
6.93943 4.1 0.01 6.95 4.09197 0.05 6.95 4.1 0.0316224 
6.99 4.09963 0.05 6.99 4.1 0.0459265 6.99044 4.1 0.05 
6.77024 4.3 0.01 6.72909 4.3 0.05 6.95 4.20431 0.01 
6.99 4.13157 0.01 6.99351 4.3 0.01 7 4.17944 0.05 
7 4.3 0.0389143 6.9 4.4133 0.05 6.9 4.39671 0.01 
6.95 4.31097 0.01 6.95 4.33407 0.05 6.99 4.32341 0.01 
6.99 4.3291 0.05 7 4.31696 0.05 6.7 4.1 0.0844748 
6.65144 4.1 0.1 6.7 4.07289 0.1 6.9 3.9916 0.1 
6.95 4.03817 0.1 6.99 4.03797 0.1 7 4.04301 0.1 
7 4.1 0.0582514 6.7 4.3 0.0696033 6.60396 4.3 0.1 
6.7 4.41481 0.1 6.9 4.5 0.0998207 6.89723 4.5 0.1 
6.90021 4.5 0.1 6.95 4.42532 0.1 6.99 4.43618 0.1 
7 4.42608 0.1 6.9 4.50043 0.1 5.7 0.05 0.22912 
5.68144 0.01 0.3 5.7 0.01 0.229137 5.68145 0.05 0.3 
5.9 0.01 0.228774 5.9 0.05 0.228755 6.3 0.01 0.229091 
6.3 0.05 0.22907 6.7 0.01 0.229594 6.7 0.05 0.229556 
6.9 0.01 0.230818 6.9 0.05 0.230793 6.95 0.01 0.232073 
6.95 0.05 0.232048 6.99 0.01 0.23265 6.99 0.05 0.232619 
7 0.01 0.232722 7 0.05 0.23266 5.7 0.1 0.228605 
5.6814 0.1 0.3 5.9 0.1 0.228346 6.3 0.1 0.228425 
6.7 0.1 0.228844 6.9 0.1 0.229747 6.95 0.1 0.231102 
6.99 0.1 0.231822 7 0.1 0.231873 5.7 0.25 0.228909 
5.68141 0.25 0.3 5.9 0.25 0.228761 6.3 0.25 0.228677 
6.7 0.25 0.2291 6.9 0.25 0.229563 6.95 0.25 0.229981 
6.99 0.25 0.230601 7 0.25 0.230608 5.7 0.5 0.22943 
5.68131 0.5 0.3 5.9 0.5 0.229224 6.3 0.5 0.229119 
6.7 0.5 0.229691 6.9 0.5 0.229778 6.95 0.5 0.229232 
6.99 0.5 0.229414 7 0.5 0.229424 5.7 0.9 0.22939 
5.68094 0.9 0.3 5.9 0.9 0.22897 6.3 0.9 0.228525 
6.7 0.9 0.228646 6.9 0.9 0.228505 6.95 0.9 0.228187 
6.99 0.9 0.228256 7 0.9 0.228271 5.7 1.3 0.227818 
5.67983 1.3 0.3 5.9 1.3 0.227103 6.3 1.3 0.226126 
6.7 1.3 0.225446 6.9 1.3 0.225133 6.95 1.3 0.224842 
6.99 1.3 0.224916 7 1.3 0.224928 5.7 1.7 0.22449 
5.67731 1.7 0.3 5.9 1.7 0.223515 6.3 1.7 0.222185 
6.7 1.7 0.222045 6.9 1.7 0.222449 6.95 1.7 0.222345 
6.99 1.7 0.222417 7 1.7 0.222425 5.7 2.1 0.219454 
5.67268 2.1 0.3 5.9 2.1 0.218437 6.3 2.1 0.217127 
6.7 2.1 0.218962 6.9 2.1 0.220554 6.95 2.1 0.220772 
6.99 2.1 0.220926 7 2.1 0.220928 0.55 2.5 0.294072 
0.39432 2.5 0.3 0.55 2.26227 0.3 0.8 2.4728 0.3 
0.8 2.5 0.299564 0.814108 2.5 0.3 5.7 2.5 0.214246 
5.67116 2.5 0.3 5.9 2.5 0.213036 6.3 2.5 0.212465 
6.7 2.5 0.216923 6.9 2.5 0.220515 6.95 2.5 0.221191 
6.99 2.5 0.221463 7 2.5 0.221459 0.55 2.7 0.292039 
0.497449 2.7 0.3 0.8 2.7 0.296728 0.932972 2.7 0.3 
5.7 2.7 0.212828 5.67394 2.7 0.3 5.9 2.7 0.210408 
6.3 2.7 0.210524 6.7 2.7 0.217756 6.9 2.7 0.224602 
6.95 2.7 0.227075 6.99 2.7 0.227688 7 2.7 0.227721 
0.01 2.9 0.295625 0.05 2.88801 0.3 0.05 2.9 0.295266 
0.01 2.88867 0.3 0.1 2.88428 0.3 0.1 2.9 0.294507 
0.285771 2.9 0.3 0.55 2.85711 0.3 0.8 2.82152 0.3 
5.7 2.9 0.214806 5.67519 2.9 0.3 5.9 2.9 0.213729 
6.3 2.9 0.213092 6.7 2.9 0.221086 6.9 2.9 0.23139 
6.95 2.9 0.235055 6.99 2.9 0.236381 7 2.9 0.236517 
0.01 3.22264 0.3 0.05 3.23043 0.3 0.1 3.2467 0.3 
4.5 3.3 0.289531 4.33639 3.3 0.3 4.5 3.09487 0.3 
4.7 3.01647 0.3 4.7 3.3 0.267601 5.1 3.25147 0.3 
5.1 3.3 0.224734 5.5 3.24835 0.3 5.5 3.3 0.218043 
5.7 3.3 0.218637 5.9 3.3 0.218016 6.3 3.3 0.217908 
6.7 3.3 0.224915 6.9 3.3 0.239224 6.95 3.3 0.246128 
6.99 3.3 0.248914 7 3.3 0.249736 3.1 3.5 0.291673 
2.99581 3.5 0.3 3.1 3.38671 0.3 3.3 3.33114 0.3 
3.3 3.5 0.286877 3.55 3.33607 0.3 3.55 3.5 0.289426 
3.8 3.35258 0.3 3.8 3.5 0.290346 4.3 3.33262 0.3 
4.3 3.5 0.288139 4.5 3.5 0.276307 4.7 3.5 0.264081 
5.1 3.5 0.238526 5.5 3.5 0.223485 5.7 3.5 0.220259 
5.9 3.5 0.2195 6.3 3.5 0.214823 6.7 3.5 0.216842 
6.9 3.5 0.236154 6.95 3.5 0.245496 6.99 3.5 0.24939 
7 3.5 0.250993 3.1 3.7 0.279531 2.8752 3.7 0.3 
3.3 3.7 0.276325 3.55 3.7 0.277928 3.8 3.7 0.27941 
4.3 3.7 0.276155 4.5 3.7 0.261457 4.7 3.7 0.250127 
5.1 3.7 0.235068 5.5 3.7 0.224989 5.7 3.7 0.219356 
5.9 3.7 0.221677 6.3 3.7 0.206401 6.7 3.7 0.199311 
6.9 3.7 0.223014 6.95 3.7 0.226491 6.99 3.7 0.228476 
7 3.7 0.229446 0.01 3.9 0.298135 0.05 3.84102 0.3 
0.05 3.9 0.29801 0.01 3.84293 0.3 0.1 3.84235 0.3 
0.1 3.9 0.297943 0.3 3.86433 0.3 0.3 3.9 0.29873 
0.373733 3.9 0.3 2.8 3.9 0.294394 2.68161 3.9 0.3 
2.8 3.81058 0.3 3.1 3.9 0.267424 3.3 3.9 0.266309 
3.55 3.9 0.269047 3.8 3.9 0.271663 4.3 3.9 0.26785 
4.5 3.9 0.253517 4.7 3.9 0.244142 5.1 3.9 0.236085 
5.5 3.9 0.231306 5.7 3.9 0.213283 5.9 3.9 0.236919 
6.3 3.9 0.1931 6.7 3.9 0.159809 6.9 3.9 0.155408 
6.95 3.9 0.159581 6.99 3.9 0.146829 7 3.9 0.147303 
0.05 4.1 0.291278 0.01 4.1 0.291435 0.1 4.1 0.290147 
0.3 4.1 0.294102 0.55 4.0075 0.3 0.55 4.1 0.297484 
0.660626 4.1 0.3 1.3 4.1 0.293962 1.03665 4.1 0.3 
1.3 4.01329 0.3 1.8 3.9934 0.3 1.8 4.1 0.293869 
1.99721 4.1 0.3 2.8 4.1 0.280325 2.47284 4.1 0.3 
3.1 4.1 0.256121 3.3 4.1 0.256458 3.55 4.1 0.261544 
3.8 4.1 0.265468 4.3 4.1 0.262458 4.5 4.1 0.251226 
4.7 4.1 0.245314 5.1 4.1 0.242652 5.5 4.1 0.239336 
5.7 4.1 0.208182 5.9 4.1 0.22684 6.3 4.1 0.177407 
0.05 4.3 0.296641 0.01 4.3 0.296958 0.1 4.3 0.294466 
0.3 4.3 0.296171 0.55 4.3 0.297476 0.8 4.24251 0.3 
0.8 4.3 0.298719 1 4.11228 0.3 1 4.3 0.287103 
1.3 4.3 0.278552 1.8 4.3 0.281183 2.2942 4.3 0.3 
2.8 4.3 0.26674 2.30368 4.3 0.3 3.1 4.3 0.246522 
3.3 4.3 0.246779 3.55 4.3 0.254172 3.8 4.3 0.260354 
4.3 4.3 0.258461 4.5 4.3 0.250773 4.7 4.3 0.247188 
5.1 4.3 0.24615 5.5 4.3 0.212743 5.7 4.3 0.21847 
5.9 4.3 0.210129 6.3 4.3 0.167749 0.01 4.30697 0.3 
0.05 4.30756 0.3 0.1 4.31418 0.3 0.3 4.33045 0.3 
0.55 4.5 0.293282 0.502481 4.5 0.3 0.797072 4.5 0.3 
0.8 4.48818 0.3 1 4.5 0.27007 0.800569 4.5 0.3 
1.3 4.5 0.265512 1.8 4.5 0.270019 2.3 4.30385 0.3 
2.3 4.5 0.288267 2.8 4.5 0.254663 3.1 4.5 0.242495 
3.3 4.5 0.239563 3.55 4.5 0.248149 3.8 4.5 0.255708 
4.3 4.5 0.254808 4.5 4.5 0.249965 4.7 4.5 0.247312 
5.1 4.5 0.24356 5.5 4.5 0.195289 5.7 4.5 0.155368 
5.9 4.5 0.176179 6.3 4.5 0.145157 6.7 4.5 0.114306 
6.95 4.5 0.123054 6.99 4.5 0.115085 7 4.5 0.117307 
0.55 4.55076 0.3 1 4.7 0.261317 0.822464 4.7 0.3 
1.3 4.7 0.259654 1.8 4.7 0.263467 2.3 4.7 0.274379 
2.8 4.7 0.24153 3.1 4.7 0.23815 3.3 4.7 0.239147 
3.55 4.7 0.244744 3.8 4.7 0.250666 4.3 4.7 0.250919 
4.5 4.7 0.24825 4.7 4.7 0.246048 5.1 4.7 0.240854 
5.5 4.7 0.203798 5.7 4.7 0.171576 5.9 4.7 0.167044 
6.3 4.7 0.14957 6.7 4.7 0.150884 6.9 4.7 0.166428 
6.95 4.7 0.170144 6.99 4.7 0.177106 7 4.7 0.179402 
1 4.9 0.29895 0.98541 4.9 0.3 1.3 4.9 0.261746 
1.8 4.9 0.260415 2.3 4.9 0.261221 2.8 4.9 0.239929 
3.1 4.9 0.268328 3.3 4.9 0.266952 3.55 4.9 0.246817 
3.8 4.9 0.245378 4.3 4.9 0.248866 4.5 4.9 0.247907 
4.7 4.9 0.245337 5.1 4.9 0.239095 5.5 4.9 0.211708 
5.7 4.9 0.183523 5.9 4.9 0.170024 6.3 4.9 0.153492 
6.7 4.9 0.154691 6.9 4.9 0.17381 6.95 4.9 0.183835 
6.99 4.9 0.19296 7 4.9 0.195872 1 4.90147 0.3 
1.3 4.95 0.259003 1.17894 4.95 0.3 1.8 4.95 0.260734 
2.3 4.95 0.255432 2.8 4.95 0.249929 3.1 4.95 0.296717 
3.3 4.95 0.293491 3.55 4.95 0.24726 3.8 4.95 0.241711 
4.3 4.95 0.251039 4.5 4.95 0.251229 4.7 4.95 0.248175 
5.1 4.95 0.241305 5.5 4.95 0.213143 5.7 4.95 0.187134 
5.9 4.95 0.172463 6.3 4.95 0.153512 6.7 4.95 0.1531 
6.9 4.95 0.173553 6.95 4.95 0.184598 6.99 4.95 0.191851 
7 4.95 0.192519 1.3 4.99 0.263075 1.21019 4.99 0.3 
1.8 4.99 0.261282 2.3 4.99 0.255387 2.8 4.99 0.259557 
3.00991 4.99 0.3 3.1 4.96047 0.3 3.3 4.97913 0.3 
3.55 4.99 0.254048 3.3326 4.99 0.3 3.8 4.99 0.244613 
4.3 4.99 0.25364 4.5 4.99 0.253575 4.7 4.99 0.250548 
5.1 4.99 0.243617 5.5 4.99 0.215238 5.7 4.99 0.190463 
5.9 4.99 0.176072 6.3 4.99 0.158342 6.7 4.99 0.159326 
6.9 4.99 0.178162 6.95 4.99 0.185909 6.99 4.99 0.191752 
7 4.99 0.192274 1.3 5 0.263669 1.2131 5 0.3 
1.8 5 0.261741 2.3 5 0.255503 2.8 5 0.260444 
2.99859 5 0.3 3.55 5 0.255643 3.34701 5 0.3 
3.8 5 0.245422 4.3 5 0.254822 4.5 5 0.254681 
4.7 5 0.251625 5.1 5 0.244712 5.5 5 0.216391 
5.7 5 0.191893 5.9 5 0.177667 6.3 5 0.160339 
6.7 5 0.161371 6.9 5 0.179829 6.95 5 0.187556 
6.99 5 0.19288 7 5 0.193079 0.05 0.01 0.31768 
0.05 0.05 0.31777 0.01 0.01 0.31771 0.01 0.05 0.317741 
0.1 0.01 0.316744 0.1 0.05 0.316738 0.3 0.01 0.314454 
0.3 0.05 0.314436 0.55 0.01 0.311255 0.55 0.05 0.311255 
0.8 0.01 0.310165 0.8 0.05 0.310184 1 0.01 0.309226 
1 0.05 0.309239 1.3 0.01 0.308846 1.3 0.05 0.308855 
1.8 0.01 0.311271 1.8 0.05 0.311262 2.3 0.01 0.31483 
2.3 0.05 0.314815 2.8 0.01 0.317338 2.8 0.05 0.317326 
3.1 0.01 0.318702 3.1 0.05 0.318692 3.3 0.01 0.31937 
3.3 0.05 0.319363 3.55 0.01 0.319859 3.55 0.05 0.319854 
3.8 0.01 0.320368 3.8 0.05 0.320367 4.3 0.01 0.321109 
4.3 0.05 0.321115 4.5 0.01 0.32186 4.5 0.05 0.321864 
4.7 0.01 0.32228 4.7 0.05 0.322266 4.87334 0.05 0.5 
4.87331 0.01 0.5 5.60488 0.01 0.5 5.60486 0.05 0.5 
0.05 0.1 0.318108 0.01 0.1 0.318037 0.1 0.1 0.316873 
0.3 0.1 0.313907 0.55 0.1 0.311211 0.8 0.1 0.310131 
1 0.1 0.309173 1.3 0.1 0.308774 1.8 0.1 0.311102 
2.3 0.1 0.314658 2.8 0.1 0.317201 3.1 0.1 0.318591 
3.3 0.1 0.319277 3.55 0.1 0.319782 3.8 0.1 0.320289 
4.3 0.1 0.321071 4.5 0.1 0.321817 4.7 0.1 0.322213 
4.87354 0.1 0.5 5.60477 0.1 0.5 0.05 0.25 0.317469 
0.01 0.25 0.317531 0.1 0.25 0.316927 0.3 0.25 0.314193 
0.55 0.25 0.311668 0.8 0.25 0.310095 1 0.25 0.309051 
1.3 0.25 0.308644 1.8 0.25 0.310859 2.3 0.25 0.314363 
2.8 0.25 0.316956 3.1 0.25 0.318351 3.3 0.25 0.319052 
3.55 0.25 0.319571 3.8 0.25 0.32008 4.3 0.25 0.320885 
4.5 0.25 0.3216 4.7 0.25 0.321978 4.87419 0.25 0.5 
5.60449 0.25 0.5 0.05 0.5 0.318738 0.01 0.5 0.319072 
0.1 0.5 0.317965 0.3 0.5 0.315031 0.55 0.5 0.312295 
0.8 0.5 0.310187 1 0.5 0.308839 1.3 0.5 0.308406 
1.8 0.5 0.310448 2.3 0.5 0.313651 2.8 0.5 0.316314 
3.1 0.5 0.317828 3.3 0.5 0.318602 3.55 0.5 0.319164 
3.8 0.5 0.319689 4.3 0.5 0.32051 4.5 0.5 0.321229 
4.7 0.5 0.321625 4.87602 0.5 0.5 5.60376 0.5 0.5 
0.05 0.9 0.31671 0.01 0.9 0.316731 0.1 0.9 0.316363 
0.3 0.9 0.314643 0.55 0.9 0.311935 0.8 0.9 0.309603 
1 0.9 0.30803 1.3 0.9 0.307876 1.8 0.9 0.309981 
2.3 0.9 0.312695 2.8 0.9 0.315261 3.1 0.9 0.316967 
3.3 0.9 0.317881 3.55 0.9 0.318602 3.8 0.9 0.31926 
4.3 0.9 0.320164 4.5 0.9 0.321082 4.7 0.9 0.321563 
4.87962 0.9 0.5 5.60214 0.9 0.5 0.05 1.3 0.312337 
0.01 1.3 0.312334 0.1 1.3 0.312205 0.3 1.3 0.31131 
0.55 1.3 0.309351 0.8 1.3 0.307579 1 1.3 0.306971 
1.3 1.3 0.308033 1.8 1.3 0.310021 2.3 1.3 0.312103 
2.8 1.3 0.314387 3.1 1.3 0.316084 3.3 1.3 0.317139 
3.55 1.3 0.318026 3.8 1.3 0.318885 4.3 1.3 0.319912 
4.5 1.3 0.321312 4.7 1.3 0.322087 4.88613 1.3 0.5 
5.59873 1.3 0.5 0.05 1.7 0.307793 0.01 1.7 0.307783 
0.1 1.7 0.307686 0.3 1.7 0.307006 0.55 1.7 0.305786 
0.8 1.7 0.305666 1 1.7 0.306352 1.3 1.7 0.308153 
1.8 1.7 0.309761 2.3 1.7 0.311677 2.8 1.7 0.313712 
3.1 1.7 0.315128 3.3 1.7 0.316116 3.55 1.7 0.317093 
3.8 1.7 0.318201 4.3 1.7 0.319444 4.5 1.7 0.321553 
4.7 1.7 0.322812 4.90194 1.7 0.5 5.59063 1.7 0.5 
0.05 2.1 0.305484 0.01 2.1 0.305478 0.1 2.1 0.305375 
0.3 2.1 0.304486 0.55 2.1 0.302695 0.8 2.1 0.303903 
1 2.1 0.305969 1.3 2.1 0.307887 1.8 2.1 0.309612 
2.3 2.1 0.311652 2.8 2.1 0.313318 3.1 2.1 0.313965 
3.3 2.1 0.314463 3.55 2.1 0.315205 3.8 2.1 0.316389 
4.3 2.1 0.317855 4.5 2.1 0.320987 4.7 2.1 0.323037 
4.93201 2.1 0.5 5.57566 2.1 0.5 0.05 2.5 0.306594 
0.01 2.5 0.30672 0.1 2.5 0.305861 0.3 2.5 0.30242 
1 2.5 0.303733 1.3 2.5 0.306039 1.8 2.5 0.308684 
2.3 2.5 0.311338 2.8 2.5 0.312736 3.1 2.5 0.312103 
3.3 2.5 0.311679 3.55 2.5 0.311725 3.8 2.5 0.312701 
4.3 2.5 0.314442 4.5 2.5 0.318778 4.7 2.5 0.321862 
4.93321 2.5 0.5 5.57511 2.5 0.5 0.05 2.7 0.353426 
0.01 2.7 0.354256 0.1 2.7 0.345095 0.3 2.7 0.318302 
1 2.7 0.301057 1.3 2.7 0.304446 1.8 2.7 0.308772 
2.3 2.7 0.311765 2.8 2.7 0.312569 3.1 2.7 0.309909 
3.3 2.7 0.30868 3.55 2.7 0.308221 3.8 2.7 0.308833 
4.3 2.7 0.309843 4.5 2.7 0.312925 4.7 2.7 0.316256 
4.90802 2.7 0.5 5.58817 2.7 0.5 0.3 2.9 0.300366 
0.55 2.9 0.30146 0.8 2.9 0.301363 1 2.9 0.302814 
1.3 2.9 0.306727 1.8 2.9 0.311191 2.3 2.9 0.31336 
2.8 2.9 0.31289 3.1 2.9 0.308227 3.3 2.9 0.306481 
3.55 2.9 0.305996 3.8 2.9 0.306737 4.3 2.9 0.306585 
4.5 2.9 0.306412 4.7 2.9 0.308422 4.90457 2.9 0.5 
5.59114 2.9 0.5 0.05 3.3 0.300951 0.01 3.3 0.301038 
0.1 3.3 0.300753 0.3 3.3 0.301389 0.55 3.3 0.30306 
0.8 3.3 0.308307 1 3.3 0.312393 1.3 3.3 0.315582 
1.8 3.3 0.316713 2.3 3.3 0.316611 2.8 3.3 0.312978 
3.1 3.3 0.304092 3.3 3.3 0.301556 3.55 3.3 0.301537 
3.8 3.3 0.302282 4.3 3.3 0.301517 5.1 3.07933 0.5 
5.5 3.07892 0.5 0.05 3.5 0.304223 0.01 3.5 0.30408 
0.1 3.5 0.304763 0.3 3.5 0.306975 0.55 3.5 0.316086 
0.8 3.5 0.325013 1 3.5 0.323947 1.3 3.5 0.320168 
1.8 3.5 0.315513 2.3 3.5 0.316606 2.8 3.5 0.309885 
0.05 3.7 0.303163 0.01 3.7 0.303114 0.1 3.7 0.303338 
0.3 3.7 0.303897 0.55 3.7 0.31061 0.8 3.7 0.319102 
1 3.7 0.317476 1.3 3.7 0.313691 1.8 3.7 0.310378 
2.3 3.7 0.314536 2.8 3.7 0.304317 0.55 3.9 0.302052 
0.8 3.9 0.309136 1 3.9 0.308866 1.3 3.9 0.305328 
1.8 3.9 0.303607 2.3 3.9 0.311026 0.8 4.1 0.302202 
1 4.1 0.300575 2.3 4.1 0.306264 2.3 4.3 0.300147 
0.05 4.5 0.366812 0.01 4.5 0.366851 0.1 4.5 0.354194 
0.3 4.5 0.317417 0.8 4.5 0.300055 0.05 4.7 0.311575 
0.01 4.7 0.311738 0.1 4.7 0.311565 0.3 4.7 0.308543 
0.55 4.7 0.313524 0.8 4.7 0.303275 0.05 4.9 0.317572 
0.01 4.9 0.317727 0.1 4.9 0.318547 0.3 4.9 0.321584 
0.55 4.9 0.342573 0.8 4.9 0.316234 0.05 4.95 0.322433 
0.01 4.95 0.321241 0.1 4.95 0.325013 0.3 4.95 0.333122 
0.55 4.95 0.333392 0.8 4.95 0.340947 1 4.95 0.336041 
0.05 4.99 0.329212 0.01 4.99 0.328205 0.1 4.99 0.327674 
0.3 4.99 0.335622 0.55 4.99 0.333037 0.8 4.99 0.351434 
1 4.99 0.352097 3.1 4.99 0.312191 3.3 4.99 0.304378 
0.05 5 0.329638 0.01 5 0.331534 0.1 5 0.327908 
0.3 5 0.335456 0.55 5 0.333035 0.8 5 0.352273 
1 5 0.353939 3.1 5 0.314264 3.3 5 0.306578 
5.04932 0.01 0.75 5.04936 0.05 0.75 5.52477 0.01 0.75 
5.52475 0.05 0.75 5.04971 0.1 0.75 5.52459 0.1 0.75 
5.05083 0.25 0.75 5.52406 0.25 0.75 5.04379 0.5 0.75 
5.52753 0.5 0.75 5.05957 0.9 0.75 5.51981 0.9 0.75 
5.07056 1.3 0.75 5.51447 1.3 0.75 5.09843 1.7 0.75 
5.50078 1.7 0.75 5.1 1.71359 0.75 5.1 2.1 0.687832 
5.5 1.71359 0.75 5.5 2.1 0.687832 5.1 2.5 0.687832 
5.5 2.5 0.687832 5.1 2.7 0.746857 5.5 2.7 0.746857 
5.1 2.74174 0.75 5.09173 2.9 0.75 5.5 2.74174 0.75 
5.50413 2.9 0.75 5.1 2.90816 0.75 5.5 2.9082 0.75 
5.1 0.01 0.836782 5.1 0.05 0.83669 5.5 0.01 0.836782 
5.5 0.05 0.83669 5.1 0.1 0.83606 5.5 0.1 0.83606 
5.1 0.25 0.833918 5.5 0.25 0.833918 5.1 0.5 0.840839 
5.5 0.5 0.840839 5.1 0.9 0.812735 5.5 0.9 0.812735 
5.1 1.3 0.79469 5.5 1.3 0.79469 5.1 1.7 0.752241 
5.5 1.7 0.752241 5.1 2.9 0.762226 5.5 2.9 0.762226 
6.9 4.0507 0.01 6.9 4.03959 0.05 6.80142 4.1 0.01 
6.75897 4.1 0.05 6.95 4.1 0.0316224 6.95 4.20431 0.01 
6.95 4.1 0.0316224 6.99 4.13157 0.01 6.99 4.13157 0.01 
6.99 4.1 0.0459265 6.77024 4.3 0.01 6.72909 4.3 0.05 
6.9 4.39671 0.01 6.9 4.4133 0.05 6.95 4.31097 0.01 
6.95 4.33407 0.05 6.99 4.32341 0.01 6.99 4.3291 0.05 
6.9 3.9916 0.1 6.99044 4.1 0.05 6.9 4.5 0.0998207 
6.99 4.3291 0.05 7 4.31696 0.05 5.7 0.01 0.229137 
5.7 0.05 0.22912 5.7 0.1 0.228605 5.7 0.25 0.228909 
5.7 0.5 0.22943 5.7 0.9 0.22939 5.7 1.3 0.227818 
5.7 1.7 0.22449 5.7 2.1 0.219454 5.7 2.5 0.214246 
5.7 2.7 0.212828 5.7 2.9 0.214806 4.7 3.3 0.267601 
5.1 3.25147 0.3 5.5 3.3 0.218043 5.5 3.24835 0.3 
5.5 3.3 0.218043 5.1 3.3 0.224734 1.3 4.95 0.259003 
4.7 0.01 0.32228 4.7 0.05 0.322266 4.7 0.1 0.322213 
4.7 0.25 0.321978 4.7 0.5 0.321625 4.7 3.01647 0.3 
5.5 3.07892 0.5 5.1 2.1 0.687832 5.1 1.71359 0.75 
5.5 2.1 0.687832 5.5 1.71359 0.75 5.1 2.5 0.687832 
5.5 2.5 0.687832 5.1 2.7 0.746857 5.5 2.7 0.746857 
5.1 2.74174 0.75 5.5 2.74174 0.75 5.5 2.9082 0.75 
5.1 0.01 0.836782 5.1 0.05 0.83669 5.5 0.05 0.83669 
5.5 0.01 0.836782 5.1 0.1 0.83606 5.5 0.1 0.83606 
5.1 0.25 0.833918 5.5 0.25 0.833918 5.1 0.5 0.840839 
5.5 0.5 0.840839 5.1 0.9 0.812735 5.5 0.9 0.812735 
5.1 1.3 0.79469 5.5 1.3 0.79469 5.1 1.7 0.752241 
5.5 1.7 0.752241 5.1 2.9 0.762226 5.5 2.9 0.762226 
5.1 2.9 0.762226 5.5 2.9 0.762226 4.74961 0.01 0.01 
4.77995 0.01 0.05 4.74968 0.05 0.01 4.77996 0.05 0.05 
5.63666 0.01 0.01 5.63603 0.05 0.01 5.62651 0.01 0.05 
5.62647 0.05 0.05 4.74979 0.1 0.01 4.78005 0.1 0.05 
5.63528 0.1 0.01 5.62612 0.1 0.05 4.75003 0.25 0.01 
4.78046 0.25 0.05 5.63504 0.25 0.01 5.62586 0.25 0.05 
4.75278 0.5 0.01 4.78477 0.5 0.05 5.63261 0.5 0.01 
5.62302 0.5 0.05 4.75296 0.9 0.01 4.78577 0.9 0.05 
5.6317 0.9 0.01 5.62192 0.9 0.05 4.75315 1.3 0.01 
4.78777 1.3 0.05 5.62894 1.3 0.01 5.61899 1.3 0.05 
4.75362 1.7 0.01 4.79092 1.7 0.05 5.62446 1.7 0.01 
5.61435 1.7 0.05 4.76347 2.1 0.01 4.8092 2.1 0.05 
5.60978 2.1 0.01 5.5993 2.1 0.05 0.01 2.33302 0.01 
0.05 2.33811 0.01 0.05 2.5 0.0355813 0.01 2.5 0.0371464 
0.1 2.3607 0.01 0.1 2.5 0.0297525 0.2395 2.5 0.01 
4.76222 2.5 0.01 4.80862 2.5 0.05 5.60855 2.5 0.01 
5.59827 2.5 0.05 0.01 2.50412 0.05 0.05 2.50447 0.05 
0.1 2.50746 0.05 0.3 2.50847 0.01 0.3 2.54134 0.05 
0.525805 2.7 0.01 0.481517 2.7 0.05 4.76066 2.7 0.01 
4.79785 2.7 0.05 5.62091 2.7 0.01 5.61111 2.7 0.05 
0.3 2.9 0.0482608 0.285258 2.9 0.05 0.3 2.89795 0.05 
0.456112 2.9 0.01 4.77146 2.9 0.01 4.80485 2.9 0.05 
5.62406 2.9 0.01 5.61431 2.9 0.05 0.05 3.2204 0.01 
0.01 3.22103 0.01 0.05 3.05893 0.05 0.01 3.06706 0.05 
0.1 3.2018 0.01 0.1 3.00325 0.05 0.3 3.1227 0.01 
5.1 3.14024 0.05 5.1 3.16227 0.01 5.5 3.15732 0.01 
5.5 3.13611 0.05 0.55 3.43554 0.01 0.55 3.5 0.0288912 
0.351519 3.5 0.01 0.8 3.40615 0.01 0.8 3.5 0.039258 
1 3.42458 0.01 1 3.5 0.0275866 1.29976 3.5 0.01 
0.55 3.67648 0.01 0.670416 3.7 0.01 0.8 3.7 0.012612 
1 3.65191 0.01 0.86539 3.7 0.01 0.8 3.7245 0.01 
0.05 4.11879 0.01 0.05 4.17052 0.05 0.01 4.11636 0.01 
0.01 4.17086 0.05 0.1 4.1242 0.01 0.1 4.19343 0.05 
0.3 4.13694 0.01 0.3 4.22374 0.05 0.54593 4.3 0.01 
0.418247 4.3 0.05 0.547305 4.5 0.01 0.511005 4.5 0.05 
0.55 4.63265 0.05 0.55 4.51229 0.01 0.8 4.53107 0.01 
0.8 4.62263 0.05 0.928533 4.7 0.01 0.853417 4.7 0.05 
0.01 4.9 0.018863 0.05 4.84893 0.05 0.05 4.9 0.0172086 
0.01 4.84878 0.05 0.1 4.82642 0.05 0.1 4.9 0.0158494 
0.263873 4.9 0.05 1 4.76524 0.05 1 4.72631 0.01 
1.27773 4.9 0.01 1.21978 4.9 0.05 3.1 4.85071 0.01 
3.1 4.9 0.0403464 3.03229 4.9 0.01 3.1859 4.9 0.05 
3.3 4.88086 0.05 3.3 4.80919 0.01 3.4275 4.9 0.01 
3.3282 4.9 0.05 0.01 4.92105 0.05 0.05 4.92193 0.05 
0.1 4.92223 0.05 1.3 4.95 0.0186872 1.3 4.92983 0.01 
1.28187 4.95 0.05 1.36234 4.95 0.01 3.1 4.90204 0.05 
2.8868 4.95 0.05 2.84033 4.95 0.01 3.53597 4.95 0.01 
3.50797 4.95 0.05 1.3 4.99 0.0367426 1.29394 4.99 0.05 
1.45998 4.99 0.01 2.80637 4.99 0.01 2.84625 4.99 0.05 
3.55 4.99 0.038426 3.55 4.96165 0.01 3.53839 4.99 0.05 
3.7846 4.99 0.01 1.3 5 0.03642 1.29507 5 0.05 
1.45366 5 0.01 2.80311 5 0.01 2.8468 5 0.05 
3.55 5 0.0456454 3.54208 5 0.05 3.8 4.99055 0.01 
3.8 5 0.0303145 4.3 4.99066 0.01 4.3 5 0.0303002 
4.5 4.99072 0.01 4.5 5 0.0302152 4.7 4.99078 0.01 
4.7 5 0.0301619 5.1 4.9911 0.01 5.1 5 0.0296143 
5.5 4.99266 0.01 5.5 5 0.0263031 5.7 4.99284 0.01 
5.7 5 0.0260818 5.9 4.99325 0.01 5.9 5 0.0252169 
6.3 4.99339 0.01 6.3 5 0.0250252 6.7 4.99314 0.01 
6.7 5 0.0256063 6.9 4.99307 0.01 6.9 5 0.0256882 
6.94474 5 0.01 4.82891 0.01 0.1 4.82893 0.05 0.1 
5.60996 0.01 0.1 5.60993 0.05 0.1 4.82911 0.1 0.1 
5.60966 0.1 0.1 4.82977 0.25 0.1 5.6094 0.25 0.1 
4.83634 0.5 0.1 5.60584 0.5 0.1 4.8385 0.9 0.1 
5.6044 0.9 0.1 4.84303 1.3 0.1 5.60103 1.3 0.1 
4.84982 1.7 0.1 5.59595 1.7 0.1 4.87893 2.1 0.1 
5.57956 2.1 0.1 4.87899 2.5 0.1 5.5788 2.5 0.1 
0.05 2.53766 0.1 0.01 2.53853 0.1 0.1 2.54561 0.1 
0.3 2.64873 0.1 0.359415 2.7 0.1 4.85664 2.7 0.1 
5.59305 2.7 0.1 0.01 2.9 0.0713901 0.05 2.87081 0.1 
0.05 2.9 0.0689135 0.01 2.87179 0.1 0.1 2.86167 0.1 
0.1 2.9 0.0610728 0.3 2.76196 0.1 4.85877 2.9 0.1 
5.59649 2.9 0.1 5.1 3.10025 0.1 5.5 3.09726 0.1 
0.05 4.3 0.0916898 0.01 4.3 0.0931966 0.1 4.3 0.0804224 
0.3 4.3 0.0668906 0.01 4.30589 0.1 0.05 4.30708 0.1 
0.1 4.31745 0.1 0.3 4.38522 0.1 0.408814 4.5 0.1 
0.01 4.7 0.0901281 0.05 4.69072 0.1 0.05 4.7 0.0882752 
0.01 4.69205 0.1 0.1 4.6809 0.1 0.1 4.7 0.0762821 
0.3 4.60903 0.1 0.3 4.7 0.0625758 0.55 4.7 0.0649955 
0.8 4.7 0.0659092 0.3 4.9 0.0552344 0.516244 4.9 0.1 
0.55 4.87046 0.1 0.8 4.9 0.0901418 0.639129 4.9 0.1 
1 4.87715 0.1 0.901917 4.9 0.1 1.03647 4.9 0.1 
3.3 4.9 0.055758 0.05 4.95 0.073418 0.01 4.95 0.0750844 
0.1 4.95 0.0757088 0.3 4.95 0.0936431 0.55 4.91157 0.1 
0.55 4.95 0.0810108 0.598057 4.95 0.1 0.8 4.90573 0.1 
1.22105 4.95 0.1 3.1 4.93192 0.1 3.02059 4.95 0.1 
3.3 4.91922 0.1 3.41819 4.95 0.1 0.01 4.98379 0.1 
0.05 4.98189 0.1 0.1 4.98146 0.1 0.3 4.98183 0.1 
0.55 4.99 0.0772336 0.320773 4.99 0.1 0.587681 4.99 0.1 
1.24588 4.99 0.1 2.93832 4.99 0.1 3.46889 4.99 0.1 
0.55 5 0.0782055 0.315969 5 0.1 0.586042 5 0.1 
1.24839 5 0.1 2.92908 5 0.1 3.47308 5 0.1 
4.94984 0.01 0.3 4.94988 0.05 0.3 5.56422 0.01 0.3 
5.5642 0.05 0.3 4.95017 0.1 0.3 5.56407 0.1 0.3 
4.95119 0.25 0.3 5.56367 0.25 0.3 4.95362 0.5 0.3 
5.56261 0.5 0.3 4.95798 0.9 0.3 5.56055 0.9 0.3 
4.96704 1.3 0.3 5.5561 1.3 0.3 4.9913 1.7 0.3 
5.54482 1.7 0.3 5.04093 2.1 0.3 5.5234 2.1 0.3 
5.04117 2.5 0.3 5.5232 2.5 0.3 0.05 2.7 0.236952 
0.01 2.7 0.234023 0.1 2.7 0.226989 0.3 2.7 0.1286 
4.99708 2.7 0.3 5.5425 2.7 0.3 4.99014 2.9 0.3 
5.54692 2.9 0.3 5.1 2.99413 0.3 5.5 2.99329 0.3 
0.05 4.5 0.259716 0.01 4.5 0.258374 0.1 4.5 0.249024 
0.3 4.5 0.15552 0.55 4.9 0.109679 1 4.9 0.113231 
0.8 4.95 0.183473 1 4.95 0.227498 3.1 4.95 0.133503 
3.3 4.95 0.168764 0.05 4.99 0.110429 0.01 4.99 0.107305 
0.1 4.99 0.109649 0.3 4.99 0.103345 0.8 4.99 0.209674 
1 4.99 0.248401 3.1 4.99 0.17448 3.3 4.99 0.209036 
0.05 5 0.134091 0.01 5 0.145509 0.1 5 0.112833 
0.3 5 0.102473 0.8 5 0.211532 1 5 0.250472 
3.1 5 0.179912 3.3 5 0.212302 5.1 0.01 0.475387 
5.1 0.05 0.475311 5.5 0.01 0.475387 5.5 0.05 0.475311 
5.1 0.1 0.474809 5.5 0.1 0.474809 5.1 0.25 0.473106 
5.5 0.25 0.473106 5.1 0.5 0.468884 5.5 0.5 0.468884 
5.1 0.9 0.460587 5.5 0.9 0.460587 5.1 1.3 0.44475 
5.5 1.3 0.44475 5.1 1.7 0.407853 5.5 1.7 0.407853 
5.1 2.1 0.349942 5.5 2.1 0.349942 5.1 2.5 0.349942 
5.5 2.5 0.349942 5.1 2.7 0.403068 5.5 2.7 0.403068 
5.1 2.9 0.416599 5.5 2.9 0.416599 0.05 2.5 0.0355813 
0.01 2.5 0.0371464 0.1 2.5 0.0297525 0.2395 2.5 0.01 
0.481517 2.7 0.05 0.525805 2.7 0.01 5.5 3.15732 0.01 
5.5 3.13611 0.05 0.55 4.51229 0.01 0.55 4.63265 0.05 
0.05 4.9 0.0172086 0.01 4.9 0.018863 0.1 4.9 0.0158494 
0.263873 4.9 0.05 3.1 4.9 0.0403464 3.1859 4.9 0.05 
1.3 4.99 0.0367426 1.3 5 0.03642 5.5 3.09726 0.1 
0.3 4.9 0.0552344 0.55 4.95 0.0810108 0.8 4.9 0.0901418 
1.03647 4.9 0.1 3.3 4.9 0.055758 0.598057 4.95 0.1 
1.22105 4.95 0.1 2.93832 4.99 0.1 0.01 2.7 0.234023 
0.05 2.7 0.236952 0.1 2.7 0.226989 0.3 2.7 0.1286 
4.99014 2.9 0.3 5.5 2.99329 0.3 0.01 4.5 0.258374 
0.05 4.5 0.259716 0.1 4.5 0.249024 0.3 4.5 0.15552 
0.516244 4.9 0.1 0.55 4.9 0.109679 0.639129 4.9 0.1 
0.8 4.95 0.183473 0.1 5 0.112833 0.1 4.99 0.109649 
5.1 0.01 0.475387 5.1 0.05 0.475311 5.5 0.05 0.475311 
5.5 0.01 0.475387 5.1 0.1 0.474809 5.5 0.1 0.474809 
5.1 0.25 0.473106 5.5 0.25 0.473106 5.1 0.5 0.468884 
5.5 0.5 0.468884 5.1 0.9 0.460587 5.5 0.9 0.460587 
5.1 1.3 0.44475 5.5 1.3 0.44475 5.5 1.7 0.407853 
5.5 2.1 0.349942 5.5 2.5 0.349942 5.5 2.7 0.403068 
5.1 2.9 0.416599 5.5 2.9 0.416599 5.1 2.9 0.416599 
5.5 2.9 0.416599 0.05 2.54433 0.01 0.05 2.56982 0.05 
0.01 2.54754 0.01 0.01 2.5709 0.05 0.1 2.54683 0.01 
0.1 2.57838 0.05 0.3 2.7 0.0106849 0.270014 2.7 0.05 
0.3 2.699 0.01 0.301183 2.7 0.01 0.05 2.86852 0.01 
0.01 2.86689 0.01 0.05 2.84082 0.05 0.01 2.84037 0.05 
0.1 2.86449 0.01 0.1 2.8307 0.05 0.3 2.70125 0.01 
0.05 4.31343 0.01 0.05 4.33215 0.05 0.01 4.3135 0.01 
0.01 4.33361 0.05 0.1 4.31258 0.01 0.1 4.33818 0.05 
0.3 4.41656 0.01 0.3 4.483 0.05 0.380277 4.5 0.01 
0.31571 4.5 0.05 0.05 4.68356 0.01 0.01 4.68339 0.01 
0.05 4.66497 0.05 0.01 4.66361 0.05 0.1 4.68476 0.01 
0.1 4.65901 0.05 0.3 4.58094 0.01 0.3 4.51639 0.05 
0.8 4.92646 0.01 0.8 4.9412 0.05 0.759739 4.95 0.05 
0.690789 4.95 0.01 1 4.90241 0.01 1 4.90978 0.05 
1.21959 4.95 0.01 1.17493 4.95 0.05 3.1 4.94197 0.01 
3.1 4.95 0.0281819 3.06205 4.95 0.01 3.1569 4.95 0.05 
3.3 4.93245 0.05 3.3 4.92066 0.01 3.42276 4.95 0.01 
3.37083 4.95 0.05 0.635989 4.99 0.01 0.696378 4.99 0.05 
1.238 4.99 0.01 1.20514 4.99 0.05 3.1 4.9769 0.05 
3.07694 4.99 0.05 2.98965 4.99 0.01 3.49693 4.99 0.01 
3.44388 4.99 0.05 0.598491 5 0.01 0.691492 5 0.05 
1.23033 5 0.01 1.20691 5 0.05 3.01311 5 0.01 
3.09452 5 0.05 3.52723 5 0.01 3.44946 5 0.05 
0.05 2.64122 0.1 0.01 2.64944 0.1 0.1 2.6602 0.1 
0.158199 2.7 0.1 0.05 2.76185 0.1 0.01 2.75379 0.1 
0.1 2.74168 0.1 0.05 4.38777 0.1 0.01 4.39064 0.1 
0.1 4.40666 0.1 0.3 4.5 0.0555326 0.223613 4.5 0.1 
0.05 4.61096 0.1 0.01 4.60821 0.1 0.1 4.59249 0.1 
0.8 4.95 0.0629345 0.899643 4.95 0.1 1 4.93416 0.1 
1.06656 4.95 0.1 3.3 4.95 0.0767558 0.8 4.99 0.0921656 
0.818683 4.99 0.1 1.12502 4.99 0.1 3.1 4.99 0.0592527 
3.24304 4.99 0.1 3.3 4.97876 0.1 3.32519 4.99 0.1 
0.8 5 0.0942942 0.813292 5 0.1 1.13062 5 0.1 
3.1 5 0.0527581 3.22193 5 0.1 3.3338 5 0.1 
0.05 2.7 0.149587 0.01 2.7 0.141965 0.1 2.7 0.132738 
0.05 4.5 0.192917 0.01 4.5 0.189231 0.1 4.5 0.176197 
1 4.95 0.13839 1 4.99 0.175454 3.3 4.99 0.116264 
1 5 0.179125 3.3 5 0.121933 0.270014 2.7 0.05 
0.3 2.7 0.0106849 0.301183 2.7 0.01 0.31571 4.5 0.05 
0.380277 4.5 0.01 1.21959 4.95 0.01 1.17493 4.95 0.05 
0.598491 5 0.01 1.238 4.99 0.01 1.20514 4.99 0.05 
2.98965 4.99 0.01 3.07694 4.99 0.05 3.52723 5 0.01 
0.158199 2.7 0.1 0.223613 4.5 0.1 0.3 4.5 0.0555326 
3.1 4.99 0.0592527 3.22193 5 0.1 0.01 2.7 0.141965 
0.05 2.7 0.149587 0.1 2.7 0.132738 0.01 4.5 0.189231 
0.05 4.5 0.192917 0.1 4.5 0.176197 1 5 0.179125 
0.05 2.59477 0.01 0.05 2.63518 0.05 0.01 2.60221 0.01 
0.01 2.63768 0.05 0.1 2.59901 0.01 0.1 2.64931 0.05 
0.232099 2.7 0.01 0.170859 2.7 0.05 0.05 2.81391 0.01 
0.01 2.80705 0.01 0.05 2.77013 0.05 0.01 2.76776 0.05 
0.1 2.80845 0.01 0.1 2.75447 0.05 0.05 4.36053 0.01 
0.05 4.3896 0.05 0.01 4.36586 0.01 0.01 4.39381 0.05 
0.1 4.35007 0.01 0.1 4.39302 0.05 0.277015 4.5 0.01 
0.235924 4.5 0.05 0.05 4.63722 0.01 0.01 4.6319 0.01 
0.05 4.6085 0.05 0.01 4.60442 0.05 0.1 4.64781 0.01 
0.1 4.60512 0.05 1 4.9207 0.01 1 4.93437 0.05 
0.914447 4.95 0.05 0.848211 4.95 0.01 1.13521 4.95 0.01 
1.068 4.95 0.05 3.3 4.94772 0.01 3.3 4.95 0.0159405 
3.28153 4.95 0.01 3.30955 4.95 0.01 0.800444 4.99 0.01 
0.849107 4.99 0.05 1.16609 4.99 0.01 1.11634 4.99 0.05 
3.3 4.96923 0.05 3.22656 4.99 0.05 3.14001 4.99 0.01 
3.34936 4.99 0.05 3.42093 4.99 0.01 0.8 4.99023 0.01 
0.8 5 0.0242801 0.764352 5 0.01 0.844646 5 0.05 
1.15216 5 0.01 1.11875 5 0.05 3.14543 5 0.01 
3.22289 5 0.05 3.45135 5 0.01 3.35683 5 0.05 
0.05 2.7 0.0848204 0.01 2.7 0.0815832 0.1 2.7 0.0761333 
0.05 4.46845 0.1 0.01 4.47538 0.1 0.1 4.49587 0.1 
0.105466 4.5 0.1 0.05 4.53119 0.1 0.01 4.52436 0.1 
0.1 4.50409 0.1 1 4.95 0.0763851 1 4.98772 0.1 
0.993975 4.99 0.1 1.00415 4.99 0.1 3.3 4.99 0.0693874 
0.981646 5 0.1 1.01284 5 0.1 3.3 5 0.0723787 
0.05 4.5 0.126118 0.01 4.5 0.120088 0.1 4.5 0.103369 
1 4.99 0.102507 1 5 0.107778 0.170859 2.7 0.05 
0.232099 2.7 0.01 0.235924 4.5 0.05 0.277015 4.5 0.01 
1.13521 4.95 0.01 1.16609 4.99 0.01 1.11634 4.99 0.05 
1.15216 5 0.01 3.14001 4.99 0.01 3.22656 4.99 0.05 
0.01 2.7 0.0815832 0.05 2.7 0.0848204 0.1 2.7 0.0761333 
0.105466 4.5 0.1 0.01 4.5 0.120088 0.05 4.5 0.126118 
0.1 4.5 0.103369 1 5 0.107778 1 4.99 0.102507 
0.01 2.65687 0.01 0.05 2.64522 0.01 0.05 2.7 0.0497034 
0.01 2.7 0.0468763 0.1 2.6512 0.01 0.1 2.7 0.0406482 
0.163839 2.7 0.01 0.05 2.7593 0.01 0.01 2.74721 0.01 
0.1 2.75241 0.01 0.05 4.40764 0.01 0.05 4.44705 0.05 
0.01 4.41822 0.01 0.01 4.45401 0.05 0.1 4.38755 0.01 
0.1 4.44786 0.05 0.232762 4.5 0.01 0.166242 4.5 0.05 
0.05 4.59087 0.01 0.01 4.58041 0.01 0.05 4.55204 0.05 
0.01 4.54522 0.05 0.1 4.61086 0.01 0.1 4.55123 0.05 
1 4.93898 0.01 1 4.95 0.0349337 0.942933 4.95 0.01 
1.05084 4.95 0.01 1 4.9716 0.05 0.964284 4.99 0.05 
0.886835 4.99 0.01 1.02754 4.99 0.05 1.09419 4.99 0.01 
3.3 4.97431 0.01 3.3 4.99 0.0321247 3.24055 4.99 0.01 
3.34494 4.99 0.01 0.890672 5 0.01 0.959982 5 0.05 
1.074 5 0.01 1.03059 5 0.05 3.3 5 0.0388067 
3.22293 5 0.01 3.37547 5 0.01 0.05 4.5 0.0801063 
0.01 4.5 0.0759237 0.1 4.5 0.0749594 1 4.99 0.0621537 
1 5 0.064014 0.01 2.7 0.0468763 0.05 2.7 0.0497034 
0.1 2.7 0.0406482 0.163839 2.7 0.01 0.166242 4.5 0.05 
0.232762 4.5 0.01 1.09419 4.99 0.01 1.02754 4.99 0.05 
1.074 5 0.01 0.01 4.5 0.0759237 0.05 4.5 0.0801063 
0.1 4.5 0.0749594 0.05 2.69566 0.01 0.05 2.7 0.0131429 
0.038419 2.7 0.01 0.0785129 2.7 0.01 0.05 2.70469 0.01 
0.01 4.47058 0.01 0.05 4.45475 0.01 0.05 4.5 0.0469831 
0.01 4.5 0.0381659 0.1 4.42503 0.01 0.1 4.5 0.0490367 
0.188508 4.5 0.01 0.05 4.54452 0.01 0.01 4.52893 0.01 
0.1 4.5739 0.01 1 4.97248 0.01 1 4.99 0.0223988 
0.973226 4.99 0.01 1.02228 4.99 0.01 1 4.99853 0.01 
0.038419 2.7 0.01 0.05 2.7 0.0131429 0.0785129 2.7 0.01 
0.01 4.5 0.0381659 0.05 4.5 0.0469831 0.1 4.5 0.0490367 
0.188508 4.5 0.01 1 4.97248 0.01 1 4.99 0.0223988 
0.973226 4.99 0.01 1 4.99 0.0223988 1.02228 4.99 0.01 
0.1 4.46252 0.01 0.1 4.5 0.0295183 0.0518923 4.5 0.01 
0.144254 4.5 0.01 0.1 4.53695 0.01 0.0518923 4.5 0.01 
0.1 4.5 0.0295183 0.144254 4.5 0.01 
POLYGONS 7238 28952
3 0 1 2 
3 0 3 4 
3 2 3 0 
3 3 5 4 
3 6 7 8 
3 1 6 8 
3 1 0 6 
3 0 9 6 
3 4 10 0 
3 10 9 0 
3 11 4 5 
3 11 12 4 
3 12 10 4 
3 11 13 12 
3 14 7 6 
3 15 7 14 
3 9 16 6 
3 16 14 6 
3 10 17 9 
3 17 16 9 
3 12 18 10 
3 18 17 10 
3 19 12 13 
3 18 12 19 
3 14 20 15 
3 20 21 22 
3 20 14 21 
3 14 16 21 
3 17 23 16 
3 23 21 16 
3 24 18 25 
3 24 23 18 
3 23 17 18 
3 19 25 18 
3 26 22 21 
3 27 22 26 
3 23 28 21 
3 28 26 21 
3 29 23 24 
3 28 23 29 
3 26 30 27 
3 28 30 26 
3 31 30 28 
3 29 31 28 
3 32 33 34 
3 33 35 34 
3 36 37 32 
3 37 33 32 
3 38 39 36 
3 39 37 36 
3 40 41 38 
3 41 39 38 
3 42 43 40 
3 43 41 40 
3 44 45 42 
3 45 43 42 
3 46 47 44 
3 47 45 44 
3 48 49 46 
3 49 47 46 
3 50 51 48 
3 51 49 48 
3 52 53 50 
3 53 51 50 
3 54 55 52 
3 55 53 52 
3 56 57 54 
3 57 55 54 
3 58 59 56 
3 59 57 56 
3 60 61 58 
3 61 59 58 
3 62 63 60 
3 63 61 60 
3 64 65 62 
3 65 63 62 
3 66 67 64 
3 67 65 64 
3 68 69 66 
3 69 67 66 
3 70 71 68 
3 71 69 68 
3 72 73 70 
3 73 71 70 
3 74 75 72 
3 75 73 72 
3 76 77 74 
3 77 75 74 
3 78 79 76 
3 79 77 76 
3 80 81 78 
3 81 79 78 
3 82 83 80 
3 83 81 80 
3 84 85 82 
3 85 83 82 
3 86 87 84 
3 87 85 84 
3 33 88 35 
3 88 89 35 
3 37 90 33 
3 90 88 33 
3 39 91 37 
3 91 90 37 
3 41 92 39 
3 92 91 39 
3 43 93 41 
3 93 92 41 
3 45 94 43 
3 94 93 43 
3 47 95 45 
3 95 94 45 
3 49 96 47 
3 96 95 47 
3 51 97 49 
3 97 96 49 
3 53 98 51 
3 98 97 51 
3 55 99 53 
3 99 98 53 
3 57 100 55 
3 100 99 55 
3 59 101 57 
3 101 100 57 
3 61 102 59 
3 102 101 59 
3 63 103 61 
3 103 102 61 
3 65 104 63 
3 104 103 63 
3 67 105 65 
3 105 104 65 
3 69 106 67 
3 106 105 67 
3 71 107 69 
3 107 106 69 
3 73 108 71 
3 108 107 71 
3 75 109 73 
3 109 108 73 
3 77 110 75 
3 110 109 75 
3 79 111 77 
3 111 110 77 
3 81 112 79 
3 112 111 79 
3 83 113 81 
3 113 112 81 
3 85 114 83 
3 114 113 83 
3 87 115 85 
3 115 114 85 
3 88 116 89 
3 116 117 89 
3 90 118 88 
3 118 116 88 
3 91 119 90 
3 119 118 90 
3 92 120 91 
3 120 119 91 
3 93 121 92 
3 121 120 92 
3 94 122 93 
3 122 121 93 
3 95 123 94 
3 123 122 94 
3 96 124 95 
3 124 123 95 
3 97 125 96 
3 125 124 96 
3 98 126 97 
3 126 125 97 
3 99 127 98 
3 127 126 98 
3 100 128 99 
3 128 127 99 
3 101 129 100 
3 129 128 100 
3 102 130 101 
3 130 129 101 
3 103 131 102 
3 131 130 102 
3 104 132 103 
3 132 131 103 
3 105 133 104 
3 133 132 104 
3 106 134 105 
3 134 133 105 
3 107 135 106 
3 135 134 106 
3 108 136 107 
3 136 135 107 
3 109 137 108 
3 137 136 108 
3 110 138 109 
3 138 137 109 
3 111 139 110 
3 139 138 110 
3 112 140 111 
3 140 139 111 
3 113 141 112 
3 141 140 112 
3 114 142 113 
3 142 141 113 
3 115 143 114 
3 143 142 114 
3 116 144 117 
3 144 145 117 
3 118 146 116 
3 146 144 116 
3 119 147 118 
3 147 146 118 
3 120 148 119 
3 148 147 119 
3 121 149 120 
3 149 148 120 
3 122 150 121 
3 150 149 121 
3 123 151 122 
3 151 150 122 
3 124 152 123 
3 152 151 123 
3 125 153 124 
3 153 152 124 
3 126 154 125 
3 154 153 125 
3 127 155 126 
3 155 154 126 
3 128 156 127 
3 156 155 127 
3 129 157 128 
3 157 156 128 
3 130 158 129 
3 158 157 129 
3 131 159 130 
3 159 158 130 
3 132 160 131 
3 160 159 131 
3 133 161 132 
3 161 160 132 
3 134 162 133 
3 162 161 133 
3 135 163 134 
3 163 162 134 
3 136 164 135 
3 164 163 135 
3 137 165 136 
3 165 164 136 
3 138 166 137 
3 166 165 137 
3 139 167 138 
3 167 166 138 
3 140 168 139 
3 168 167 139 
3 141 169 140 
3 169 168 140 
3 142 170 141 
3 170 169 141 
3 143 171 142 
3 171 170 142 
3 144 172 145 
3 172 173 145 
3 146 174 144 
3 174 172 144 
3 147 175 146 
3 175 174 146 
3 148 176 147 
3 176 175 147 
3 149 177 148 
3 177 176 148 
3 150 178 149 
3 178 177 149 
3 151 179 150 
3 179 178 150 
3 152 180 151 
3 180 179 151 
3 153 181 152 
3 181 180 152 
3 154 182 153 
3 182 181 153 
3 155 183 154 
3 183 182 154 
3 156 184 155 
3 184 183 155 
3 157 185 156 
3 185 184 156 
3 158 186 157 
3 186 185 157 
3 159 187 158 
3 187 186 158 
3 160 188 159 
3 188 187 159 
3 161 189 160 
3 189 188 160 
3 162 190 161 
3 190 189 161 
3 163 191 162 
3 191 190 162 
3 164 192 163 
3 192 191 163 
3 165 193 164 
3 193 192 164 
3 166 194 165 
3 194 193 165 
3 167 195 166 
3 195 194 166 
3 168 196 167 
3 196 195 167 
3 169 197 168 
3 197 196 168 
3 170 198 169 
3 198 197 169 
3 171 199 170 
3 199 198 170 
3 172 200 173 
3 200 201 173 
3 174 202 172 
3 202 200 172 
3 175 203 174 
3 203 202 174 
3 176 204 175 
3 204 203 175 
3 177 205 176 
3 205 204 176 
3 178 206 177 
3 206 205 177 
3 179 207 178 
3 207 206 178 
3 180 208 179 
3 208 207 179 
3 181 209 180 
3 209 208 180 
3 182 210 181 
3 210 209 181 
3 183 211 182 
3 211 210 182 
3 184 212 183 
3 212 211 183 
3 185 213 184 
3 213 212 184 
3 186 214 185 
3 214 213 185 
3 187 215 186 
3 215 214 186 
3 188 216 187 
3 216 215 187 
3 189 217 188 
3 217 216 188 
3 190 218 189 
3 218 217 189 
3 191 219 190 
3 219 218 190 
3 192 220 191 
3 220 219 191 
3 193 221 192 
3 221 220 192 
3 194 222 193 
3 222 221 193 
3 195 223 194 
3 223 222 194 
3 196 224 195 
3 224 223 195 
3 197 225 196 
3 225 224 196 
3 198 226 197 
3 226 225 197 
3 199 227 198 
3 227 226 198 
3 200 228 201 
3 228 229 201 
3 202 230 200 
3 230 228 200 
3 203 231 202 
3 231 230 202 
3 204 232 203 
3 232 231 203 
3 205 233 204 
3 233 232 204 
3 206 234 205 
3 234 233 205 
3 207 235 206 
3 235 234 206 
3 208 236 207 
3 236 235 207 
3 209 237 208 
3 237 236 208 
3 210 238 209 
3 238 237 209 
3 211 239 210 
3 239 238 210 
3 212 240 211 
3 240 239 211 
3 213 241 212 
3 241 240 212 
3 214 242 213 
3 242 241 213 
3 215 243 214 
3 243 242 214 
3 216 244 215 
3 244 243 215 
3 217 245 216 
3 245 244 216 
3 2 1 245 
3 2 245 218 
3 218 245 217 
3 3 2 218 
3 219 3 218 
3 5 3 219 
3 5 219 246 
3 246 219 220 
3 221 247 220 
3 247 246 220 
3 222 248 221 
3 248 247 221 
3 223 249 222 
3 249 248 222 
3 224 250 223 
3 250 249 223 
3 225 251 224 
3 251 250 224 
3 226 252 225 
3 252 251 225 
3 227 253 226 
3 253 252 226 
3 228 254 229 
3 254 255 229 
3 230 256 228 
3 256 254 228 
3 231 257 230 
3 257 256 230 
3 232 258 231 
3 258 257 231 
3 233 259 232 
3 259 258 232 
3 234 260 233 
3 260 259 233 
3 235 261 234 
3 261 260 234 
3 236 262 235 
3 262 261 235 
3 237 263 236 
3 263 262 236 
3 238 264 237 
3 264 263 237 
3 239 265 238 
3 265 264 238 
3 240 266 239 
3 266 265 239 
3 241 267 240 
3 267 266 240 
3 242 268 241 
3 268 267 241 
3 243 269 242 
3 269 268 242 
3 244 270 243 
3 270 269 243 
3 8 7 270 
3 8 270 245 
3 245 270 244 
3 1 8 245 
3 5 246 11 
3 13 11 246 
3 13 246 271 
3 271 246 247 
3 248 272 247 
3 272 271 247 
3 249 273 248 
3 273 272 248 
3 250 274 249 
3 274 273 249 
3 251 275 250 
3 275 274 250 
3 252 276 251 
3 276 275 251 
3 253 277 252 
3 277 276 252 
3 254 278 255 
3 278 279 255 
3 256 280 254 
3 280 278 254 
3 257 281 256 
3 281 280 256 
3 258 282 257 
3 282 281 257 
3 259 283 258 
3 283 282 258 
3 260 284 259 
3 284 283 259 
3 261 285 260 
3 285 284 260 
3 262 286 261 
3 286 285 261 
3 263 287 262 
3 287 286 262 
3 264 288 263 
3 288 287 263 
3 265 289 264 
3 289 288 264 
3 266 290 265 
3 290 289 265 
3 267 291 266 
3 291 290 266 
3 268 292 267 
3 292 291 267 
3 269 293 268 
3 293 292 268 
3 270 294 269 
3 294 293 269 
3 7 15 294 
3 270 7 294 
3 271 295 19 
3 13 271 19 
3 272 296 271 
3 296 295 271 
3 273 297 272 
3 297 296 272 
3 274 298 273 
3 298 297 273 
3 275 299 274 
3 299 298 274 
3 276 300 275 
3 300 299 275 
3 277 301 276 
3 301 300 276 
3 278 302 279 
3 302 303 279 
3 280 304 278 
3 304 302 278 
3 281 305 280 
3 305 304 280 
3 282 306 281 
3 306 305 281 
3 283 307 282 
3 307 306 282 
3 284 308 283 
3 308 307 283 
3 285 309 284 
3 309 308 284 
3 286 310 285 
3 310 309 285 
3 287 311 286 
3 311 310 286 
3 288 312 287 
3 312 311 287 
3 289 313 288 
3 313 312 288 
3 290 314 289 
3 314 313 289 
3 291 315 290 
3 315 314 290 
3 292 316 291 
3 316 315 291 
3 293 317 292 
3 317 316 292 
3 294 318 293 
3 318 317 293 
3 15 20 319 
3 15 319 294 
3 294 319 318 
3 20 22 319 
3 25 320 24 
3 25 19 295 
3 25 295 320 
3 320 295 321 
3 296 322 295 
3 322 321 295 
3 297 323 296 
3 323 322 296 
3 298 324 297 
3 324 323 297 
3 299 325 298 
3 325 324 298 
3 300 326 299 
3 326 325 299 
3 301 327 300 
3 327 326 300 
3 302 328 303 
3 328 329 303 
3 304 330 302 
3 330 328 302 
3 305 331 304 
3 331 330 304 
3 306 332 305 
3 332 331 305 
3 307 333 306 
3 333 332 306 
3 308 334 307 
3 334 333 307 
3 309 335 308 
3 335 334 308 
3 310 336 309 
3 336 335 309 
3 311 337 310 
3 337 336 310 
3 312 338 311 
3 338 337 311 
3 313 339 312 
3 339 338 312 
3 314 340 313 
3 340 339 313 
3 315 341 314 
3 341 340 314 
3 316 342 315 
3 342 341 315 
3 317 343 316 
3 343 342 316 
3 318 344 317 
3 344 343 317 
3 319 345 318 
3 345 344 318 
3 22 27 345 
3 319 22 345 
3 320 346 29 
3 24 320 29 
3 321 347 320 
3 347 346 320 
3 322 348 321 
3 348 347 321 
3 323 349 322 
3 349 348 322 
3 324 350 323 
3 350 349 323 
3 325 351 324 
3 351 350 324 
3 326 352 325 
3 352 351 325 
3 327 353 326 
3 353 352 326 
3 328 354 329 
3 354 355 329 
3 330 356 328 
3 356 354 328 
3 331 357 330 
3 357 356 330 
3 332 358 331 
3 358 357 331 
3 333 359 332 
3 359 358 332 
3 334 360 333 
3 360 359 333 
3 335 361 334 
3 361 360 334 
3 336 362 335 
3 362 361 335 
3 337 363 336 
3 363 362 336 
3 338 364 337 
3 364 363 337 
3 339 365 338 
3 365 364 338 
3 340 366 339 
3 366 365 339 
3 341 367 340 
3 367 366 340 
3 342 368 341 
3 368 367 341 
3 343 369 342 
3 369 368 342 
3 344 370 343 
3 370 369 343 
3 345 371 344 
3 371 370 344 
3 27 30 372 
3 27 372 345 
3 345 372 371 
3 30 31 373 
3 372 30 373 
3 31 29 346 
3 31 346 373 
3 373 346 374 
3 347 375 346 
3 375 374 346 
3 348 376 347 
3 376 375 347 
3 349 377 348 
3 377 376 348 
3 350 378 349 
3 378 377 349 
3 351 379 350 
3 379 378 350 
3 352 380 351 
3 380 379 351 
3 353 381 352 
3 381 380 352 
3 354 382 355 
3 382 383 355 
3 356 384 354 
3 384 382 354 
3 357 385 356 
3 385 384 356 
3 358 386 357 
3 386 385 357 
3 359 387 358 
3 387 386 358 
3 360 388 359 
3 388 387 359 
3 361 389 360 
3 389 388 360 
3 362 390 361 
3 390 389 361 
3 363 391 362 
3 391 390 362 
3 364 392 363 
3 392 391 363 
3 365 393 364 
3 393 392 364 
3 366 394 365 
3 394 393 365 
3 367 395 366 
3 395 394 366 
3 368 396 367 
3 396 395 367 
3 369 397 368 
3 397 396 368 
3 370 398 369 
3 398 397 369 
3 371 399 370 
3 399 398 370 
3 372 400 371 
3 400 399 371 
3 373 401 372 
3 401 400 372 
3 374 402 373 
3 402 401 373 
3 375 403 374 
3 403 402 374 
3 376 404 375 
3 404 403 375 
3 377 405 376 
3 405 404 376 
3 378 406 377 
3 406 405 377 
3 379 407 378 
3 407 406 378 
3 380 408 379 
3 408 407 379 
3 381 409 380 
3 409 408 380 
3 382 410 383 
3 410 411 383 
3 384 412 382 
3 412 410 382 
3 385 413 384 
3 413 412 384 
3 386 414 385 
3 414 413 385 
3 387 415 386 
3 415 414 386 
3 388 416 387 
3 416 415 387 
3 389 417 388 
3 417 416 388 
3 390 418 389 
3 418 417 389 
3 391 419 390 
3 419 418 390 
3 392 420 391 
3 420 419 391 
3 393 421 392 
3 421 420 392 
3 394 422 393 
3 422 421 393 
3 395 423 394 
3 423 422 394 
3 396 424 395 
3 424 423 395 
3 397 425 396 
3 425 424 396 
3 398 426 397 
3 426 425 397 
3 399 427 398 
3 427 426 398 
3 400 428 399 
3 428 427 399 
3 401 429 400 
3 429 428 400 
3 402 430 401 
3 430 429 401 
3 403 431 402 
3 431 430 402 
3 404 432 403 
3 432 431 403 
3 405 433 404 
3 433 432 404 
3 406 434 405 
3 434 433 405 
3 407 435 406 
3 435 434 406 
3 408 436 407 
3 436 435 407 
3 409 437 408 
3 437 436 408 
3 410 438 411 
3 438 439 411 
3 412 440 410 
3 440 438 410 
3 413 441 412 
3 441 440 412 
3 414 442 413 
3 442 441 413 
3 415 443 414 
3 443 442 414 
3 416 444 415 
3 444 443 415 
3 417 445 416 
3 445 444 416 
3 418 446 417 
3 446 445 417 
3 419 447 418 
3 447 446 418 
3 420 448 419 
3 448 447 419 
3 421 449 420 
3 449 448 420 
3 422 450 421 
3 450 449 421 
3 423 451 422 
3 451 450 422 
3 424 452 423 
3 452 451 423 
3 425 453 424 
3 453 452 424 
3 426 454 425 
3 454 453 425 
3 427 455 426 
3 455 454 426 
3 428 456 427 
3 456 455 427 
3 429 457 428 
3 457 456 428 
3 430 458 429 
3 458 457 429 
3 431 459 430 
3 459 458 430 
3 432 460 431 
3 460 459 431 
3 433 461 432 
3 461 460 432 
3 434 462 433 
3 462 461 433 
3 435 463 434 
3 463 462 434 
3 436 464 435 
3 464 463 435 
3 437 465 436 
3 465 464 436 
3 438 466 439 
3 466 467 439 
3 440 468 438 
3 468 466 438 
3 441 469 440 
3 469 468 440 
3 442 470 441 
3 470 469 441 
3 443 471 442 
3 471 470 442 
3 444 472 443 
3 472 471 443 
3 445 473 444 
3 473 472 444 
3 446 474 445 
3 474 473 445 
3 447 475 446 
3 475 474 446 
3 448 476 447 
3 476 475 447 
3 449 477 448 
3 477 476 448 
3 450 478 449 
3 478 477 449 
3 451 479 450 
3 479 478 450 
3 452 480 451 
3 480 479 451 
3 453 481 452 
3 481 480 452 
3 454 482 453 
3 482 481 453 
3 455 483 454 
3 483 482 454 
3 456 484 455 
3 484 483 455 
3 457 485 456 
3 485 484 456 
3 458 486 457 
3 486 485 457 
3 459 487 458 
3 487 486 458 
3 460 488 459 
3 488 487 459 
3 461 489 460 
3 489 488 460 
3 462 490 461 
3 490 489 461 
3 463 491 462 
3 491 490 462 
3 464 492 463 
3 492 491 463 
3 465 493 464 
3 493 492 464 
3 466 494 467 
3 494 495 467 
3 468 496 466 
3 496 494 466 
3 469 497 468 
3 497 496 468 
3 470 498 469 
3 498 497 469 
3 471 499 470 
3 499 498 470 
3 472 500 471 
3 500 499 471 
3 473 501 472 
3 501 500 472 
3 474 502 473 
3 502 501 473 
3 475 503 474 
3 503 502 474 
3 476 504 475 
3 504 503 475 
3 477 505 476 
3 505 504 476 
3 478 506 477 
3 506 505 477 
3 479 507 478 
3 507 506 478 
3 480 508 479 
3 508 507 479 
3 481 509 480 
3 509 508 480 
3 482 510 481 
3 510 509 481 
3 483 511 482 
3 511 510 482 
3 484 512 483 
3 512 511 483 
3 485 513 484 
3 513 512 484 
3 486 514 485 
3 514 513 485 
3 487 515 486 
3 515 514 486 
3 488 516 487 
3 516 515 487 
3 489 517 488 
3 517 516 488 
3 490 518 489 
3 518 517 489 
3 491 519 490 
3 519 518 490 
3 492 520 491 
3 520 519 491 
3 493 521 492 
3 521 520 492 
3 494 522 495 
3 522 523 495 
3 496 524 494 
3 524 522 494 
3 497 525 496 
3 525 524 496 
3 498 526 497 
3 526 525 497 
3 499 527 498 
3 527 526 498 
3 500 528 499 
3 528 527 499 
3 501 529 500 
3 529 528 500 
3 502 530 501 
3 530 529 501 
3 503 531 502 
3 531 530 502 
3 504 532 503 
3 532 531 503 
3 505 533 504 
3 533 532 504 
3 506 534 505 
3 534 533 505 
3 507 535 506 
3 535 534 506 
3 508 536 507 
3 536 535 507 
3 509 537 508 
3 537 536 508 
3 510 538 509 
3 538 537 509 
3 511 539 510 
3 539 538 510 
3 512 540 511 
3 540 539 511 
3 513 541 512 
3 541 540 512 
3 514 542 513 
3 542 541 513 
3 515 543 514 
3 543 542 514 
3 516 544 515 
3 544 543 515 
3 517 545 516 
3 545 544 516 
3 518 546 517 
3 546 545 517 
3 519 547 518 
3 547 546 518 
3 520 548 519 
3 548 547 519 
3 521 549 520 
3 549 548 520 
3 522 550 523 
3 550 551 523 
3 524 552 522 
3 552 550 522 
3 525 553 524 
3 553 552 524 
3 526 554 525 
3 554 553 525 
3 527 555 526 
3 555 554 526 
3 528 556 527 
3 556 555 527 
3 529 557 528 
3 557 556 528 
3 530 558 529 
3 558 557 529 
3 531 559 530 
3 559 558 530 
3 532 560 531 
3 560 559 531 
3 533 561 532 
3 561 560 532 
3 534 562 533 
3 562 561 533 
3 535 563 534 
3 563 562 534 
3 536 564 535 
3 564 563 535 
3 537 565 536 
3 565 564 536 
3 538 566 537 
3 566 565 537 
3 539 567 538 
3 567 566 538 
3 540 568 539 
3 568 567 539 
3 541 569 540 
3 569 568 540 
3 542 570 541 
3 570 569 541 
3 543 571 542 
3 571 570 542 
3 544 572 543 
3 572 571 543 
3 545 573 544 
3 573 572 544 
3 546 574 545 
3 574 573 545 
3 547 575 546 
3 575 574 546 
3 548 576 547 
3 576 575 547 
3 549 577 548 
3 577 576 548 
3 550 578 551 
3 578 579 551 
3 552 580 550 
3 580 578 550 
3 553 581 552 
3 581 580 552 
3 554 582 553 
3 582 581 553 
3 555 583 554 
3 583 582 554 
3 556 584 555 
3 584 583 555 
3 557 585 556 
3 585 584 556 
3 558 586 557 
3 586 585 557 
3 559 587 558 
3 587 586 558 
3 560 588 559 
3 588 587 559 
3 561 589 560 
3 589 588 560 
3 562 590 561 
3 590 589 561 
3 563 591 562 
3 591 590 562 
3 564 592 563 
3 592 591 563 
3 565 593 564 
3 593 592 564 
3 566 594 565 
3 594 593 565 
3 567 595 566 
3 595 594 566 
3 568 596 567 
3 596 595 567 
3 569 597 568 
3 597 596 568 
3 570 598 569 
3 598 597 569 
3 571 599 570 
3 599 598 570 
3 572 600 571 
3 600 599 571 
3 573 601 572 
3 601 600 572 
3 574 602 573 
3 602 601 573 
3 575 603 574 
3 603 602 574 
3 576 604 575 
3 604 603 575 
3 577 605 576 
3 605 604 576 
3 578 606 579 
3 606 607 579 
3 580 608 578 
3 608 606 578 
3 581 609 580 
3 609 608 580 
3 582 610 581 
3 610 609 581 
3 583 611 582 
3 611 610 582 
3 584 612 583 
3 612 611 583 
3 585 613 584 
3 613 612 584 
3 586 614 585 
3 614 613 585 
3 587 615 586 
3 615 614 586 
3 588 616 587 
3 616 615 587 
3 589 617 588 
3 617 616 588 
3 590 618 589 
3 618 617 589 
3 591 619 590 
3 619 618 590 
3 592 620 591 
3 620 619 591 
3 593 621 592 
3 621 620 592 
3 594 622 593 
3 622 621 593 
3 595 623 594 
3 623 622 594 
3 596 624 595 
3 624 623 595 
3 597 625 596 
3 625 624 596 
3 598 626 597 
3 626 625 597 
3 599 627 598 
3 627 626 598 
3 600 628 599 
3 628 627 599 
3 601 629 600 
3 629 628 600 
3 602 630 601 
3 630 629 601 
3 603 631 602 
3 631 630 602 
3 604 632 603 
3 632 631 603 
3 605 633 604 
3 633 632 604 
3 606 634 607 
3 634 635 607 
3 608 636 606 
3 636 634 606 
3 609 637 608 
3 637 636 608 
3 610 638 609 
3 638 637 609 
3 611 639 610 
3 639 638 610 
3 612 640 611 
3 640 639 611 
3 613 641 612 
3 641 640 612 
3 614 642 613 
3 642 641 613 
3 615 643 614 
3 643 642 614 
3 616 644 615 
3 644 643 615 
3 617 645 616 
3 645 644 616 
3 618 646 617 
3 646 645 617 
3 619 647 618 
3 647 646 618 
3 620 648 619 
3 648 647 619 
3 621 649 620 
3 649 648 620 
3 622 650 621 
3 650 649 621 
3 623 651 622 
3 651 650 622 
3 624 652 623 
3 652 651 623 
3 625 653 624 
3 653 652 624 
3 626 654 625 
3 654 653 625 
3 627 655 626 
3 655 654 626 
3 628 656 627 
3 656 655 627 
3 629 657 628 
3 657 656 628 
3 630 658 629 
3 658 657 629 
3 631 659 630 
3 659 658 630 
3 632 660 631 
3 660 659 631 
3 633 661 632 
3 661 660 632 
3 634 662 635 
3 662 663 635 
3 636 664 634 
3 664 662 634 
3 637 665 636 
3 665 664 636 
3 638 666 637 
3 666 665 637 
3 639 667 638 
3 667 666 638 
3 640 668 639 
3 668 667 639 
3 641 669 640 
3 669 668 640 
3 642 670 641 
3 670 669 641 
3 643 671 642 
3 671 670 642 
3 644 672 643 
3 672 671 643 
3 645 673 644 
3 673 672 644 
3 646 674 645 
3 674 673 645 
3 647 675 646 
3 675 674 646 
3 648 676 647 
3 676 675 647 
3 649 677 648 
3 677 676 648 
3 650 678 649 
3 678 677 649 
3 651 679 650 
3 679 678 650 
3 652 680 651 
3 680 679 651 
3 653 681 652 
3 681 680 652 
3 654 682 653 
3 682 681 653 
3 655 683 654 
3 683 682 654 
3 656 684 655 
3 684 683 655 
3 657 685 656 
3 685 684 656 
3 658 686 657 
3 686 685 657 
3 659 687 658 
3 687 686 658 
3 660 688 659 
3 688 687 659 
3 661 689 660 
3 689 688 660 
3 690 691 692 
3 1080 1081 693 
3 1082 1083 694 
3 1084 1082 694 
3 695 696 697 
3 696 695 698 
3 699 695 697 
3 700 699 697 
3 701 698 695 
3 701 695 702 
3 702 695 699 
3 1085 1086 703 
3 691 699 700 
3 691 700 692 
3 692 700 704 
3 693 699 1080 
3 693 705 699 
3 705 702 699 
3 706 703 1086 
3 1087 706 1086 
3 1083 1088 707 
3 694 1083 707 
3 705 693 694 
3 1089 694 708 
3 708 694 707 
3 706 1087 1090 
3 709 710 711 
3 712 709 711 
3 713 710 714 
3 714 710 709 
3 715 716 713 
3 714 715 713 
3 717 709 712 
3 718 717 712 
3 714 709 719 
3 719 709 717 
3 720 715 714 
3 719 720 714 
3 721 717 718 
3 722 721 718 
3 719 717 723 
3 723 717 721 
3 724 720 719 
3 723 724 719 
3 725 721 722 
3 726 725 722 
3 723 721 727 
3 727 721 725 
3 728 724 723 
3 727 728 723 
3 729 725 726 
3 730 729 726 
3 727 725 731 
3 731 725 729 
3 732 728 727 
3 731 732 727 
3 733 729 730 
3 734 733 730 
3 731 729 735 
3 735 729 733 
3 736 732 731 
3 1091 736 731 
3 696 733 734 
3 696 734 697 
3 697 734 737 
3 698 733 696 
3 698 738 733 
3 738 735 733 
3 739 736 1091 
3 1092 739 1091 
3 697 737 700 
3 1093 740 1094 
3 698 701 738 
3 1092 1085 703 
3 1092 703 739 
3 739 703 741 
3 1094 740 1095 
3 740 742 1095 
3 703 706 741 
3 741 706 743 
3 744 707 704 
3 744 704 745 
3 1096 1095 742 
3 707 746 708 
3 744 746 707 
3 708 746 747 
3 708 747 706 
3 706 1097 743 
3 748 744 745 
3 749 748 745 
3 746 744 750 
3 750 744 748 
3 751 747 1098 
3 1099 751 1098 
3 748 749 752 
3 750 748 752 
3 753 750 752 
3 751 750 753 
3 1100 754 1101 
3 754 755 1101 
3 716 715 756 
3 756 715 757 
3 758 759 760 
3 761 758 760 
3 762 759 763 
3 763 759 758 
3 764 762 765 
3 765 762 763 
3 1101 755 1102 
3 755 766 1102 
3 715 720 757 
3 757 720 767 
3 768 758 761 
3 769 768 761 
3 763 758 770 
3 770 758 768 
3 765 763 771 
3 771 763 770 
3 1102 766 1103 
3 766 772 1103 
3 720 724 767 
3 767 724 773 
3 768 769 774 
3 770 768 774 
3 775 770 774 
3 771 770 775 
3 776 771 775 
3 1103 772 1104 
3 772 777 1104 
3 724 728 773 
3 773 728 778 
3 1104 777 1105 
3 777 779 1105 
3 728 732 778 
3 778 732 780 
3 1105 779 734 
3 779 781 734 
3 732 736 780 
3 780 736 782 
3 734 781 737 
3 781 783 737 
3 736 739 782 
3 782 739 784 
3 785 786 787 
3 737 783 740 
3 783 788 740 
3 789 741 790 
3 789 784 741 
3 784 739 741 
3 790 791 792 
3 1106 790 792 
3 792 791 793 
3 785 787 794 
3 740 788 742 
3 788 795 742 
3 790 743 796 
3 741 743 790 
3 797 798 791 
3 797 791 1107 
3 1107 791 790 
3 793 791 798 
3 742 795 1096 
3 795 799 1096 
3 796 800 801 
3 796 743 800 
3 743 747 800 
3 797 1107 1108 
3 1096 799 1109 
3 799 802 1109 
3 747 751 800 
3 800 751 803 
3 1110 1111 804 
3 1112 1110 804 
3 1113 752 805 
3 752 804 805 
3 803 751 1114 
3 1115 803 1114 
3 754 806 755 
3 806 807 755 
3 808 757 809 
3 756 757 808 
3 810 1116 811 
3 811 1116 1117 
3 812 810 813 
3 813 810 811 
3 814 812 815 
3 815 812 813 
3 816 814 817 
3 817 814 815 
3 760 817 761 
3 816 817 760 
3 755 807 766 
3 807 818 766 
3 809 767 819 
3 757 767 809 
3 811 1117 820 
3 820 1117 1118 
3 813 811 821 
3 821 811 820 
3 815 813 822 
3 822 813 821 
3 817 815 823 
3 823 815 822 
3 761 823 769 
3 817 823 761 
3 766 818 772 
3 818 824 772 
3 819 825 826 
3 819 767 825 
3 767 773 825 
3 820 1118 1119 
3 827 820 1119 
3 821 820 827 
3 828 821 827 
3 822 821 828 
3 829 822 828 
3 829 830 831 
3 829 831 822 
3 822 831 823 
3 769 832 774 
3 769 823 832 
3 823 831 832 
3 774 833 775 
3 832 833 774 
3 775 834 776 
3 833 834 775 
3 772 824 777 
3 824 835 777 
3 773 778 825 
3 825 778 836 
3 837 838 839 
3 830 838 837 
3 830 837 831 
3 831 837 840 
3 832 831 841 
3 841 831 840 
3 833 832 842 
3 842 832 841 
3 834 833 843 
3 843 833 842 
3 777 835 779 
3 835 844 779 
3 845 780 846 
3 845 836 780 
3 836 778 780 
3 1120 847 848 
3 1121 1120 848 
3 847 849 850 
3 848 847 850 
3 839 850 849 
3 839 849 837 
3 837 849 851 
3 840 837 852 
3 852 837 851 
3 841 840 853 
3 853 840 852 
3 842 841 854 
3 854 841 853 
3 843 842 855 
3 855 842 854 
3 779 844 781 
3 844 856 781 
3 846 782 857 
3 780 782 846 
3 847 1120 858 
3 858 1120 1122 
3 849 847 859 
3 859 847 858 
3 851 849 860 
3 860 849 859 
3 852 851 861 
3 861 851 860 
3 853 852 862 
3 862 852 861 
3 854 853 863 
3 863 853 862 
3 855 854 864 
3 864 854 863 
3 865 866 867 
3 865 856 866 
3 865 783 856 
3 783 781 856 
3 857 784 868 
3 782 784 857 
3 858 1122 869 
3 869 1122 868 
3 859 858 870 
3 870 858 869 
3 860 859 871 
3 871 859 870 
3 861 860 872 
3 872 860 871 
3 862 861 873 
3 873 861 872 
3 863 862 874 
3 874 862 873 
3 786 874 787 
3 786 864 874 
3 864 863 874 
3 865 867 875 
3 875 783 865 
3 875 876 783 
3 876 1123 783 
3 784 789 868 
3 792 868 1106 
3 869 868 792 
3 793 869 792 
3 793 877 869 
3 877 870 869 
3 871 870 878 
3 878 870 877 
3 872 871 879 
3 879 871 878 
3 873 872 880 
3 880 872 879 
3 874 873 881 
3 881 873 880 
3 787 882 794 
3 787 874 882 
3 874 881 882 
3 1123 876 1124 
3 1125 883 795 
3 798 797 884 
3 798 877 793 
3 798 884 877 
3 884 885 877 
3 878 877 886 
3 886 877 885 
3 879 878 887 
3 887 878 886 
3 880 879 888 
3 888 879 887 
3 881 880 889 
3 889 880 888 
3 882 881 890 
3 890 881 889 
3 795 883 799 
3 883 891 799 
3 801 800 892 
3 801 884 797 
3 801 892 884 
3 892 893 884 
3 885 884 894 
3 894 884 893 
3 886 885 895 
3 895 885 894 
3 887 886 896 
3 896 886 895 
3 888 887 897 
3 897 887 896 
3 889 888 898 
3 898 888 897 
3 890 889 899 
3 899 889 898 
3 799 891 802 
3 891 900 802 
3 892 803 901 
3 800 803 892 
3 902 903 893 
3 902 893 1126 
3 1126 893 892 
3 894 893 903 
3 904 894 903 
3 895 894 904 
3 905 895 904 
3 905 906 907 
3 905 907 895 
3 895 907 896 
3 897 896 908 
3 908 896 907 
3 898 897 909 
3 909 897 908 
3 899 898 910 
3 910 898 909 
3 1111 1127 911 
3 804 1111 911 
3 805 804 912 
3 804 911 912 
3 901 803 1115 
3 901 1128 913 
3 1129 1115 1130 
3 902 901 913 
3 907 906 914 
3 914 915 916 
3 914 916 907 
3 907 916 908 
3 909 908 917 
3 917 908 916 
3 910 909 918 
3 918 909 917 
3 916 915 919 
3 919 920 921 
3 919 921 916 
3 916 921 917 
3 918 917 922 
3 922 917 921 
3 921 920 923 
3 923 924 925 
3 923 925 921 
3 921 925 922 
3 925 924 926 
3 927 928 929 
3 927 930 931 
3 928 927 931 
3 932 933 934 
3 932 935 936 
3 933 932 936 
3 929 936 935 
3 929 935 927 
3 927 935 937 
3 930 927 938 
3 938 927 937 
3 939 932 934 
3 940 939 934 
3 935 932 941 
3 941 932 939 
3 937 935 942 
3 942 935 941 
3 938 937 943 
3 943 937 942 
3 806 944 807 
3 944 945 807 
3 807 945 818 
3 945 946 818 
3 818 946 824 
3 946 947 824 
3 826 825 948 
3 1119 949 827 
3 1131 949 1119 
3 827 950 828 
3 949 950 827 
3 828 951 829 
3 950 951 828 
3 829 951 830 
3 824 947 835 
3 947 952 835 
3 948 836 953 
3 825 836 948 
3 949 1131 954 
3 954 1131 1132 
3 950 949 955 
3 955 949 954 
3 838 955 839 
3 838 951 955 
3 951 950 955 
3 830 951 838 
3 835 952 844 
3 952 956 844 
3 836 845 953 
3 848 1132 1121 
3 954 1132 848 
3 850 954 848 
3 955 954 850 
3 839 955 850 
3 844 956 856 
3 956 957 856 
3 866 958 959 
3 867 866 959 
3 957 866 856 
3 958 866 957 
3 960 875 867 
3 960 867 961 
3 961 867 959 
3 875 960 876 
3 960 961 962 
3 962 876 960 
3 962 963 876 
3 963 883 1125 
3 883 963 891 
3 963 964 891 
3 891 964 900 
3 964 965 900 
3 903 902 966 
3 903 967 904 
3 966 967 903 
3 904 968 905 
3 967 968 904 
3 905 968 906 
3 1127 1133 969 
3 911 1127 969 
3 912 911 970 
3 911 969 970 
3 913 1130 971 
3 912 970 1134 
3 966 902 913 
3 966 913 972 
3 972 913 971 
3 967 966 972 
3 973 967 972 
3 973 974 975 
3 973 975 967 
3 967 975 968 
3 906 976 914 
3 906 968 976 
3 968 975 976 
3 1135 1136 915 
3 975 974 977 
3 976 975 977 
3 978 976 977 
3 979 1137 980 
3 919 1137 979 
3 919 1136 1137 
3 919 915 1136 
3 919 979 920 
3 979 980 981 
3 982 981 983 
3 923 981 982 
3 923 979 981 
3 923 920 979 
3 923 982 924 
3 982 983 984 
3 985 984 986 
3 926 984 985 
3 926 982 984 
3 926 924 982 
3 985 986 987 
3 988 989 990 
3 1138 991 992 
3 989 988 1139 
3 991 993 994 
3 992 991 994 
3 993 1140 1141 
3 993 1141 994 
3 994 1141 995 
3 931 996 1141 
3 1141 996 1142 
3 997 998 999 
3 990 998 997 
3 990 997 988 
3 988 997 1000 
3 933 1000 934 
3 1143 991 1000 
3 1144 988 1000 
3 1145 991 1143 
3 993 991 1145 
3 1140 993 1145 
3 1001 1146 999 
3 1002 1001 999 
3 1000 997 1003 
3 1003 997 1001 
3 934 1003 940 
3 1000 1003 934 
3 1147 1004 1148 
3 1004 1005 1148 
3 1148 1005 1149 
3 1005 1006 1149 
3 1007 1008 1009 
3 1007 1010 1011 
3 1009 1010 1007 
3 1010 1012 1011 
3 1149 1006 1150 
3 1006 1013 1150 
3 1014 1015 1016 
3 1008 1014 1016 
3 1008 1007 1014 
3 1007 1017 1014 
3 1011 1018 1007 
3 1018 1017 1007 
3 1019 1011 1012 
3 1019 1020 1011 
3 1020 1018 1011 
3 1019 1021 1020 
3 1150 1013 1151 
3 1013 1022 952 
3 1023 1015 1014 
3 1024 1015 1023 
3 1017 1025 1014 
3 1025 1023 1014 
3 1018 1026 1017 
3 1026 1025 1017 
3 1020 1027 1018 
3 1027 1026 1018 
3 1028 1020 1021 
3 1027 1020 1028 
3 952 1022 1152 
3 1022 1029 956 
3 1023 1030 1024 
3 1025 1030 1023 
3 1031 1030 1025 
3 1026 1031 1025 
3 1032 1031 1026 
3 1027 1032 1026 
3 1033 1032 1027 
3 1028 1033 1027 
3 956 1029 1153 
3 1029 1034 957 
3 958 1035 1036 
3 1154 1155 1036 
3 1034 1155 957 
3 1035 1155 1034 
3 1154 1036 1156 
3 1157 1037 961 
3 961 1037 1038 
3 962 961 1038 
3 1038 963 962 
3 1039 963 1158 
3 963 1039 964 
3 1039 1040 964 
3 964 1040 965 
3 1040 1041 965 
3 1042 1043 1044 
3 1044 1045 1042 
3 1133 1041 1046 
3 969 1133 1046 
3 970 969 1047 
3 969 1046 1047 
3 971 970 1048 
3 970 1047 1159 
3 1160 1161 1049 
3 971 1048 1162 
3 1043 1042 1163 
3 1043 1163 1049 
3 1049 1163 1160 
3 1164 1050 1051 
3 1163 1050 1164 
3 1163 1045 1050 
3 1163 1042 1045 
3 1051 1052 1053 
3 1050 1052 1051 
3 1052 1054 1053 
3 1164 1051 1165 
3 1166 1165 1051 
3 1053 1166 1051 
3 1167 1055 1056 
3 1166 1055 1167 
3 1166 1054 1055 
3 1166 1053 1054 
3 1055 1057 1056 
3 1167 1056 1168 
3 1169 1058 1059 
3 1168 1058 1169 
3 1168 1057 1058 
3 1168 1056 1057 
3 1059 1060 1061 
3 1058 1060 1059 
3 1169 1059 1170 
3 1171 1170 1059 
3 1171 1059 1062 
3 1062 1059 1061 
3 1171 1062 1172 
3 1173 1063 1174 
3 1173 1175 1064 
3 1063 1173 1064 
3 1175 1176 1065 
3 1064 1175 1065 
3 1176 1177 1066 
3 1065 1176 1066 
3 1177 1178 1067 
3 1066 1177 1067 
3 1179 1068 1180 
3 1179 1174 1063 
3 1179 1063 1068 
3 1068 1063 1069 
3 1064 1070 1063 
3 1070 1069 1063 
3 1065 1071 1064 
3 1071 1070 1064 
3 1066 1072 1065 
3 1072 1071 1065 
3 1067 1073 1066 
3 1073 1072 1066 
3 1068 1074 1181 
3 1180 1068 1181 
3 1069 1075 1068 
3 1075 1074 1068 
3 1070 1076 1069 
3 1076 1075 1069 
3 1071 1077 1070 
3 1077 1076 1070 
3 1072 1078 1071 
3 1078 1077 1071 
3 1073 1079 1072 
3 1079 1078 1072 
3 1182 1183 1184 
3 1183 1185 1184 
3 1186 1187 1182 
3 1187 1183 1182 
3 1188 1189 1186 
3 1189 1187 1186 
3 1190 1191 1188 
3 1191 1189 1188 
3 1192 1193 1190 
3 1193 1191 1190 
3 1194 1195 1192 
3 1195 1193 1192 
3 1196 1197 1194 
3 1197 1195 1194 
3 1198 1199 1196 
3 1199 1197 1196 
3 1200 1201 1198 
3 1201 1199 1198 
3 1202 1203 1200 
3 1203 1201 1200 
3 1204 1205 1202 
3 1205 1203 1202 
3 1206 1207 1204 
3 1207 1205 1204 
3 1208 1209 1206 
3 1209 1207 1206 
3 1210 1211 1208 
3 1211 1209 1208 
3 1212 1213 1210 
3 1213 1211 1210 
3 1214 1215 1212 
3 1215 1213 1212 
3 1216 1217 1214 
3 1217 1215 1214 
3 1218 1999 1219 
3 2000 1999 1218 
3 1220 1221 1222 
3 1223 1221 1220 
3 1224 1225 2001 
3 1225 2002 2001 
3 1226 1227 1224 
3 1227 1225 1224 
3 1228 1229 1226 
3 1229 1227 1226 
3 1230 1231 1228 
3 1231 1229 1228 
3 1232 1233 1230 
3 1233 1231 1230 
3 1234 1235 1232 
3 1235 1233 1232 
3 1236 1237 1234 
3 1237 1235 1234 
3 1183 1238 1185 
3 1238 1239 1185 
3 1187 1240 1183 
3 1240 1238 1183 
3 1189 1241 1187 
3 1241 1240 1187 
3 1191 1242 1189 
3 1242 1241 1189 
3 1193 1243 1191 
3 1243 1242 1191 
3 1195 1244 1193 
3 1244 1243 1193 
3 1197 1245 1195 
3 1245 1244 1195 
3 1199 1246 1197 
3 1246 1245 1197 
3 1201 1247 1199 
3 1247 1246 1199 
3 1203 1248 1201 
3 1248 1247 1201 
3 1205 1249 1203 
3 1249 1248 1203 
3 1207 1250 1205 
3 1250 1249 1205 
3 1209 1251 1207 
3 1251 1250 1207 
3 1211 1252 1209 
3 1252 1251 1209 
3 1213 1253 1211 
3 1253 1252 1211 
3 1215 1254 1213 
3 1254 1253 1213 
3 1217 1255 1215 
3 1255 1254 1215 
3 1256 2000 1218 
3 2003 2000 1256 
3 1257 1223 1220 
3 1258 1223 1257 
3 1225 1259 2002 
3 1259 2004 2002 
3 1227 1260 1225 
3 1260 1259 1225 
3 1229 1261 1227 
3 1261 1260 1227 
3 1231 1262 1229 
3 1262 1261 1229 
3 1233 1263 1231 
3 1263 1262 1231 
3 1235 1264 1233 
3 1264 1263 1233 
3 1237 1265 1235 
3 1265 1264 1235 
3 1238 1266 1239 
3 1266 1267 1239 
3 1240 1268 1238 
3 1268 1266 1238 
3 1241 1269 1240 
3 1269 1268 1240 
3 1242 1270 1241 
3 1270 1269 1241 
3 1243 1271 1242 
3 1271 1270 1242 
3 1244 1272 1243 
3 1272 1271 1243 
3 1245 1273 1244 
3 1273 1272 1244 
3 1246 1274 1245 
3 1274 1273 1245 
3 1247 1275 1246 
3 1275 1274 1246 
3 1248 1276 1247 
3 1276 1275 1247 
3 1249 1277 1248 
3 1277 1276 1248 
3 1250 1278 1249 
3 1278 1277 1249 
3 1251 1279 1250 
3 1279 1278 1250 
3 1252 1280 1251 
3 1280 1279 1251 
3 1253 1281 1252 
3 1281 1280 1252 
3 1254 1282 1253 
3 1282 1281 1253 
3 1255 1283 1254 
3 1283 1282 1254 
3 1284 2003 1256 
3 2005 2003 1284 
3 1285 1258 1257 
3 1286 1258 1285 
3 1259 1287 2004 
3 1287 2006 2004 
3 1260 1288 1259 
3 1288 1287 1259 
3 1261 1289 1260 
3 1289 1288 1260 
3 1262 1290 1261 
3 1290 1289 1261 
3 1263 1291 1262 
3 1291 1290 1262 
3 1264 1292 1263 
3 1292 1291 1263 
3 1265 1293 1264 
3 1293 1292 1264 
3 1266 1294 1267 
3 1294 1295 1267 
3 1268 1296 1266 
3 1296 1294 1266 
3 1269 1297 1268 
3 1297 1296 1268 
3 1270 1298 1269 
3 1298 1297 1269 
3 1271 1299 1270 
3 1299 1298 1270 
3 1272 1300 1271 
3 1300 1299 1271 
3 1273 1301 1272 
3 1301 1300 1272 
3 1274 1302 1273 
3 1302 1301 1273 
3 1275 1303 1274 
3 1303 1302 1274 
3 1276 1304 1275 
3 1304 1303 1275 
3 1277 1305 1276 
3 1305 1304 1276 
3 1278 1306 1277 
3 1306 1305 1277 
3 1279 1307 1278 
3 1307 1306 1278 
3 1280 1308 1279 
3 1308 1307 1279 
3 1281 1309 1280 
3 1309 1308 1280 
3 1282 1310 1281 
3 1310 1309 1281 
3 1283 1311 1282 
3 1311 1310 1282 
3 1312 2005 1284 
3 2007 2005 1312 
3 1313 1286 1285 
3 1314 1286 1313 
3 1287 1315 2006 
3 1315 2008 2006 
3 1288 1316 1287 
3 1316 1315 1287 
3 1289 1317 1288 
3 1317 1316 1288 
3 1290 1318 1289 
3 1318 1317 1289 
3 1291 1319 1290 
3 1319 1318 1290 
3 1292 1320 1291 
3 1320 1319 1291 
3 1293 1321 1292 
3 1321 1320 1292 
3 1294 1322 1295 
3 1322 1323 1295 
3 1296 1324 1294 
3 1324 1322 1294 
3 1297 1325 1296 
3 1325 1324 1296 
3 1298 1326 1297 
3 1326 1325 1297 
3 1299 1327 1298 
3 1327 1326 1298 
3 1300 1328 1299 
3 1328 1327 1299 
3 1301 1329 1300 
3 1329 1328 1300 
3 1302 1330 1301 
3 1330 1329 1301 
3 1303 1331 1302 
3 1331 1330 1302 
3 1304 1332 1303 
3 1332 1331 1303 
3 1305 1333 1304 
3 1333 1332 1304 
3 1306 1334 1305 
3 1334 1333 1305 
3 1307 1335 1306 
3 1335 1334 1306 
3 1308 1336 1307 
3 1336 1335 1307 
3 1309 1337 1308 
3 1337 1336 1308 
3 1310 1338 1309 
3 1338 1337 1309 
3 1311 1339 1310 
3 1339 1338 1310 
3 1340 2007 1312 
3 2009 2007 1340 
3 1341 1314 1313 
3 1342 1314 1341 
3 1315 1343 2008 
3 1343 2010 2008 
3 1316 1344 1315 
3 1344 1343 1315 
3 1317 1345 1316 
3 1345 1344 1316 
3 1318 1346 1317 
3 1346 1345 1317 
3 1319 1347 1318 
3 1347 1346 1318 
3 1320 1348 1319 
3 1348 1347 1319 
3 1321 1349 1320 
3 1349 1348 1320 
3 1322 1350 1323 
3 1350 1351 1323 
3 1324 1352 1322 
3 1352 1350 1322 
3 1325 1353 1324 
3 1353 1352 1324 
3 1326 1354 1325 
3 1354 1353 1325 
3 1327 1355 1326 
3 1355 1354 1326 
3 1328 1356 1327 
3 1356 1355 1327 
3 1329 1357 1328 
3 1357 1356 1328 
3 1330 1358 1329 
3 1358 1357 1329 
3 1331 1359 1330 
3 1359 1358 1330 
3 1332 1360 1331 
3 1360 1359 1331 
3 1333 1361 1332 
3 1361 1360 1332 
3 1334 1362 1333 
3 1362 1361 1333 
3 1335 1363 1334 
3 1363 1362 1334 
3 1336 1364 1335 
3 1364 1363 1335 
3 1337 1365 1336 
3 1365 1364 1336 
3 1338 1366 1337 
3 1366 1365 1337 
3 1339 1367 1338 
3 1367 1366 1338 
3 1368 2009 1340 
3 2011 2009 1368 
3 1369 1342 1341 
3 1370 1342 1369 
3 1343 1371 2010 
3 1371 2012 2010 
3 1344 1372 1343 
3 1372 1371 1343 
3 1345 1373 1344 
3 1373 1372 1344 
3 1346 1374 1345 
3 1374 1373 1345 
3 1347 1375 1346 
3 1375 1374 1346 
3 1348 1376 1347 
3 1376 1375 1347 
3 1349 1377 1348 
3 1377 1376 1348 
3 1350 1378 1351 
3 1378 1379 1351 
3 1352 1380 1350 
3 1380 1378 1350 
3 1353 1381 1352 
3 1381 1380 1352 
3 1354 1382 1353 
3 1382 1381 1353 
3 1355 1383 1354 
3 1383 1382 1354 
3 1356 1384 1355 
3 1384 1383 1355 
3 1357 1385 1356 
3 1385 1384 1356 
3 1358 1386 1357 
3 1386 1385 1357 
3 1359 1387 1358 
3 1387 1386 1358 
3 1360 1388 1359 
3 1388 1387 1359 
3 1361 1389 1360 
3 1389 1388 1360 
3 1362 1390 1361 
3 1390 1389 1361 
3 1363 1391 1362 
3 1391 1390 1362 
3 1364 1392 1363 
3 1392 1391 1363 
3 1365 1393 1364 
3 1393 1392 1364 
3 1366 1394 1365 
3 1394 1393 1365 
3 1367 1395 1366 
3 1395 1394 1366 
3 1396 2011 1368 
3 2013 2011 1396 
3 1397 1370 1369 
3 1398 1370 1397 
3 1371 1399 2012 
3 1399 2014 2012 
3 1372 1400 1371 
3 1400 1399 1371 
3 1373 1401 1372 
3 1401 1400 1372 
3 1374 1402 1373 
3 1402 1401 1373 
3 1375 1403 1374 
3 1403 1402 1374 
3 1376 1404 1375 
3 1404 1403 1375 
3 1377 1405 1376 
3 1405 1404 1376 
3 1378 1406 1379 
3 1406 1407 1379 
3 1380 1408 1378 
3 1408 1406 1378 
3 1381 1409 1380 
3 1409 1408 1380 
3 1382 1410 1381 
3 1410 1409 1381 
3 1383 1411 1382 
3 1411 1410 1382 
3 1384 1412 1383 
3 1412 1411 1383 
3 1385 1413 1384 
3 1413 1412 1384 
3 1386 1414 1385 
3 1414 1413 1385 
3 1387 1415 1386 
3 1415 1414 1386 
3 1388 1416 1387 
3 1416 1415 1387 
3 1389 1417 1388 
3 1417 1416 1388 
3 1390 1418 1389 
3 1418 1417 1389 
3 1391 1419 1390 
3 1419 1418 1390 
3 1392 1420 1391 
3 1420 1419 1391 
3 1393 1421 1392 
3 1421 1420 1392 
3 1394 1422 1393 
3 1422 1421 1393 
3 1395 1423 1394 
3 1423 1422 1394 
3 1424 2013 1396 
3 2015 2013 1424 
3 1425 1398 1397 
3 1426 1398 1425 
3 1399 1427 2014 
3 1427 2016 2014 
3 1400 1428 1399 
3 1428 1427 1399 
3 1401 1429 1400 
3 1429 1428 1400 
3 1402 1430 1401 
3 1430 1429 1401 
3 1403 1431 1402 
3 1431 1430 1402 
3 1404 1432 1403 
3 1432 1431 1403 
3 1405 1433 1404 
3 1433 1432 1404 
3 1406 1434 1407 
3 1434 1435 1407 
3 1408 1436 1406 
3 1436 1434 1406 
3 1409 1437 1408 
3 1437 1436 1408 
3 1410 1438 1409 
3 1438 1437 1409 
3 1411 1439 1410 
3 1439 1438 1410 
3 1412 1440 1411 
3 1440 1439 1411 
3 1413 1441 1412 
3 1441 1440 1412 
3 1414 1442 1413 
3 1442 1441 1413 
3 1415 1443 1414 
3 1443 1442 1414 
3 1416 1444 1415 
3 1444 1443 1415 
3 1417 1445 1416 
3 1445 1444 1416 
3 1418 1446 1417 
3 1446 1445 1417 
3 1419 1447 1418 
3 1447 1446 1418 
3 1420 1448 1419 
3 1448 1447 1419 
3 1421 1449 1420 
3 1449 1448 1420 
3 1422 1450 1421 
3 1450 1449 1421 
3 1423 1451 1422 
3 1451 1450 1422 
3 1452 2015 1424 
3 2017 2015 1452 
3 1453 1426 1425 
3 1454 1426 1453 
3 1427 1455 2016 
3 1455 2018 2016 
3 1428 1456 1427 
3 1456 1455 1427 
3 1429 1457 1428 
3 1457 1456 1428 
3 1430 1458 1429 
3 1458 1457 1429 
3 1431 1459 1430 
3 1459 1458 1430 
3 1432 1460 1431 
3 1460 1459 1431 
3 1433 1461 1432 
3 1461 1460 1432 
3 1434 1462 1435 
3 1462 1463 1435 
3 1436 1464 1434 
3 1464 1462 1434 
3 1437 1465 1436 
3 1465 1464 1436 
3 1438 1466 1437 
3 1466 1465 1437 
3 1439 1467 1438 
3 1467 1466 1438 
3 1440 1468 1439 
3 1468 1467 1439 
3 1441 1469 1440 
3 1469 1468 1440 
3 1442 1470 1441 
3 1470 1469 1441 
3 1443 1471 1442 
3 1471 1470 1442 
3 1444 1472 1443 
3 1472 1471 1443 
3 1445 1473 1444 
3 1473 1472 1444 
3 1446 1474 1445 
3 1474 1473 1445 
3 1447 1475 1446 
3 1475 1474 1446 
3 1448 1476 1447 
3 1476 1475 1447 
3 1449 1477 1448 
3 1477 1476 1448 
3 1450 1478 1449 
3 1478 1477 1449 
3 1451 1479 1450 
3 1479 1478 1450 
3 1480 2017 1452 
3 2019 2017 1480 
3 1481 1454 1453 
3 1482 1454 1481 
3 1455 1483 2018 
3 1483 2020 2018 
3 1456 1484 1455 
3 1484 1483 1455 
3 1457 1485 1456 
3 1485 1484 1456 
3 1458 1486 1457 
3 1486 1485 1457 
3 1459 1487 1458 
3 1487 1486 1458 
3 1460 1488 1459 
3 1488 1487 1459 
3 1461 1489 1460 
3 1489 1488 1460 
3 1462 1490 1463 
3 1490 1491 1463 
3 1464 1492 1462 
3 1492 1490 1462 
3 1465 1493 1464 
3 1493 1492 1464 
3 1466 1494 1465 
3 1494 1493 1465 
3 1467 1495 1466 
3 1495 1494 1466 
3 1468 1496 1467 
3 1496 1495 1467 
3 1469 1497 1468 
3 1497 1496 1468 
3 1470 1498 1469 
3 1498 1497 1469 
3 1471 1499 1470 
3 1499 1498 1470 
3 1472 1500 1471 
3 1500 1499 1471 
3 1473 1501 1472 
3 1501 1500 1472 
3 1474 1502 1473 
3 1502 1501 1473 
3 1475 1503 1474 
3 1503 1502 1474 
3 1476 1504 1475 
3 1504 1503 1475 
3 1477 1505 1476 
3 1505 1504 1476 
3 1478 1506 1477 
3 1506 1505 1477 
3 1479 1507 1478 
3 1507 1506 1478 
3 1508 2019 1480 
3 2021 2019 1508 
3 1509 1482 1481 
3 1510 1482 1509 
3 1483 1511 2020 
3 1511 2022 2020 
3 1484 1512 1483 
3 1512 1511 1483 
3 1485 1513 1484 
3 1513 1512 1484 
3 1486 1514 1485 
3 1514 1513 1485 
3 1487 1515 1486 
3 1515 1514 1486 
3 1488 1516 1487 
3 1516 1515 1487 
3 1489 1517 1488 
3 1517 1516 1488 
3 1490 1518 1491 
3 1518 1519 1491 
3 1492 1520 1490 
3 1520 1518 1490 
3 1493 1521 1492 
3 1521 1520 1492 
3 1494 1522 1493 
3 1522 1521 1493 
3 1495 1523 1494 
3 1523 1522 1494 
3 1496 1524 1495 
3 1524 1523 1495 
3 1497 1525 1496 
3 1525 1524 1496 
3 1498 1526 1497 
3 1526 1525 1497 
3 1499 1527 1498 
3 1527 1526 1498 
3 1500 1528 1499 
3 1528 1527 1499 
3 1501 1529 1500 
3 1529 1528 1500 
3 1502 1530 1501 
3 1530 1529 1501 
3 1503 1531 1502 
3 1531 1530 1502 
3 1504 1532 1503 
3 1532 1531 1503 
3 1505 1533 1504 
3 1533 1532 1504 
3 1506 1534 1505 
3 1534 1533 1505 
3 1507 1535 1506 
3 1535 1534 1506 
3 1536 2021 1508 
3 1536 1537 2021 
3 2023 1535 1507 
3 1537 1538 1539 
3 1536 1538 1537 
3 1510 2024 2025 
3 1510 1509 2024 
3 2022 1540 2026 
3 1511 1541 2022 
3 1541 1540 2022 
3 1512 1542 1511 
3 1542 1541 1511 
3 1513 1543 1512 
3 1543 1542 1512 
3 1514 1544 1513 
3 1544 1543 1513 
3 1515 1545 1514 
3 1545 1544 1514 
3 1516 1546 1515 
3 1546 1545 1515 
3 1517 1547 1516 
3 1547 1546 1516 
3 1518 1548 1519 
3 1548 1549 1519 
3 1520 1550 1518 
3 1550 1548 1518 
3 1521 1551 1520 
3 1551 1550 1520 
3 1522 1552 1521 
3 1552 1551 1521 
3 1523 1553 1522 
3 1553 1552 1522 
3 1524 1554 1523 
3 1554 1553 1523 
3 1525 1555 1524 
3 1555 1554 1524 
3 1526 1556 1525 
3 1556 1555 1525 
3 1527 1557 1526 
3 1557 1556 1526 
3 1528 1558 1527 
3 1558 1557 1527 
3 1529 1559 1528 
3 1559 1558 1528 
3 1530 1560 1529 
3 1560 1559 1529 
3 1531 1561 1530 
3 1561 1560 1530 
3 1532 1562 1531 
3 1562 1561 1531 
3 1533 1563 1532 
3 1563 1562 1532 
3 1534 1564 1533 
3 1564 1563 1533 
3 1535 1565 1534 
3 1565 1564 1534 
3 2023 1566 1535 
3 1566 1565 1535 
3 2026 1567 2023 
3 1567 1566 2023 
3 1540 1568 2026 
3 1568 1567 2026 
3 1541 1569 1540 
3 1569 1568 1540 
3 1542 1570 1541 
3 1570 1569 1541 
3 1543 1571 1542 
3 1571 1570 1542 
3 1544 1572 1543 
3 1572 1571 1543 
3 1545 1573 1544 
3 1573 1572 1544 
3 1546 1574 1545 
3 1574 1573 1545 
3 1547 1575 1546 
3 1575 1574 1546 
3 1548 1576 1549 
3 1576 1577 1549 
3 1550 1578 1548 
3 1578 1576 1548 
3 1551 1579 1550 
3 1579 1578 1550 
3 1552 1580 1551 
3 1580 1579 1551 
3 1553 1581 1552 
3 1581 1580 1552 
3 1554 1582 1553 
3 1582 1581 1553 
3 1555 1583 1554 
3 1583 1582 1554 
3 1556 1584 1555 
3 1584 1583 1555 
3 1557 1585 1556 
3 1585 1584 1556 
3 1558 1586 1557 
3 1586 1585 1557 
3 1559 1587 1558 
3 1587 1586 1558 
3 1560 1588 1559 
3 1588 1587 1559 
3 1561 1589 1560 
3 1589 1588 1560 
3 1562 1590 1561 
3 1590 1589 1561 
3 1563 1591 1562 
3 1591 1590 1562 
3 1564 1592 1563 
3 1592 1591 1563 
3 1565 1593 1564 
3 1593 1592 1564 
3 1566 1594 1565 
3 1594 1593 1565 
3 1567 1595 1566 
3 1595 1594 1566 
3 1568 1596 1567 
3 1596 1595 1567 
3 1569 1597 1568 
3 1597 1596 1568 
3 1570 1598 1569 
3 1598 1597 1569 
3 1571 1599 1570 
3 1599 1598 1570 
3 1572 1600 1571 
3 1600 1599 1571 
3 1573 1601 1572 
3 1601 1600 1572 
3 1574 1602 1573 
3 1602 1601 1573 
3 1575 1603 1574 
3 1603 1602 1574 
3 1576 1604 1577 
3 1604 1605 1577 
3 1578 1606 1576 
3 1606 1604 1576 
3 1579 1607 1578 
3 1607 1606 1578 
3 1580 1608 1579 
3 1608 1607 1579 
3 1581 1609 1580 
3 1609 1608 1580 
3 1582 1610 1581 
3 1610 1609 1581 
3 1583 1611 1582 
3 1611 1610 1582 
3 1584 1612 1583 
3 1612 1611 1583 
3 1585 1613 1584 
3 1613 1612 1584 
3 1586 1614 1585 
3 1614 1613 1585 
3 1587 1615 1586 
3 1615 1614 1586 
3 1588 1616 1587 
3 1616 1615 1587 
3 1589 1617 1588 
3 1617 1616 1588 
3 1590 1618 1589 
3 1618 1617 1589 
3 1591 1619 1590 
3 1619 1618 1590 
3 1592 1620 1591 
3 1620 1619 1591 
3 1593 1621 1592 
3 1621 1620 1592 
3 1594 1622 1593 
3 1622 1621 1593 
3 1595 1623 1594 
3 1623 1622 1594 
3 1596 1624 1595 
3 1624 1623 1595 
3 1597 1625 1596 
3 1625 1624 1596 
3 1598 1626 1597 
3 1626 1625 1597 
3 1599 1627 1598 
3 1627 1626 1598 
3 1600 1628 1599 
3 1628 1627 1599 
3 1601 1629 1600 
3 1629 1628 1600 
3 1602 1630 1601 
3 1630 1629 1601 
3 1603 1631 1602 
3 1631 1630 1602 
3 1604 1632 1605 
3 1632 1633 1605 
3 1606 1634 1604 
3 1634 1632 1604 
3 1607 1635 1606 
3 1635 1634 1606 
3 1608 1636 1607 
3 1636 1635 1607 
3 1609 1637 1608 
3 1637 1636 1608 
3 1610 1638 1609 
3 1638 1637 1609 
3 1611 1639 1610 
3 1639 1638 1610 
3 1612 1640 1611 
3 1640 1639 1611 
3 1613 1641 1612 
3 1641 1640 1612 
3 1614 1642 1613 
3 1642 1641 1613 
3 1615 1643 1614 
3 1643 1642 1614 
3 1616 1644 1615 
3 1644 1643 1615 
3 1617 1645 1616 
3 1645 1644 1616 
3 1618 1646 1617 
3 1646 1645 1617 
3 1619 1647 1618 
3 1647 1646 1618 
3 1620 1648 1619 
3 1648 1647 1619 
3 1621 1649 1620 
3 1649 1648 1620 
3 1622 1650 1621 
3 1650 1649 1621 
3 1623 1651 1622 
3 1651 1650 1622 
3 1624 1652 1623 
3 1652 1651 1623 
3 1625 1653 1624 
3 1653 1652 1624 
3 1626 1654 1625 
3 1654 1653 1625 
3 1627 1655 1626 
3 1655 1654 1626 
3 1628 1656 1627 
3 1656 1655 1627 
3 1629 1657 1628 
3 1657 1656 1628 
3 1630 1658 1629 
3 1658 1657 1629 
3 1631 1659 1630 
3 1659 1658 1630 
3 1632 1660 1633 
3 1660 1661 1633 
3 1634 1662 1632 
3 1662 1660 1632 
3 1635 1663 1634 
3 1663 1662 1634 
3 1636 1664 1635 
3 1664 1663 1635 
3 1637 1665 1636 
3 1665 1664 1636 
3 1638 1666 1637 
3 1666 1665 1637 
3 1639 1667 1638 
3 1667 1666 1638 
3 1640 1668 1639 
3 1668 1667 1639 
3 1641 1669 1640 
3 1669 1668 1640 
3 1642 1670 1641 
3 1670 1669 1641 
3 1643 1671 1642 
3 1671 1670 1642 
3 1644 1672 1643 
3 1672 1671 1643 
3 1645 1673 1644 
3 1673 1672 1644 
3 1646 1674 1645 
3 1674 1673 1645 
3 1647 1675 1646 
3 1675 1674 1646 
3 1648 1676 1647 
3 1676 1675 1647 
3 1649 1677 1648 
3 1677 1676 1648 
3 1650 1678 1649 
3 1678 1677 1649 
3 1651 1679 1650 
3 1679 1678 1650 
3 1652 1680 1651 
3 1680 1679 1651 
3 1653 1681 1652 
3 1681 1680 1652 
3 1654 1682 1653 
3 1682 1681 1653 
3 1655 1683 1654 
3 1683 1682 1654 
3 1656 1684 1655 
3 1684 1683 1655 
3 1657 1685 1656 
3 1685 1684 1656 
3 1658 1686 1657 
3 1686 1685 1657 
3 1659 1687 1658 
3 1687 1686 1658 
3 1660 1688 1661 
3 1688 1689 1661 
3 1662 1690 1660 
3 1690 1688 1660 
3 1663 1691 1662 
3 1691 1690 1662 
3 1664 1692 1663 
3 1692 1691 1663 
3 1665 1693 1664 
3 1693 1692 1664 
3 1666 1694 1665 
3 1694 1693 1665 
3 1667 1695 1666 
3 1695 1694 1666 
3 1668 1696 1667 
3 1696 1695 1667 
3 1669 1697 1668 
3 1697 1696 1668 
3 1670 1698 1669 
3 1698 1697 1669 
3 1671 1699 1670 
3 1699 1698 1670 
3 1672 1700 1671 
3 1700 1699 1671 
3 1673 1701 1672 
3 1701 1700 1672 
3 1674 1702 1673 
3 1702 1701 1673 
3 1675 1703 1674 
3 1703 1702 1674 
3 1676 1704 1675 
3 1704 1703 1675 
3 1677 1705 1676 
3 1705 1704 1676 
3 1678 1706 1677 
3 1706 1705 1677 
3 1679 1707 1678 
3 1707 1706 1678 
3 1680 1708 1679 
3 1708 1707 1679 
3 1681 1709 1680 
3 1709 1708 1680 
3 1682 1710 1681 
3 1710 1709 1681 
3 1683 1711 1682 
3 1711 1710 1682 
3 1684 1712 1683 
3 1712 1711 1683 
3 1685 1713 1684 
3 1713 1712 1684 
3 1686 1714 1685 
3 1714 1713 1685 
3 1687 1715 1686 
3 1715 1714 1686 
3 1688 1716 1689 
3 1716 1717 1689 
3 1690 1718 1688 
3 1718 1716 1688 
3 1691 1719 1690 
3 1719 1718 1690 
3 1692 1720 1691 
3 1720 1719 1691 
3 1693 1721 1692 
3 1721 1720 1692 
3 1694 1722 1693 
3 1722 1721 1693 
3 1695 1723 1694 
3 1723 1722 1694 
3 1696 1724 1695 
3 1724 1723 1695 
3 1697 1725 1696 
3 1725 1724 1696 
3 1698 1726 1697 
3 1726 1725 1697 
3 1699 1727 1698 
3 1727 1726 1698 
3 1700 1728 1699 
3 1728 1727 1699 
3 1701 1729 1700 
3 1729 1728 1700 
3 1702 1730 1701 
3 1730 1729 1701 
3 1703 1731 1702 
3 1731 1730 1702 
3 1704 1732 1703 
3 1732 1731 1703 
3 1705 1733 1704 
3 1733 1732 1704 
3 1706 1734 1705 
3 1734 1733 1705 
3 1707 1735 1706 
3 1735 1734 1706 
3 1708 1736 1707 
3 1736 1735 1707 
3 1709 1737 1708 
3 1737 1736 1708 
3 1710 1738 1709 
3 1738 1737 1709 
3 1711 1739 1710 
3 1739 1738 1710 
3 1712 1740 1711 
3 1740 1739 1711 
3 1713 1741 1712 
3 1741 1740 1712 
3 1714 1742 1713 
3 1742 1741 1713 
3 1715 1743 1714 
3 1743 1742 1714 
3 1716 1744 1717 
3 1744 1745 1717 
3 1718 1746 1716 
3 1746 1744 1716 
3 1719 1747 1718 
3 1747 1746 1718 
3 1720 1748 1719 
3 1748 1747 1719 
3 1721 1749 1720 
3 1749 1748 1720 
3 1722 1750 1721 
3 1750 1749 1721 
3 1723 1751 1722 
3 1751 1750 1722 
3 1724 1752 1723 
3 1752 1751 1723 
3 1725 1753 1724 
3 1753 1752 1724 
3 1726 1754 1725 
3 1754 1753 1725 
3 1727 1755 1726 
3 1755 1754 1726 
3 1728 1756 1727 
3 1756 1755 1727 
3 1729 1757 1728 
3 1757 1756 1728 
3 1730 1758 1729 
3 1758 1757 1729 
3 1731 1759 1730 
3 1759 1758 1730 
3 1732 1760 1731 
3 1760 1759 1731 
3 1733 1761 1732 
3 1761 1760 1732 
3 1734 1762 1733 
3 1762 1761 1733 
3 1735 1763 1734 
3 1763 1762 1734 
3 1736 1764 1735 
3 1764 1763 1735 
3 1737 1765 1736 
3 1765 1764 1736 
3 1738 1766 1737 
3 1766 1765 1737 
3 1739 1767 1738 
3 1767 1766 1738 
3 1740 1768 1739 
3 1768 1767 1739 
3 1741 1769 1740 
3 1769 1768 1740 
3 1742 1770 1741 
3 1770 1769 1741 
3 1743 1771 1742 
3 1771 1770 1742 
3 1744 1772 1745 
3 1772 1773 1745 
3 1746 1774 1744 
3 1774 1772 1744 
3 1747 1775 1746 
3 1775 1774 1746 
3 1748 1776 1747 
3 1776 1775 1747 
3 1749 1777 1748 
3 1777 1776 1748 
3 1750 1778 1749 
3 1778 1777 1749 
3 1751 1779 1750 
3 1779 1778 1750 
3 1752 1780 1751 
3 1780 1779 1751 
3 1753 1781 1752 
3 1781 1780 1752 
3 1754 1782 1753 
3 1782 1781 1753 
3 1755 1783 1754 
3 1783 1782 1754 
3 1756 1784 1755 
3 1784 1783 1755 
3 1757 1785 1756 
3 1785 1784 1756 
3 1758 1786 1757 
3 1786 1785 1757 
3 1759 1787 1758 
3 1787 1786 1758 
3 1760 1788 1759 
3 1788 1787 1759 
3 1761 1789 1760 
3 1789 1788 1760 
3 1762 1790 1761 
3 1790 1789 1761 
3 1763 1791 1762 
3 1791 1790 1762 
3 1764 1792 1763 
3 1792 1791 1763 
3 1765 1793 1764 
3 1793 1792 1764 
3 1766 1794 1765 
3 1794 1793 1765 
3 1767 1795 1766 
3 1795 1794 1766 
3 1768 1796 1767 
3 1796 1795 1767 
3 1769 1797 1768 
3 1797 1796 1768 
3 1770 1798 1769 
3 1798 1797 1769 
3 1771 1799 1770 
3 1799 1798 1770 
3 1772 1800 1773 
3 1800 1801 1773 
3 1774 1802 1772 
3 1802 1800 1772 
3 1775 1803 1774 
3 1803 1802 1774 
3 1776 1804 1775 
3 1804 1803 1775 
3 1777 1805 1776 
3 1805 1804 1776 
3 1778 1806 1777 
3 1806 1805 1777 
3 1779 1807 1778 
3 1807 1806 1778 
3 1780 1808 1779 
3 1808 1807 1779 
3 1781 1809 1780 
3 1809 1808 1780 
3 1782 1810 1781 
3 1810 1809 1781 
3 1783 1811 1782 
3 1811 1810 1782 
3 1784 1812 1783 
3 1812 1811 1783 
3 1785 1813 1784 
3 1813 1812 1784 
3 1786 1814 1785 
3 1814 1813 1785 
3 1787 1815 1786 
3 1815 1814 1786 
3 1788 1816 1787 
3 1816 1815 1787 
3 1789 1817 1788 
3 1817 1816 1788 
3 1790 1818 1789 
3 1818 1817 1789 
3 1791 1819 1790 
3 1819 1818 1790 
3 1792 1820 1791 
3 1820 1819 1791 
3 1793 1821 1792 
3 1821 1820 1792 
3 1794 1822 1793 
3 1822 1821 1793 
3 1795 1823 1794 
3 1823 1822 1794 
3 1796 1824 1795 
3 1824 1823 1795 
3 1797 1825 1796 
3 1825 1824 1796 
3 1798 1826 1797 
3 1826 1825 1797 
3 1799 1827 1798 
3 1827 1826 1798 
3 1800 1828 1801 
3 1828 1829 1801 
3 1802 1830 1800 
3 1830 1828 1800 
3 1803 1831 1802 
3 1831 1830 1802 
3 1804 1832 1803 
3 1832 1831 1803 
3 1805 1833 1804 
3 1833 1832 1804 
3 1806 1834 1805 
3 1834 1833 1805 
3 1807 1835 1806 
3 1835 1834 1806 
3 1808 1836 1807 
3 1836 1835 1807 
3 1809 1837 1808 
3 1837 1836 1808 
3 1810 1838 1809 
3 1838 1837 1809 
3 1811 1839 1810 
3 1839 1838 1810 
3 1812 1840 1811 
3 1840 1839 1811 
3 1813 1841 1812 
3 1841 1840 1812 
3 1814 1842 1813 
3 1842 1841 1813 
3 1815 1843 1814 
3 1843 1842 1814 
3 1816 1844 1815 
3 1844 1843 1815 
3 1817 1845 1816 
3 1845 1844 1816 
3 1818 1846 1817 
3 1846 1845 1817 
3 1819 1847 1818 
3 1847 1846 1818 
3 1820 1848 1819 
3 1848 1847 1819 
3 1821 1849 1820 
3 1849 1848 1820 
3 1822 1850 1821 
3 1850 1849 1821 
3 1823 1851 1822 
3 1851 1850 1822 
3 1824 1852 1823 
3 1852 1851 1823 
3 1825 1853 1824 
3 1853 1852 1824 
3 1826 1854 1825 
3 1854 1853 1825 
3 1827 1855 1826 
3 1855 1854 1826 
3 1856 1857 1218 
3 1219 1856 1218 
3 1858 1859 1856 
3 1859 1857 1856 
3 1221 1223 1859 
3 1858 1221 1859 
3 1857 1860 1256 
3 1218 1857 1256 
3 1859 1861 1857 
3 1861 1860 1857 
3 1223 1258 1861 
3 1859 1223 1861 
3 1860 1862 1284 
3 1256 1860 1284 
3 1861 1863 1860 
3 1863 1862 1860 
3 1258 1286 1863 
3 1861 1258 1863 
3 1862 1864 1312 
3 1284 1862 1312 
3 1863 1865 1862 
3 1865 1864 1862 
3 1286 1314 1865 
3 1863 1286 1865 
3 1864 1866 1340 
3 1312 1864 1340 
3 1865 1867 1864 
3 1867 1866 1864 
3 1314 1342 1867 
3 1865 1314 1867 
3 1866 1868 1368 
3 1340 1866 1368 
3 1867 1869 1866 
3 1869 1868 1866 
3 1342 1370 1869 
3 1867 1342 1869 
3 1868 1870 1396 
3 1368 1868 1396 
3 1869 1871 1868 
3 1871 1870 1868 
3 1370 1398 1871 
3 1869 1370 1871 
3 1870 1872 1424 
3 1396 1870 1424 
3 1871 1873 1870 
3 1873 1872 1870 
3 1398 1426 1873 
3 1871 1398 1873 
3 1872 1874 1452 
3 1424 1872 1452 
3 1873 1875 1872 
3 1875 1874 1872 
3 1426 1454 1875 
3 1873 1426 1875 
3 1874 1876 1480 
3 1452 1874 1480 
3 1875 1877 1874 
3 1877 1876 1874 
3 1454 1482 1877 
3 1875 1454 1877 
3 1876 1878 1508 
3 1480 1876 1508 
3 1877 1879 1876 
3 1879 1878 1876 
3 1482 1510 1879 
3 1877 1482 1879 
3 1508 1878 1536 
3 1538 1536 1878 
3 1879 1538 1878 
3 1510 1538 1879 
3 1880 1881 1882 
3 1883 1880 1882 
3 1884 1881 1885 
3 1885 1881 1880 
3 1886 1887 1884 
3 1885 1886 1884 
3 1888 1880 1883 
3 1889 1888 1883 
3 1885 1880 1890 
3 1890 1880 1888 
3 1891 1886 1885 
3 1890 1891 1885 
3 1888 1889 1892 
3 1890 1888 1892 
3 1893 1890 1892 
3 1891 1890 1893 
3 2027 1894 2028 
3 1894 1895 2028 
3 1887 1886 1896 
3 1896 1886 1897 
3 2028 1895 2029 
3 1895 1898 2029 
3 1886 1891 1897 
3 1897 1891 1899 
3 1900 2030 2029 
3 1900 2029 1901 
3 1901 2029 1898 
3 1892 1902 1893 
3 2031 1902 1892 
3 2032 2033 1903 
3 2032 1903 1891 
3 1891 1903 1899 
3 1904 1900 1901 
3 1905 1904 1901 
3 1902 2031 1906 
3 1906 2031 2034 
3 1907 1903 2033 
3 2035 1907 2033 
3 1908 1904 1905 
3 1909 1908 1905 
3 1906 2034 1910 
3 1910 2034 2036 
3 1911 1907 2035 
3 2037 1911 2035 
3 1912 1908 1909 
3 1913 1912 1909 
3 1910 2036 1914 
3 1914 2036 2038 
3 1915 1911 2037 
3 2039 1915 2037 
3 1912 1913 1916 
3 1914 2038 2040 
3 1917 1914 2040 
3 1915 2039 2041 
3 1894 1918 1895 
3 1918 1919 1895 
3 1896 1897 1920 
3 1920 1897 1921 
3 1895 1919 1898 
3 1919 1922 1898 
3 1897 1899 1921 
3 1921 1899 1923 
3 1898 1922 1901 
3 1922 1924 1901 
3 1899 1903 1923 
3 1923 1903 1925 
3 1901 1924 1905 
3 1924 1926 1905 
3 1903 1907 1925 
3 1925 1907 1927 
3 1905 1926 1909 
3 1926 1928 1909 
3 1907 1911 1927 
3 1927 1911 1929 
3 1909 1928 1913 
3 1928 1930 1913 
3 1911 1915 1929 
3 1929 1915 1931 
3 1913 1930 1932 
3 1916 1913 1932 
3 1917 2040 1933 
3 2040 2042 1933 
3 1931 1915 2041 
3 2043 1931 2041 
3 1934 1935 1936 
3 1935 1934 1937 
3 1934 1936 1938 
3 1937 1934 1938 
3 1939 1940 1941 
3 2044 1942 1943 
3 2045 2044 1943 
3 2046 2047 1944 
3 2048 2049 1945 
3 2050 2048 1945 
3 1946 2050 1945 
3 1944 2047 2051 
3 1918 1947 1919 
3 1947 1948 1919 
3 1920 1921 1949 
3 1949 1921 1950 
3 1919 1948 1922 
3 1948 1951 1922 
3 1921 1923 1950 
3 1950 1923 1952 
3 1922 1951 1924 
3 1951 1953 1924 
3 1923 1925 1952 
3 1952 1925 1954 
3 1924 1953 1926 
3 1953 1955 1926 
3 1925 1927 1954 
3 1954 1927 1956 
3 1926 1955 1928 
3 1955 1957 1928 
3 1927 1929 1956 
3 1956 1929 1958 
3 1928 1957 1930 
3 1957 1959 1930 
3 1929 1931 1958 
3 1958 1931 1960 
3 1930 1959 1961 
3 1932 1930 1961 
3 1933 2042 1962 
3 2042 2052 1962 
3 1960 1931 2043 
3 2053 1960 2043 
3 1935 1963 1964 
3 1936 1935 1964 
3 2054 2055 1937 
3 1965 2054 1937 
3 1936 1964 1966 
3 1938 1936 1966 
3 1965 1937 1938 
3 2056 1965 1938 
3 1940 1967 1968 
3 1941 1940 1968 
3 2057 1969 2058 
3 2058 1969 2059 
3 2060 2046 1944 
3 1970 2060 1944 
3 2049 2061 1971 
3 2062 2049 1971 
3 1946 1945 1972 
3 1945 2063 1972 
3 2064 1944 2051 
3 2065 2064 2051 
3 1947 1973 1948 
3 1973 1974 1948 
3 1949 1950 1975 
3 1975 1950 1976 
3 1948 1974 1951 
3 1974 1977 1951 
3 1950 1952 1976 
3 1976 1952 1978 
3 1951 1977 1953 
3 1977 1979 1953 
3 1952 1954 1978 
3 1978 1954 1980 
3 1953 1979 1955 
3 1979 1981 1955 
3 1954 1956 1980 
3 1980 1956 1982 
3 1955 1981 1957 
3 1981 1983 1957 
3 1956 1958 1982 
3 1982 1958 1984 
3 1957 1983 1959 
3 1983 1985 1959 
3 1958 1960 1984 
3 1984 1960 1986 
3 1959 1985 1987 
3 1961 1959 1987 
3 1962 2052 1988 
3 2052 2066 1988 
3 1986 1960 2053 
3 2067 1986 2053 
3 1963 1989 1990 
3 1964 1963 1990 
3 1989 1963 1965 
3 1991 1989 1965 
3 1964 1990 1992 
3 1966 1964 1992 
3 1991 1965 1966 
3 1992 1991 1966 
3 1967 1993 1994 
3 1968 1967 1994 
3 1969 1995 2059 
3 2059 1995 2068 
3 2069 2060 1970 
3 1996 2069 1970 
3 2061 2070 1997 
3 1971 2061 1997 
3 1972 2063 1998 
3 2063 2071 1998 
3 2072 2064 2065 
3 2073 2072 2065 
3 2074 2075 2076 
3 2074 2077 2078 
3 2076 2077 2074 
3 2079 2080 2081 
3 2079 2082 2083 
3 2081 2082 2079 
3 2075 2083 2082 
3 2075 2074 2083 
3 2074 2084 2083 
3 2078 2085 2074 
3 2085 2084 2074 
3 2079 2086 2080 
3 2083 2086 2079 
3 2087 2086 2083 
3 2084 2087 2083 
3 2088 2087 2084 
3 2085 2088 2084 
3 2089 2088 2085 
3 2090 2091 2092 
3 2091 2093 2092 
3 2094 2095 2090 
3 2095 2091 2090 
3 2096 2097 2094 
3 2097 2095 2094 
3 2098 2099 2096 
3 2099 2097 2096 
3 2100 2101 2098 
3 2101 2099 2098 
3 2102 2103 2100 
3 2103 2101 2100 
3 2104 2105 2102 
3 2105 2103 2102 
3 2106 2107 2104 
3 2107 2105 2104 
3 2108 2109 2106 
3 2109 2107 2106 
3 2110 2111 2108 
3 2111 2109 2108 
3 2112 2113 2110 
3 2113 2111 2110 
3 2114 2115 2112 
3 2115 2113 2112 
3 2116 2117 2114 
3 2117 2115 2114 
3 2118 2119 2116 
3 2119 2117 2116 
3 2120 2121 2118 
3 2121 2119 2118 
3 2122 2123 2120 
3 2123 2121 2120 
3 2124 2125 2122 
3 2125 2123 2122 
3 2126 2808 2127 
3 2809 2808 2126 
3 2128 2129 2130 
3 2131 2129 2128 
3 2132 2133 2810 
3 2133 2811 2810 
3 2134 2135 2132 
3 2135 2133 2132 
3 2136 2137 2134 
3 2137 2135 2134 
3 2138 2139 2136 
3 2139 2137 2136 
3 2140 2141 2138 
3 2141 2139 2138 
3 2142 2143 2140 
3 2143 2141 2140 
3 2144 2145 2142 
3 2145 2143 2142 
3 2091 2146 2093 
3 2146 2147 2093 
3 2095 2148 2091 
3 2148 2146 2091 
3 2097 2149 2095 
3 2149 2148 2095 
3 2099 2150 2097 
3 2150 2149 2097 
3 2101 2151 2099 
3 2151 2150 2099 
3 2103 2152 2101 
3 2152 2151 2101 
3 2105 2153 2103 
3 2153 2152 2103 
3 2107 2154 2105 
3 2154 2153 2105 
3 2109 2155 2107 
3 2155 2154 2107 
3 2111 2156 2109 
3 2156 2155 2109 
3 2113 2157 2111 
3 2157 2156 2111 
3 2115 2158 2113 
3 2158 2157 2113 
3 2117 2159 2115 
3 2159 2158 2115 
3 2119 2160 2117 
3 2160 2159 2117 
3 2121 2161 2119 
3 2161 2160 2119 
3 2123 2162 2121 
3 2162 2161 2121 
3 2125 2163 2123 
3 2163 2162 2123 
3 2164 2809 2126 
3 2812 2809 2164 
3 2165 2131 2128 
3 2166 2131 2165 
3 2133 2167 2811 
3 2167 2813 2811 
3 2135 2168 2133 
3 2168 2167 2133 
3 2137 2169 2135 
3 2169 2168 2135 
3 2139 2170 2137 
3 2170 2169 2137 
3 2141 2171 2139 
3 2171 2170 2139 
3 2143 2172 2141 
3 2172 2171 2141 
3 2145 2173 2143 
3 2173 2172 2143 
3 2146 2174 2147 
3 2174 2175 2147 
3 2148 2176 2146 
3 2176 2174 2146 
3 2149 2177 2148 
3 2177 2176 2148 
3 2150 2178 2149 
3 2178 2177 2149 
3 2151 2179 2150 
3 2179 2178 2150 
3 2152 2180 2151 
3 2180 2179 2151 
3 2153 2181 2152 
3 2181 2180 2152 
3 2154 2182 2153 
3 2182 2181 2153 
3 2155 2183 2154 
3 2183 2182 2154 
3 2156 2184 2155 
3 2184 2183 2155 
3 2157 2185 2156 
3 2185 2184 2156 
3 2158 2186 2157 
3 2186 2185 2157 
3 2159 2187 2158 
3 2187 2186 2158 
3 2160 2188 2159 
3 2188 2187 2159 
3 2161 2189 2160 
3 2189 2188 2160 
3 2162 2190 2161 
3 2190 2189 2161 
3 2163 2191 2162 
3 2191 2190 2162 
3 2192 2812 2164 
3 2814 2812 2192 
3 2193 2166 2165 
3 2194 2166 2193 
3 2167 2195 2813 
3 2195 2815 2813 
3 2168 2196 2167 
3 2196 2195 2167 
3 2169 2197 2168 
3 2197 2196 2168 
3 2170 2198 2169 
3 2198 2197 2169 
3 2171 2199 2170 
3 2199 2198 2170 
3 2172 2200 2171 
3 2200 2199 2171 
3 2173 2201 2172 
3 2201 2200 2172 
3 2174 2202 2175 
3 2202 2203 2175 
3 2176 2204 2174 
3 2204 2202 2174 
3 2177 2205 2176 
3 2205 2204 2176 
3 2178 2206 2177 
3 2206 2205 2177 
3 2179 2207 2178 
3 2207 2206 2178 
3 2180 2208 2179 
3 2208 2207 2179 
3 2181 2209 2180 
3 2209 2208 2180 
3 2182 2210 2181 
3 2210 2209 2181 
3 2183 2211 2182 
3 2211 2210 2182 
3 2184 2212 2183 
3 2212 2211 2183 
3 2185 2213 2184 
3 2213 2212 2184 
3 2186 2214 2185 
3 2214 2213 2185 
3 2187 2215 2186 
3 2215 2214 2186 
3 2188 2216 2187 
3 2216 2215 2187 
3 2189 2217 2188 
3 2217 2216 2188 
3 2190 2218 2189 
3 2218 2217 2189 
3 2191 2219 2190 
3 2219 2218 2190 
3 2220 2814 2192 
3 2816 2814 2220 
3 2221 2194 2193 
3 2222 2194 2221 
3 2195 2223 2815 
3 2223 2817 2815 
3 2196 2224 2195 
3 2224 2223 2195 
3 2197 2225 2196 
3 2225 2224 2196 
3 2198 2226 2197 
3 2226 2225 2197 
3 2199 2227 2198 
3 2227 2226 2198 
3 2200 2228 2199 
3 2228 2227 2199 
3 2201 2229 2200 
3 2229 2228 2200 
3 2202 2230 2203 
3 2230 2231 2203 
3 2204 2232 2202 
3 2232 2230 2202 
3 2205 2233 2204 
3 2233 2232 2204 
3 2206 2234 2205 
3 2234 2233 2205 
3 2207 2235 2206 
3 2235 2234 2206 
3 2208 2236 2207 
3 2236 2235 2207 
3 2209 2237 2208 
3 2237 2236 2208 
3 2210 2238 2209 
3 2238 2237 2209 
3 2211 2239 2210 
3 2239 2238 2210 
3 2212 2240 2211 
3 2240 2239 2211 
3 2213 2241 2212 
3 2241 2240 2212 
3 2214 2242 2213 
3 2242 2241 2213 
3 2215 2243 2214 
3 2243 2242 2214 
3 2216 2244 2215 
3 2244 2243 2215 
3 2217 2245 2216 
3 2245 2244 2216 
3 2218 2246 2217 
3 2246 2245 2217 
3 2219 2247 2218 
3 2247 2246 2218 
3 2248 2816 2220 
3 2818 2816 2248 
3 2249 2222 2221 
3 2250 2222 2249 
3 2223 2251 2817 
3 2251 2819 2817 
3 2224 2252 2223 
3 2252 2251 2223 
3 2225 2253 2224 
3 2253 2252 2224 
3 2226 2254 2225 
3 2254 2253 2225 
3 2227 2255 2226 
3 2255 2254 2226 
3 2228 2256 2227 
3 2256 2255 2227 
3 2229 2257 2228 
3 2257 2256 2228 
3 2230 2258 2231 
3 2258 2259 2231 
3 2232 2260 2230 
3 2260 2258 2230 
3 2233 2261 2232 
3 2261 2260 2232 
3 2234 2262 2233 
3 2262 2261 2233 
3 2235 2263 2234 
3 2263 2262 2234 
3 2236 2264 2235 
3 2264 2263 2235 
3 2237 2265 2236 
3 2265 2264 2236 
3 2238 2266 2237 
3 2266 2265 2237 
3 2239 2267 2238 
3 2267 2266 2238 
3 2240 2268 2239 
3 2268 2267 2239 
3 2241 2269 2240 
3 2269 2268 2240 
3 2242 2270 2241 
3 2270 2269 2241 
3 2243 2271 2242 
3 2271 2270 2242 
3 2244 2272 2243 
3 2272 2271 2243 
3 2245 2273 2244 
3 2273 2272 2244 
3 2246 2274 2245 
3 2274 2273 2245 
3 2247 2275 2246 
3 2275 2274 2246 
3 2276 2818 2248 
3 2820 2818 2276 
3 2277 2250 2249 
3 2278 2250 2277 
3 2251 2279 2819 
3 2279 2821 2819 
3 2252 2280 2251 
3 2280 2279 2251 
3 2253 2281 2252 
3 2281 2280 2252 
3 2254 2282 2253 
3 2282 2281 2253 
3 2255 2283 2254 
3 2283 2282 2254 
3 2256 2284 2255 
3 2284 2283 2255 
3 2257 2285 2256 
3 2285 2284 2256 
3 2258 2286 2259 
3 2286 2287 2259 
3 2260 2288 2258 
3 2288 2286 2258 
3 2261 2289 2260 
3 2289 2288 2260 
3 2262 2290 2261 
3 2290 2289 2261 
3 2263 2291 2262 
3 2291 2290 2262 
3 2264 2292 2263 
3 2292 2291 2263 
3 2265 2293 2264 
3 2293 2292 2264 
3 2266 2294 2265 
3 2294 2293 2265 
3 2267 2295 2266 
3 2295 2294 2266 
3 2268 2296 2267 
3 2296 2295 2267 
3 2269 2297 2268 
3 2297 2296 2268 
3 2270 2298 2269 
3 2298 2297 2269 
3 2271 2299 2270 
3 2299 2298 2270 
3 2272 2300 2271 
3 2300 2299 2271 
3 2273 2301 2272 
3 2301 2300 2272 
3 2274 2302 2273 
3 2302 2301 2273 
3 2275 2303 2274 
3 2303 2302 2274 
3 2304 2820 2276 
3 2822 2820 2304 
3 2305 2278 2277 
3 2306 2278 2305 
3 2279 2307 2821 
3 2307 2823 2821 
3 2280 2308 2279 
3 2308 2307 2279 
3 2281 2309 2280 
3 2309 2308 2280 
3 2282 2310 2281 
3 2310 2309 2281 
3 2283 2311 2282 
3 2311 2310 2282 
3 2284 2312 2283 
3 2312 2311 2283 
3 2285 2313 2284 
3 2313 2312 2284 
3 2286 2314 2287 
3 2314 2315 2287 
3 2288 2316 2286 
3 2316 2314 2286 
3 2289 2317 2288 
3 2317 2316 2288 
3 2290 2318 2289 
3 2318 2317 2289 
3 2291 2319 2290 
3 2319 2318 2290 
3 2292 2320 2291 
3 2320 2319 2291 
3 2293 2321 2292 
3 2321 2320 2292 
3 2294 2322 2293 
3 2322 2321 2293 
3 2295 2323 2294 
3 2323 2322 2294 
3 2296 2324 2295 
3 2324 2323 2295 
3 2297 2325 2296 
3 2325 2324 2296 
3 2298 2326 2297 
3 2326 2325 2297 
3 2299 2327 2298 
3 2327 2326 2298 
3 2300 2328 2299 
3 2328 2327 2299 
3 2301 2329 2300 
3 2329 2328 2300 
3 2302 2330 2301 
3 2330 2329 2301 
3 2303 2331 2302 
3 2331 2330 2302 
3 2332 2822 2304 
3 2824 2822 2332 
3 2333 2306 2305 
3 2334 2306 2333 
3 2307 2335 2823 
3 2335 2825 2823 
3 2308 2336 2307 
3 2336 2335 2307 
3 2309 2337 2308 
3 2337 2336 2308 
3 2310 2338 2309 
3 2338 2337 2309 
3 2311 2339 2310 
3 2339 2338 2310 
3 2312 2340 2311 
3 2340 2339 2311 
3 2313 2341 2312 
3 2341 2340 2312 
3 2314 2342 2315 
3 2342 2343 2315 
3 2316 2344 2314 
3 2344 2342 2314 
3 2317 2345 2316 
3 2345 2344 2316 
3 2318 2346 2317 
3 2346 2345 2317 
3 2319 2347 2318 
3 2347 2346 2318 
3 2320 2348 2319 
3 2348 2347 2319 
3 2321 2349 2320 
3 2349 2348 2320 
3 2322 2350 2321 
3 2350 2349 2321 
3 2323 2351 2322 
3 2351 2350 2322 
3 2324 2352 2323 
3 2352 2351 2323 
3 2325 2353 2324 
3 2353 2352 2324 
3 2326 2354 2325 
3 2354 2353 2325 
3 2327 2355 2326 
3 2355 2354 2326 
3 2328 2356 2327 
3 2356 2355 2327 
3 2329 2357 2328 
3 2357 2356 2328 
3 2330 2358 2329 
3 2358 2357 2329 
3 2331 2359 2330 
3 2359 2358 2330 
3 2360 2824 2332 
3 2826 2824 2360 
3 2361 2334 2333 
3 2362 2334 2361 
3 2335 2363 2825 
3 2363 2827 2825 
3 2336 2364 2335 
3 2364 2363 2335 
3 2337 2365 2336 
3 2365 2364 2336 
3 2338 2366 2337 
3 2366 2365 2337 
3 2339 2367 2338 
3 2367 2366 2338 
3 2340 2368 2339 
3 2368 2367 2339 
3 2341 2369 2340 
3 2369 2368 2340 
3 2342 2370 2343 
3 2370 2371 2343 
3 2344 2372 2342 
3 2372 2370 2342 
3 2345 2373 2344 
3 2373 2372 2344 
3 2346 2374 2345 
3 2374 2373 2345 
3 2347 2375 2346 
3 2375 2374 2346 
3 2348 2376 2347 
3 2376 2375 2347 
3 2349 2377 2348 
3 2377 2376 2348 
3 2350 2378 2349 
3 2378 2377 2349 
3 2351 2379 2350 
3 2379 2378 2350 
3 2352 2380 2351 
3 2380 2379 2351 
3 2353 2381 2352 
3 2381 2380 2352 
3 2354 2382 2353 
3 2382 2381 2353 
3 2355 2383 2354 
3 2383 2382 2354 
3 2356 2384 2355 
3 2384 2383 2355 
3 2357 2385 2356 
3 2385 2384 2356 
3 2358 2386 2357 
3 2386 2385 2357 
3 2359 2387 2358 
3 2387 2386 2358 
3 2388 2826 2360 
3 2828 2826 2388 
3 2389 2362 2361 
3 2390 2362 2389 
3 2363 2391 2827 
3 2391 2829 2827 
3 2364 2392 2363 
3 2392 2391 2363 
3 2365 2393 2364 
3 2393 2392 2364 
3 2366 2394 2365 
3 2394 2393 2365 
3 2367 2395 2366 
3 2395 2394 2366 
3 2368 2396 2367 
3 2396 2395 2367 
3 2369 2397 2368 
3 2397 2396 2368 
3 2370 2398 2371 
3 2398 2399 2371 
3 2372 2400 2370 
3 2400 2398 2370 
3 2373 2401 2372 
3 2401 2400 2372 
3 2374 2402 2373 
3 2402 2401 2373 
3 2375 2403 2374 
3 2403 2402 2374 
3 2376 2404 2375 
3 2404 2403 2375 
3 2377 2405 2376 
3 2405 2404 2376 
3 2378 2406 2377 
3 2406 2405 2377 
3 2379 2407 2378 
3 2407 2406 2378 
3 2380 2408 2379 
3 2408 2407 2379 
3 2381 2409 2380 
3 2409 2408 2380 
3 2382 2410 2381 
3 2410 2409 2381 
3 2383 2411 2382 
3 2411 2410 2382 
3 2384 2412 2383 
3 2412 2411 2383 
3 2385 2413 2384 
3 2413 2412 2384 
3 2386 2414 2385 
3 2414 2413 2385 
3 2387 2415 2386 
3 2415 2414 2386 
3 2416 2828 2388 
3 2830 2828 2416 
3 2417 2390 2389 
3 2418 2390 2417 
3 2391 2419 2829 
3 2419 2831 2829 
3 2392 2420 2391 
3 2420 2419 2391 
3 2393 2421 2392 
3 2421 2420 2392 
3 2394 2422 2393 
3 2422 2421 2393 
3 2395 2423 2394 
3 2423 2422 2394 
3 2396 2424 2395 
3 2424 2423 2395 
3 2397 2425 2396 
3 2425 2424 2396 
3 2398 2426 2399 
3 2426 2427 2399 
3 2400 2428 2398 
3 2428 2426 2398 
3 2401 2429 2400 
3 2429 2428 2400 
3 2402 2430 2401 
3 2430 2429 2401 
3 2403 2431 2402 
3 2431 2430 2402 
3 2404 2432 2403 
3 2432 2431 2403 
3 2405 2433 2404 
3 2433 2432 2404 
3 2406 2434 2405 
3 2434 2433 2405 
3 2407 2435 2406 
3 2435 2434 2406 
3 2408 2436 2407 
3 2436 2435 2407 
3 2409 2437 2408 
3 2437 2436 2408 
3 2410 2438 2409 
3 2438 2437 2409 
3 2411 2439 2410 
3 2439 2438 2410 
3 2412 2440 2411 
3 2440 2439 2411 
3 2413 2441 2412 
3 2441 2440 2412 
3 2414 2442 2413 
3 2442 2441 2413 
3 2415 2443 2414 
3 2443 2442 2414 
3 2444 2830 2416 
3 2444 2445 2830 
3 2832 2443 2415 
3 2445 2446 2447 
3 2444 2446 2445 
3 2418 2833 2834 
3 2418 2417 2833 
3 2831 2448 2835 
3 2419 2449 2831 
3 2449 2448 2831 
3 2420 2450 2419 
3 2450 2449 2419 
3 2421 2451 2420 
3 2451 2450 2420 
3 2422 2452 2421 
3 2452 2451 2421 
3 2423 2453 2422 
3 2453 2452 2422 
3 2424 2454 2423 
3 2454 2453 2423 
3 2425 2455 2424 
3 2455 2454 2424 
3 2426 2456 2427 
3 2456 2457 2427 
3 2428 2458 2426 
3 2458 2456 2426 
3 2429 2459 2428 
3 2459 2458 2428 
3 2430 2460 2429 
3 2460 2459 2429 
3 2431 2461 2430 
3 2461 2460 2430 
3 2432 2462 2431 
3 2462 2461 2431 
3 2433 2463 2432 
3 2463 2462 2432 
3 2434 2464 2433 
3 2464 2463 2433 
3 2435 2465 2434 
3 2465 2464 2434 
3 2436 2466 2435 
3 2466 2465 2435 
3 2437 2467 2436 
3 2467 2466 2436 
3 2438 2468 2437 
3 2468 2467 2437 
3 2439 2469 2438 
3 2469 2468 2438 
3 2440 2470 2439 
3 2470 2469 2439 
3 2441 2471 2440 
3 2471 2470 2440 
3 2442 2472 2441 
3 2472 2471 2441 
3 2443 2473 2442 
3 2473 2472 2442 
3 2832 2474 2443 
3 2474 2473 2443 
3 2835 2475 2832 
3 2475 2474 2832 
3 2448 2476 2835 
3 2476 2475 2835 
3 2449 2477 2448 
3 2477 2476 2448 
3 2450 2478 2449 
3 2478 2477 2449 
3 2451 2479 2450 
3 2479 2478 2450 
3 2452 2480 2451 
3 2480 2479 2451 
3 2453 2481 2452 
3 2481 2480 2452 
3 2454 2482 2453 
3 2482 2481 2453 
3 2455 2483 2454 
3 2483 2482 2454 
3 2456 2484 2457 
3 2484 2485 2457 
3 2458 2486 2456 
3 2486 2484 2456 
3 2459 2487 2458 
3 2487 2486 2458 
3 2460 2488 2459 
3 2488 2487 2459 
3 2461 2489 2460 
3 2489 2488 2460 
3 2462 2490 2461 
3 2490 2489 2461 
3 2463 2491 2462 
3 2491 2490 2462 
3 2464 2492 2463 
3 2492 2491 2463 
3 2465 2493 2464 
3 2493 2492 2464 
3 2466 2494 2465 
3 2494 2493 2465 
3 2467 2495 2466 
3 2495 2494 2466 
3 2468 2496 2467 
3 2496 2495 2467 
3 2469 2497 2468 
3 2497 2496 2468 
3 2470 2498 2469 
3 2498 2497 2469 
3 2471 2499 2470 
3 2499 2498 2470 
3 2472 2500 2471 
3 2500 2499 2471 
3 2473 2501 2472 
3 2501 2500 2472 
3 2474 2502 2473 
3 2502 2501 2473 
3 2475 2503 2474 
3 2503 2502 2474 
3 2476 2504 2475 
3 2504 2503 2475 
3 2477 2505 2476 
3 2505 2504 2476 
3 2478 2506 2477 
3 2506 2505 2477 
3 2479 2507 2478 
3 2507 2506 2478 
3 2480 2508 2479 
3 2508 2507 2479 
3 2481 2509 2480 
3 2509 2508 2480 
3 2482 2510 2481 
3 2510 2509 2481 
3 2483 2511 2482 
3 2511 2510 2482 
3 2484 2512 2485 
3 2512 2513 2485 
3 2486 2514 2484 
3 2514 2512 2484 
3 2487 2515 2486 
3 2515 2514 2486 
3 2488 2516 2487 
3 2516 2515 2487 
3 2489 2517 2488 
3 2517 2516 2488 
3 2490 2518 2489 
3 2518 2517 2489 
3 2491 2519 2490 
3 2519 2518 2490 
3 2492 2520 2491 
3 2520 2519 2491 
3 2493 2521 2492 
3 2521 2520 2492 
3 2494 2522 2493 
3 2522 2521 2493 
3 2495 2523 2494 
3 2523 2522 2494 
3 2496 2524 2495 
3 2524 2523 2495 
3 2497 2525 2496 
3 2525 2524 2496 
3 2498 2526 2497 
3 2526 2525 2497 
3 2499 2527 2498 
3 2527 2526 2498 
3 2500 2528 2499 
3 2528 2527 2499 
3 2501 2529 2500 
3 2529 2528 2500 
3 2502 2530 2501 
3 2530 2529 2501 
3 2503 2531 2502 
3 2531 2530 2502 
3 2504 2532 2503 
3 2532 2531 2503 
3 2505 2533 2504 
3 2533 2532 2504 
3 2506 2534 2505 
3 2534 2533 2505 
3 2507 2535 2506 
3 2535 2534 2506 
3 2508 2536 2507 
3 2536 2535 2507 
3 2509 2537 2508 
3 2537 2536 2508 
3 2510 2538 2509 
3 2538 2537 2509 
3 2511 2539 2510 
3 2539 2538 2510 
3 2512 2540 2513 
3 2540 2541 2513 
3 2514 2542 2512 
3 2542 2540 2512 
3 2515 2543 2514 
3 2543 2542 2514 
3 2516 2544 2515 
3 2544 2543 2515 
3 2517 2545 2516 
3 2545 2544 2516 
3 2518 2546 2517 
3 2546 2545 2517 
3 2519 2547 2518 
3 2547 2546 2518 
3 2520 2548 2519 
3 2548 2547 2519 
3 2521 2549 2520 
3 2549 2548 2520 
3 2522 2550 2521 
3 2550 2549 2521 
3 2523 2551 2522 
3 2551 2550 2522 
3 2524 2552 2523 
3 2552 2551 2523 
3 2525 2553 2524 
3 2553 2552 2524 
3 2526 2554 2525 
3 2554 2553 2525 
3 2527 2555 2526 
3 2555 2554 2526 
3 2528 2556 2527 
3 2556 2555 2527 
3 2529 2557 2528 
3 2557 2556 2528 
3 2530 2558 2529 
3 2558 2557 2529 
3 2531 2559 2530 
3 2559 2558 2530 
3 2532 2560 2531 
3 2560 2559 2531 
3 2533 2561 2532 
3 2561 2560 2532 
3 2534 2562 2533 
3 2562 2561 2533 
3 2535 2563 2534 
3 2563 2562 2534 
3 2536 2564 2535 
3 2564 2563 2535 
3 2537 2565 2536 
3 2565 2564 2536 
3 2538 2566 2537 
3 2566 2565 2537 
3 2539 2567 2538 
3 2567 2566 2538 
3 2540 2568 2541 
3 2568 2569 2541 
3 2542 2570 2540 
3 2570 2568 2540 
3 2543 2571 2542 
3 2571 2570 2542 
3 2544 2572 2543 
3 2572 2571 2543 
3 2545 2573 2544 
3 2573 2572 2544 
3 2546 2574 2545 
3 2574 2573 2545 
3 2547 2575 2546 
3 2575 2574 2546 
3 2548 2576 2547 
3 2576 2575 2547 
3 2549 2577 2548 
3 2577 2576 2548 
3 2550 2578 2549 
3 2578 2577 2549 
3 2551 2579 2550 
3 2579 2578 2550 
3 2552 2580 2551 
3 2580 2579 2551 
3 2553 2581 2552 
3 2581 2580 2552 
3 2554 2582 2553 
3 2582 2581 2553 
3 2555 2583 2554 
3 2583 2582 2554 
3 2556 2584 2555 
3 2584 2583 2555 
3 2557 2585 2556 
3 2585 2584 2556 
3 2558 2586 2557 
3 2586 2585 2557 
3 2559 2587 2558 
3 2587 2586 2558 
3 2560 2588 2559 
3 2588 2587 2559 
3 2561 2589 2560 
3 2589 2588 2560 
3 2562 2590 2561 
3 2590 2589 2561 
3 2563 2591 2562 
3 2591 2590 2562 
3 2564 2592 2563 
3 2592 2591 2563 
3 2565 2593 2564 
3 2593 2592 2564 
3 2076 2075 2593 
3 2076 2593 2566 
3 2566 2593 2565 
3 2077 2076 2566 
3 2567 2077 2566 
3 2568 2594 2569 
3 2594 2595 2569 
3 2570 2596 2568 
3 2596 2594 2568 
3 2571 2597 2570 
3 2597 2596 2570 
3 2572 2598 2571 
3 2598 2597 2571 
3 2573 2599 2572 
3 2599 2598 2572 
3 2574 2600 2573 
3 2600 2599 2573 
3 2575 2601 2574 
3 2601 2600 2574 
3 2576 2602 2575 
3 2602 2601 2575 
3 2577 2603 2576 
3 2603 2602 2576 
3 2578 2604 2577 
3 2604 2603 2577 
3 2579 2605 2578 
3 2605 2604 2578 
3 2580 2606 2579 
3 2606 2605 2579 
3 2581 2607 2580 
3 2607 2606 2580 
3 2582 2608 2581 
3 2608 2607 2581 
3 2583 2609 2582 
3 2609 2608 2582 
3 2584 2610 2583 
3 2610 2609 2583 
3 2585 2611 2584 
3 2611 2610 2584 
3 2586 2612 2585 
3 2612 2611 2585 
3 2587 2613 2586 
3 2613 2612 2586 
3 2588 2614 2587 
3 2614 2613 2587 
3 2589 2615 2588 
3 2615 2614 2588 
3 2590 2616 2589 
3 2616 2615 2589 
3 2591 2617 2590 
3 2617 2616 2590 
3 2081 2080 2617 
3 2081 2617 2592 
3 2592 2617 2591 
3 2082 2081 2592 
3 2593 2082 2592 
3 2075 2082 2593 
3 2594 2618 2595 
3 2618 2619 2595 
3 2596 2620 2594 
3 2620 2618 2594 
3 2597 2621 2596 
3 2621 2620 2596 
3 2598 2622 2597 
3 2622 2621 2597 
3 2599 2623 2598 
3 2623 2622 2598 
3 2600 2624 2599 
3 2624 2623 2599 
3 2601 2625 2600 
3 2625 2624 2600 
3 2602 2626 2601 
3 2626 2625 2601 
3 2603 2627 2602 
3 2627 2626 2602 
3 2604 2628 2603 
3 2628 2627 2603 
3 2605 2629 2604 
3 2629 2628 2604 
3 2606 2630 2605 
3 2630 2629 2605 
3 2607 2631 2606 
3 2631 2630 2606 
3 2608 2632 2607 
3 2632 2631 2607 
3 2609 2633 2608 
3 2633 2632 2608 
3 2610 2634 2609 
3 2634 2633 2609 
3 2611 2635 2610 
3 2635 2634 2610 
3 2612 2636 2611 
3 2636 2635 2611 
3 2613 2637 2612 
3 2637 2636 2612 
3 2614 2638 2613 
3 2638 2637 2613 
3 2615 2639 2614 
3 2639 2638 2614 
3 2616 2640 2615 
3 2640 2639 2615 
3 2617 2641 2616 
3 2641 2640 2616 
3 2080 2086 2642 
3 2080 2642 2617 
3 2617 2642 2641 
3 2086 2087 2643 
3 2642 2086 2643 
3 2087 2088 2644 
3 2643 2087 2644 
3 2088 2089 2645 
3 2644 2088 2645 
3 2618 2646 2619 
3 2646 2647 2619 
3 2620 2648 2618 
3 2648 2646 2618 
3 2621 2649 2620 
3 2649 2648 2620 
3 2622 2650 2621 
3 2650 2649 2621 
3 2623 2651 2622 
3 2651 2650 2622 
3 2624 2652 2623 
3 2652 2651 2623 
3 2625 2653 2624 
3 2653 2652 2624 
3 2626 2654 2625 
3 2654 2653 2625 
3 2627 2655 2626 
3 2655 2654 2626 
3 2628 2656 2627 
3 2656 2655 2627 
3 2629 2657 2628 
3 2657 2656 2628 
3 2630 2658 2629 
3 2658 2657 2629 
3 2631 2659 2630 
3 2659 2658 2630 
3 2632 2660 2631 
3 2660 2659 2631 
3 2633 2661 2632 
3 2661 2660 2632 
3 2634 2662 2633 
3 2662 2661 2633 
3 2635 2663 2634 
3 2663 2662 2634 
3 2636 2664 2635 
3 2664 2663 2635 
3 2637 2665 2636 
3 2665 2664 2636 
3 2638 2666 2637 
3 2666 2665 2637 
3 2639 2667 2638 
3 2667 2666 2638 
3 2640 2668 2639 
3 2668 2667 2639 
3 2641 2669 2640 
3 2669 2668 2640 
3 2642 2670 2641 
3 2670 2669 2641 
3 2643 2671 2642 
3 2671 2670 2642 
3 2644 2672 2643 
3 2672 2671 2643 
3 2645 2673 2644 
3 2673 2672 2644 
3 2646 2674 2647 
3 2674 2675 2647 
3 2648 2676 2646 
3 2676 2674 2646 
3 2649 2677 2648 
3 2677 2676 2648 
3 2650 2678 2649 
3 2678 2677 2649 
3 2651 2679 2650 
3 2679 2678 2650 
3 2652 2680 2651 
3 2680 2679 2651 
3 2653 2681 2652 
3 2681 2680 2652 
3 2654 2682 2653 
3 2682 2681 2653 
3 2655 2683 2654 
3 2683 2682 2654 
3 2656 2684 2655 
3 2684 2683 2655 
3 2657 2685 2656 
3 2685 2684 2656 
3 2658 2686 2657 
3 2686 2685 2657 
3 2659 2687 2658 
3 2687 2686 2658 
3 2660 2688 2659 
3 2688 2687 2659 
3 2661 2689 2660 
3 2689 2688 2660 
3 2662 2690 2661 
3 2690 2689 2661 
3 2663 2691 2662 
3 2691 2690 2662 
3 2664 2692 2663 
3 2692 2691 2663 
3 2665 2693 2664 
3 2693 2692 2664 
3 2666 2694 2665 
3 2694 2693 2665 
3 2667 2695 2666 
3 2695 2694 2666 
3 2668 2696 2667 
3 2696 2695 2667 
3 2669 2697 2668 
3 2697 2696 2668 
3 2670 2698 2669 
3 2698 2697 2669 
3 2671 2699 2670 
3 2699 2698 2670 
3 2672 2700 2671 
3 2700 2699 2671 
3 2673 2701 2672 
3 2701 2700 2672 
3 2674 2702 2675 
3 2702 2703 2675 
3 2676 2704 2674 
3 2704 2702 2674 
3 2677 2705 2676 
3 2705 2704 2676 
3 2678 2706 2677 
3 2706 2705 2677 
3 2679 2707 2678 
3 2707 2706 2678 
3 2680 2708 2679 
3 2708 2707 2679 
3 2681 2709 2680 
3 2709 2708 2680 
3 2682 2710 2681 
3 2710 2709 2681 
3 2683 2711 2682 
3 2711 2710 2682 
3 2684 2712 2683 
3 2712 2711 2683 
3 2685 2713 2684 
3 2713 2712 2684 
3 2686 2714 2685 
3 2714 2713 2685 
3 2687 2715 2686 
3 2715 2714 2686 
3 2688 2716 2687 
3 2716 2715 2687 
3 2689 2717 2688 
3 2717 2716 2688 
3 2690 2718 2689 
3 2718 2717 2689 
3 2691 2719 2690 
3 2719 2718 2690 
3 2692 2720 2691 
3 2720 2719 2691 
3 2693 2721 2692 
3 2721 2720 2692 
3 2694 2722 2693 
3 2722 2721 2693 
3 2695 2723 2694 
3 2723 2722 2694 
3 2696 2724 2695 
3 2724 2723 2695 
3 2697 2725 2696 
3 2725 2724 2696 
3 2698 2726 2697 
3 2726 2725 2697 
3 2699 2727 2698 
3 2727 2726 2698 
3 2700 2728 2699 
3 2728 2727 2699 
3 2701 2729 2700 
3 2729 2728 2700 
3 2702 2730 2703 
3 2730 2731 2703 
3 2704 2732 2702 
3 2732 2730 2702 
3 2705 2733 2704 
3 2733 2732 2704 
3 2706 2734 2705 
3 2734 2733 2705 
3 2707 2735 2706 
3 2735 2734 2706 
3 2708 2736 2707 
3 2736 2735 2707 
3 2709 2737 2708 
3 2737 2736 2708 
3 2710 2738 2709 
3 2738 2737 2709 
3 2711 2739 2710 
3 2739 2738 2710 
3 2712 2740 2711 
3 2740 2739 2711 
3 2713 2741 2712 
3 2741 2740 2712 
3 2714 2742 2713 
3 2742 2741 2713 
3 2715 2743 2714 
3 2743 2742 2714 
3 2716 2744 2715 
3 2744 2743 2715 
3 2717 2745 2716 
3 2745 2744 2716 
3 2718 2746 2717 
3 2746 2745 2717 
3 2719 2747 2718 
3 2747 2746 2718 
3 2720 2748 2719 
3 2748 2747 2719 
3 2721 2749 2720 
3 2749 2748 2720 
3 2722 2750 2721 
3 2750 2749 2721 
3 2723 2751 2722 
3 2751 2750 2722 
3 2724 2752 2723 
3 2752 2751 2723 
3 2725 2753 2724 
3 2753 2752 2724 
3 2726 2754 2725 
3 2754 2753 2725 
3 2727 2755 2726 
3 2755 2754 2726 
3 2728 2756 2727 
3 2756 2755 2727 
3 2729 2757 2728 
3 2757 2756 2728 
3 2127 2758 2126 
3 2758 2759 2126 
3 2129 2131 2760 
3 2760 2131 2761 
3 2126 2759 2164 
3 2759 2762 2164 
3 2131 2166 2761 
3 2761 2166 2763 
3 2164 2762 2192 
3 2762 2764 2192 
3 2166 2194 2763 
3 2763 2194 2765 
3 2192 2764 2220 
3 2764 2766 2220 
3 2194 2222 2765 
3 2765 2222 2767 
3 2220 2766 2248 
3 2766 2768 2248 
3 2222 2250 2767 
3 2767 2250 2769 
3 2248 2768 2276 
3 2768 2770 2276 
3 2250 2278 2769 
3 2769 2278 2771 
3 2276 2770 2304 
3 2770 2772 2304 
3 2278 2306 2771 
3 2771 2306 2773 
3 2304 2772 2332 
3 2772 2774 2332 
3 2306 2334 2773 
3 2773 2334 2775 
3 2332 2774 2360 
3 2774 2776 2360 
3 2334 2362 2775 
3 2775 2362 2777 
3 2360 2776 2388 
3 2776 2778 2388 
3 2362 2390 2777 
3 2777 2390 2779 
3 2388 2778 2416 
3 2778 2780 2416 
3 2390 2418 2779 
3 2779 2418 2781 
3 2416 2780 2782 
3 2444 2416 2782 
3 2446 2444 2783 
3 2444 2782 2783 
3 2781 2418 2834 
3 2836 2781 2834 
3 2784 2785 2759 
3 2758 2784 2759 
3 2786 2787 2784 
3 2787 2785 2784 
3 2760 2761 2787 
3 2786 2760 2787 
3 2785 2788 2762 
3 2759 2785 2762 
3 2787 2789 2785 
3 2789 2788 2785 
3 2761 2763 2789 
3 2787 2761 2789 
3 2788 2790 2764 
3 2762 2788 2764 
3 2789 2791 2788 
3 2791 2790 2788 
3 2763 2765 2791 
3 2789 2763 2791 
3 2790 2792 2766 
3 2764 2790 2766 
3 2791 2793 2790 
3 2793 2792 2790 
3 2765 2767 2793 
3 2791 2765 2793 
3 2792 2794 2768 
3 2766 2792 2768 
3 2793 2795 2792 
3 2795 2794 2792 
3 2767 2769 2795 
3 2793 2767 2795 
3 2794 2796 2770 
3 2768 2794 2770 
3 2795 2797 2794 
3 2797 2796 2794 
3 2769 2771 2797 
3 2795 2769 2797 
3 2796 2798 2772 
3 2770 2796 2772 
3 2797 2799 2796 
3 2799 2798 2796 
3 2771 2773 2799 
3 2797 2771 2799 
3 2798 2800 2774 
3 2772 2798 2774 
3 2799 2801 2798 
3 2801 2800 2798 
3 2773 2775 2801 
3 2799 2773 2801 
3 2800 2802 2776 
3 2774 2800 2776 
3 2801 2803 2800 
3 2803 2802 2800 
3 2775 2777 2803 
3 2801 2775 2803 
3 2802 2804 2778 
3 2776 2802 2778 
3 2803 2805 2802 
3 2805 2804 2802 
3 2777 2779 2805 
3 2803 2777 2805 
3 2804 2806 2780 
3 2778 2804 2780 
3 2805 2807 2804 
3 2807 2806 2804 
3 2779 2781 2807 
3 2805 2779 2807 
3 2780 2806 2782 
3 2783 2782 2806 
3 2807 2783 2806 
3 2781 2783 2807 
3 2837 2838 2839 
3 2840 2838 2837 
3 2841 2842 2843 
3 2841 3669 2842 
3 3669 3670 2842 
3 2843 2844 2845 
3 2842 2844 2843 
3 2844 2846 2845 
3 3671 2847 3672 
3 3672 2847 2848 
3 2841 3673 2849 
3 2850 3674 3675 
3 2845 3676 2843 
3 2851 2852 2853 
3 3677 2852 2851 
3 3677 2846 2852 
3 3677 3678 2846 
3 3679 2854 3680 
3 2855 2854 3679 
3 2856 2857 3681 
3 3681 2857 3682 
3 2858 2859 3683 
3 3683 2859 3684 
3 2853 3685 2851 
3 2853 2860 3685 
3 2860 3686 3685 
3 2861 2862 2863 
3 2861 2839 2838 
3 2861 2863 2839 
3 2863 2864 2839 
3 2842 3670 2865 
3 3670 3687 2865 
3 2844 2842 2866 
3 2842 2865 2866 
3 3688 2867 2868 
3 3688 2844 2867 
3 2844 2866 2867 
3 2869 2862 2861 
3 2870 2862 2869 
3 3672 2848 2869 
3 2861 3672 2869 
3 2846 2868 2852 
3 2869 2871 2870 
3 2872 2873 2871 
3 2854 2872 2871 
3 2854 2871 2869 
3 2854 2869 3680 
3 2874 3689 3682 
3 2874 3682 2875 
3 2875 3682 2857 
3 3690 2876 3684 
3 3684 2876 2875 
3 3691 2877 3690 
3 3690 2877 2876 
3 2872 2878 2873 
3 2874 2878 3689 
3 2879 2880 2881 
3 2882 2880 2879 
3 2883 2884 3692 
3 2884 3693 3692 
3 2885 2886 2883 
3 2886 2884 2883 
3 2887 2888 2885 
3 2888 2886 2885 
3 2889 2890 2887 
3 2890 2888 2887 
3 2891 2892 2889 
3 2892 2890 2889 
3 2893 2894 2891 
3 2894 2892 2891 
3 2895 2896 2893 
3 2896 2894 2893 
3 2897 2882 2879 
3 2898 2882 2897 
3 2884 2899 3693 
3 2899 3694 3693 
3 2886 2900 2884 
3 2900 2899 2884 
3 2888 2901 2886 
3 2901 2900 2886 
3 2890 2902 2888 
3 2902 2901 2888 
3 2892 2903 2890 
3 2903 2902 2890 
3 2894 2904 2892 
3 2904 2903 2892 
3 2896 2905 2894 
3 2905 2904 2894 
3 2906 2898 2897 
3 2907 2898 2906 
3 2899 2908 3694 
3 2908 3695 3694 
3 2900 2909 2899 
3 2909 2908 2899 
3 2901 2910 2900 
3 2910 2909 2900 
3 2902 2911 2901 
3 2911 2910 2901 
3 2903 2912 2902 
3 2912 2911 2902 
3 2904 2913 2903 
3 2913 2912 2903 
3 2905 2914 2904 
3 2914 2913 2904 
3 2915 2907 2906 
3 2916 2907 2915 
3 2908 2917 3695 
3 2917 3696 3695 
3 2909 2918 2908 
3 2918 2917 2908 
3 2910 2919 2909 
3 2919 2918 2909 
3 2911 2920 2910 
3 2920 2919 2910 
3 2912 2921 2911 
3 2921 2920 2911 
3 2913 2922 2912 
3 2922 2921 2912 
3 2914 2923 2913 
3 2923 2922 2913 
3 2924 2916 2915 
3 2925 2916 2924 
3 2917 2926 3696 
3 2926 3697 3696 
3 2918 2927 2917 
3 2927 2926 2917 
3 2919 2928 2918 
3 2928 2927 2918 
3 2920 2929 2919 
3 2929 2928 2919 
3 2921 2930 2920 
3 2930 2929 2920 
3 2922 2931 2921 
3 2931 2930 2921 
3 2923 2932 2922 
3 2932 2931 2922 
3 2933 2925 2924 
3 2934 2925 2933 
3 2926 2935 3697 
3 2935 3698 3697 
3 2927 2936 2926 
3 2936 2935 2926 
3 2928 2937 2927 
3 2937 2936 2927 
3 2929 2938 2928 
3 2938 2937 2928 
3 2930 2939 2929 
3 2939 2938 2929 
3 2931 2940 2930 
3 2940 2939 2930 
3 2932 2941 2931 
3 2941 2940 2931 
3 2942 2934 2933 
3 2943 2934 2942 
3 2935 2944 3698 
3 2944 3699 3698 
3 2936 2945 2935 
3 2945 2944 2935 
3 2937 2946 2936 
3 2946 2945 2936 
3 2938 2947 2937 
3 2947 2946 2937 
3 2939 2948 2938 
3 2948 2947 2938 
3 2940 2949 2939 
3 2949 2948 2939 
3 2941 2950 2940 
3 2950 2949 2940 
3 2951 2943 2942 
3 2952 2943 2951 
3 2944 2953 3699 
3 2953 3700 3699 
3 2945 2954 2944 
3 2954 2953 2944 
3 2946 2955 2945 
3 2955 2954 2945 
3 2947 2956 2946 
3 2956 2955 2946 
3 2948 2957 2947 
3 2957 2956 2947 
3 2949 2958 2948 
3 2958 2957 2948 
3 2950 2959 2949 
3 2959 2958 2949 
3 2960 2961 2962 
3 2960 2963 2964 
3 2962 2963 2960 
3 2963 2965 2964 
3 2966 2952 2951 
3 2967 2952 2966 
3 2953 2968 3700 
3 2968 3701 3700 
3 2954 2969 2953 
3 2969 2968 2953 
3 2955 2970 2954 
3 2970 2969 2954 
3 2956 2971 2955 
3 2971 2970 2955 
3 2957 2972 2956 
3 2972 2971 2956 
3 2958 2973 2957 
3 2973 2972 2957 
3 2959 2974 2958 
3 2974 2973 2958 
3 2975 2961 2960 
3 2976 2961 2975 
3 2964 2977 2960 
3 2977 2975 2960 
3 2978 2964 2965 
3 2977 2964 2978 
3 2979 2967 2966 
3 2980 2967 2979 
3 2968 2981 3701 
3 2981 3702 3701 
3 2969 2982 2968 
3 2982 2981 2968 
3 2970 2983 2969 
3 2983 2982 2969 
3 2971 2984 2970 
3 2984 2983 2970 
3 2972 2985 2971 
3 2985 2984 2971 
3 2973 2986 2972 
3 2986 2985 2972 
3 2974 2987 2973 
3 2987 2986 2973 
3 2988 2989 2990 
3 2991 2989 2988 
3 2990 2992 2993 
3 2989 2992 2990 
3 2992 2994 2993 
3 2975 2995 2976 
3 2977 2995 2975 
3 2996 2995 2977 
3 2978 2996 2977 
3 2997 2980 2979 
3 2998 2980 2997 
3 2981 2999 3702 
3 2999 3703 3702 
3 2982 3000 2981 
3 3000 2999 2981 
3 2983 3001 2982 
3 3001 3000 2982 
3 2984 3002 2983 
3 3002 3001 2983 
3 2985 3003 2984 
3 3003 3002 2984 
3 2986 3004 2985 
3 3004 3003 2985 
3 2987 3005 2986 
3 3005 3004 2986 
3 2990 3006 2988 
3 3007 3006 2990 
3 2993 3007 2990 
3 3008 3007 2993 
3 2994 3008 2993 
3 3009 3010 3011 
3 3009 3012 3013 
3 3011 3012 3009 
3 3704 3014 3015 
3 3012 3705 3013 
3 3015 3016 3017 
3 3014 3016 3015 
3 2998 3706 3707 
3 2998 2997 3706 
3 3703 3018 3708 
3 2999 3019 3703 
3 3019 3018 3703 
3 3000 3020 2999 
3 3020 3019 2999 
3 3001 3021 3000 
3 3021 3020 3000 
3 3002 3022 3001 
3 3022 3021 3001 
3 3003 3023 3002 
3 3023 3022 3002 
3 3004 3024 3003 
3 3024 3023 3003 
3 3005 3025 3004 
3 3025 3024 3004 
3 3026 3027 3028 
3 3026 3029 3030 
3 3028 3029 3026 
3 3030 3031 3032 
3 3029 3031 3030 
3 3032 3033 3034 
3 3031 3033 3032 
3 3034 3035 3036 
3 3033 3035 3034 
3 3010 3036 3035 
3 3010 3009 3036 
3 3009 3037 3036 
3 3013 3038 3009 
3 3038 3037 3009 
3 3709 3039 3013 
3 3039 3038 3013 
3 3708 3040 3709 
3 3040 3039 3709 
3 3018 3041 3708 
3 3041 3040 3708 
3 3019 3042 3018 
3 3042 3041 3018 
3 3020 3043 3019 
3 3043 3042 3019 
3 3021 3044 3020 
3 3044 3043 3020 
3 3022 3045 3021 
3 3045 3044 3021 
3 3023 3046 3022 
3 3046 3045 3022 
3 3024 3047 3023 
3 3047 3046 3023 
3 3025 3048 3024 
3 3048 3047 3024 
3 3049 3027 3026 
3 3050 3027 3049 
3 3030 3051 3026 
3 3051 3049 3026 
3 3032 3052 3030 
3 3052 3051 3030 
3 3034 3053 3032 
3 3053 3052 3032 
3 3036 3054 3034 
3 3054 3053 3034 
3 3037 3055 3036 
3 3055 3054 3036 
3 3038 3056 3037 
3 3056 3055 3037 
3 3039 3057 3038 
3 3057 3056 3038 
3 3040 3058 3039 
3 3058 3057 3039 
3 3041 3059 3040 
3 3059 3058 3040 
3 3042 3060 3041 
3 3060 3059 3041 
3 3043 3061 3042 
3 3061 3060 3042 
3 3044 3062 3043 
3 3062 3061 3043 
3 3045 3063 3044 
3 3063 3062 3044 
3 3046 3064 3045 
3 3064 3063 3045 
3 3047 3065 3046 
3 3065 3064 3046 
3 3048 3066 3047 
3 3066 3065 3047 
3 3067 3068 3069 
3 3070 3068 3067 
3 3069 3071 3072 
3 3068 3071 3069 
3 3072 3073 3074 
3 3071 3073 3072 
3 3073 3075 3074 
3 3076 3077 3078 
3 3050 3076 3078 
3 3050 3049 3076 
3 3049 3079 3076 
3 3051 3080 3049 
3 3080 3079 3049 
3 3052 3081 3051 
3 3081 3080 3051 
3 3053 3082 3052 
3 3082 3081 3052 
3 3054 3083 3053 
3 3083 3082 3053 
3 3055 3084 3054 
3 3084 3083 3054 
3 3056 3085 3055 
3 3085 3084 3055 
3 3057 3086 3056 
3 3086 3085 3056 
3 3058 3087 3057 
3 3087 3086 3057 
3 3059 3088 3058 
3 3088 3087 3058 
3 3060 3089 3059 
3 3089 3088 3059 
3 3061 3090 3060 
3 3090 3089 3060 
3 3062 3091 3061 
3 3091 3090 3061 
3 3063 3092 3062 
3 3092 3091 3062 
3 3064 3093 3063 
3 3093 3092 3063 
3 3065 3094 3064 
3 3094 3093 3064 
3 3066 3095 3065 
3 3095 3094 3065 
3 3069 3096 3067 
3 3096 3097 3067 
3 3072 3098 3069 
3 3098 3096 3069 
3 3074 3099 3072 
3 3099 3098 3072 
3 3100 3074 3075 
3 3100 3101 3074 
3 3101 3099 3074 
3 3100 3102 3101 
3 3103 3104 3105 
3 3103 3106 3107 
3 3105 3106 3103 
3 3106 3108 3107 
3 3109 3077 3076 
3 3110 3077 3109 
3 3079 3111 3076 
3 3111 3109 3076 
3 3080 3112 3079 
3 3112 3111 3079 
3 3081 3113 3080 
3 3113 3112 3080 
3 3082 3114 3081 
3 3114 3113 3081 
3 3083 3115 3082 
3 3115 3114 3082 
3 3084 3116 3083 
3 3116 3115 3083 
3 3085 3117 3084 
3 3117 3116 3084 
3 3086 3118 3085 
3 3118 3117 3085 
3 3087 3119 3086 
3 3119 3118 3086 
3 3088 3120 3087 
3 3120 3119 3087 
3 3089 3121 3088 
3 3121 3120 3088 
3 3090 3122 3089 
3 3122 3121 3089 
3 2863 2862 3122 
3 2863 3122 3091 
3 3091 3122 3090 
3 2864 2863 3091 
3 3092 2864 3091 
3 2865 2864 3092 
3 3093 2865 3092 
3 2866 2865 3093 
3 3094 2866 3093 
3 2867 2866 3094 
3 3095 2867 3094 
3 3096 3123 3097 
3 3123 3124 3097 
3 3098 3125 3096 
3 3125 3123 3096 
3 3099 3126 3098 
3 3126 3125 3098 
3 3101 3127 3099 
3 3127 3126 3099 
3 3128 3101 3102 
3 3128 3129 3101 
3 3129 3127 3101 
3 3129 3130 3131 
3 3128 3130 3129 
3 3104 3131 3130 
3 3104 3103 3131 
3 3103 3132 3131 
3 3107 3133 3103 
3 3133 3132 3103 
3 3134 3107 3108 
3 3133 3107 3134 
3 3135 3110 3109 
3 3136 3110 3135 
3 3111 3137 3109 
3 3137 3135 3109 
3 3112 3138 3111 
3 3138 3137 3111 
3 3113 3139 3112 
3 3139 3138 3112 
3 3114 3140 3113 
3 3140 3139 3113 
3 3115 3141 3114 
3 3141 3140 3114 
3 3116 3142 3115 
3 3142 3141 3115 
3 3117 3143 3116 
3 3143 3142 3116 
3 3118 3144 3117 
3 3144 3143 3117 
3 3119 3145 3118 
3 3145 3144 3118 
3 3120 3146 3119 
3 3146 3145 3119 
3 3121 3147 3120 
3 3147 3146 3120 
3 3122 3148 3121 
3 3148 3147 3121 
3 2862 2870 3148 
3 3122 2862 3148 
3 3123 3149 3124 
3 3150 3149 3123 
3 3125 3150 3123 
3 3151 3150 3125 
3 3126 3151 3125 
3 3152 3151 3126 
3 3152 3153 3154 
3 3152 3126 3153 
3 3126 3127 3153 
3 3155 3129 3156 
3 3155 3153 3129 
3 3153 3127 3129 
3 3156 3157 3158 
3 3156 3129 3157 
3 3129 3131 3157 
3 3132 3159 3131 
3 3159 3157 3131 
3 3133 3160 3132 
3 3160 3159 3132 
3 3161 3133 3134 
3 3161 3162 3133 
3 3162 3160 3133 
3 3136 3162 3161 
3 3136 3135 3162 
3 3135 3163 3162 
3 3137 3164 3135 
3 3164 3163 3135 
3 3138 3165 3137 
3 3165 3164 3137 
3 3139 3166 3138 
3 3166 3165 3138 
3 3140 3167 3139 
3 3167 3166 3139 
3 3141 3168 3140 
3 3168 3167 3140 
3 3142 3169 3141 
3 3169 3168 3141 
3 3143 3170 3142 
3 3170 3169 3142 
3 3144 3171 3143 
3 3171 3170 3143 
3 3145 3172 3144 
3 3172 3171 3144 
3 3146 3173 3145 
3 3173 3172 3145 
3 3147 3174 3146 
3 3174 3173 3146 
3 3148 3175 3147 
3 3175 3174 3147 
3 2870 2871 3176 
3 2870 3176 3148 
3 3148 3176 3175 
3 2871 2873 3176 
3 2875 3177 2874 
3 2875 2876 3178 
3 3177 2875 3178 
3 2876 2877 3179 
3 3178 2876 3179 
3 3153 3180 3154 
3 3155 3180 3153 
3 3181 3158 3157 
3 3182 3158 3181 
3 3159 3183 3157 
3 3183 3181 3157 
3 3160 3184 3159 
3 3184 3183 3159 
3 3162 3185 3160 
3 3185 3184 3160 
3 3163 3186 3162 
3 3186 3185 3162 
3 3164 3187 3163 
3 3187 3186 3163 
3 3165 3188 3164 
3 3188 3187 3164 
3 3166 3189 3165 
3 3189 3188 3165 
3 3167 3190 3166 
3 3190 3189 3166 
3 3168 3191 3167 
3 3191 3190 3167 
3 3169 3192 3168 
3 3192 3191 3168 
3 3170 3193 3169 
3 3193 3192 3169 
3 3171 3194 3170 
3 3194 3193 3170 
3 3172 3195 3171 
3 3195 3194 3171 
3 3173 3196 3172 
3 3196 3195 3172 
3 3174 3197 3173 
3 3197 3196 3173 
3 3175 3198 3174 
3 3198 3197 3174 
3 3176 3199 3175 
3 3199 3198 3175 
3 2873 2878 3200 
3 2873 3200 3176 
3 3176 3200 3199 
3 2878 2874 3177 
3 2878 3177 3200 
3 3200 3177 3201 
3 3178 3202 3177 
3 3202 3201 3177 
3 3179 3203 3178 
3 3203 3202 3178 
3 3204 3182 3181 
3 3205 3182 3204 
3 3183 3206 3181 
3 3206 3204 3181 
3 3184 3207 3183 
3 3207 3206 3183 
3 3185 3208 3184 
3 3208 3207 3184 
3 3186 3209 3185 
3 3209 3208 3185 
3 3187 3210 3186 
3 3210 3209 3186 
3 3188 3211 3187 
3 3211 3210 3187 
3 3189 3212 3188 
3 3212 3211 3188 
3 3190 3213 3189 
3 3213 3212 3189 
3 3191 3214 3190 
3 3214 3213 3190 
3 3192 3215 3191 
3 3215 3214 3191 
3 3193 3216 3192 
3 3216 3215 3192 
3 3194 3217 3193 
3 3217 3216 3193 
3 3195 3218 3194 
3 3218 3217 3194 
3 3196 3219 3195 
3 3219 3218 3195 
3 3197 3220 3196 
3 3220 3219 3196 
3 3198 3221 3197 
3 3221 3220 3197 
3 3199 3222 3198 
3 3222 3221 3198 
3 3200 3223 3199 
3 3223 3222 3199 
3 3201 3224 3200 
3 3224 3223 3200 
3 3202 3225 3201 
3 3225 3224 3201 
3 3203 3226 3202 
3 3226 3225 3202 
3 3204 3227 3205 
3 3227 3228 3229 
3 3227 3204 3228 
3 3204 3206 3710 
3 3207 3230 3206 
3 3230 3710 3206 
3 3208 3231 3207 
3 3231 3230 3207 
3 3209 3232 3208 
3 3232 3231 3208 
3 3210 3233 3209 
3 3233 3232 3209 
3 3211 3234 3210 
3 3234 3233 3210 
3 3212 3235 3211 
3 3235 3234 3211 
3 3213 3236 3212 
3 3236 3235 3212 
3 3214 3237 3213 
3 3237 3236 3213 
3 3215 3238 3214 
3 3238 3237 3214 
3 3216 3239 3215 
3 3239 3238 3215 
3 3217 3240 3216 
3 3240 3239 3216 
3 3218 3241 3217 
3 3241 3240 3217 
3 3219 3242 3218 
3 3242 3241 3218 
3 3220 3243 3219 
3 3243 3242 3219 
3 3221 3244 3220 
3 3244 3243 3220 
3 3222 3245 3221 
3 3245 3244 3221 
3 3223 3246 3222 
3 3246 3245 3222 
3 3224 3247 3223 
3 3247 3246 3223 
3 3225 3248 3224 
3 3248 3247 3224 
3 3226 3249 3225 
3 3249 3248 3225 
3 3250 3229 3228 
3 3251 3229 3250 
3 3230 3252 3228 
3 3252 3250 3228 
3 3231 3253 3230 
3 3253 3252 3230 
3 3232 3254 3231 
3 3254 3253 3231 
3 3255 3233 3256 
3 3255 3254 3233 
3 3254 3232 3233 
3 3234 3256 3233 
3 3257 3256 3234 
3 3257 3258 3259 
3 3257 3234 3258 
3 3234 3235 3258 
3 3236 3260 3235 
3 3260 3258 3235 
3 3237 3261 3236 
3 3261 3260 3236 
3 3238 3262 3237 
3 3262 3261 3237 
3 3239 3263 3238 
3 3263 3262 3238 
3 3240 3264 3239 
3 3264 3263 3239 
3 3241 3265 3240 
3 3265 3264 3240 
3 3242 3266 3241 
3 3266 3265 3241 
3 3243 3267 3242 
3 3267 3266 3242 
3 3244 3268 3243 
3 3268 3267 3243 
3 3245 3269 3244 
3 3269 3268 3244 
3 3246 3270 3245 
3 3270 3269 3245 
3 3247 3271 3246 
3 3271 3270 3246 
3 3248 3272 3247 
3 3272 3271 3247 
3 3249 3273 3248 
3 3273 3272 3248 
3 3274 3251 3250 
3 3275 3251 3274 
3 3252 3276 3250 
3 3276 3274 3250 
3 3253 3277 3252 
3 3277 3276 3252 
3 3254 3278 3253 
3 3278 3277 3253 
3 3279 3254 3255 
3 3278 3254 3279 
3 3280 3259 3258 
3 3281 3259 3280 
3 3260 3282 3258 
3 3282 3280 3258 
3 3261 3283 3260 
3 3283 3282 3260 
3 3262 3284 3261 
3 3284 3283 3261 
3 3263 3285 3262 
3 3285 3284 3262 
3 3264 3286 3263 
3 3286 3285 3263 
3 3265 3287 3264 
3 3287 3286 3264 
3 3266 3288 3265 
3 3288 3287 3265 
3 3267 3289 3266 
3 3289 3288 3266 
3 3268 3290 3267 
3 3290 3289 3267 
3 3269 3291 3268 
3 3291 3290 3268 
3 3270 3292 3269 
3 3292 3291 3269 
3 3271 3293 3270 
3 3293 3292 3270 
3 3272 3294 3271 
3 3294 3293 3271 
3 3273 3295 3272 
3 3295 3294 3272 
3 3296 3297 3298 
3 3297 3299 3298 
3 3300 3301 3296 
3 3301 3297 3296 
3 3302 3303 3300 
3 3303 3301 3300 
3 3304 3305 3302 
3 3305 3303 3302 
3 3306 3307 3304 
3 3307 3305 3304 
3 3308 3309 3306 
3 3309 3307 3306 
3 3310 3311 3308 
3 3311 3309 3308 
3 3312 3313 3310 
3 3313 3311 3310 
3 3314 3315 3312 
3 3315 3313 3312 
3 3316 3317 3314 
3 3317 3315 3314 
3 3318 3319 3316 
3 3319 3317 3316 
3 3320 3321 3318 
3 3321 3319 3318 
3 3322 3323 3320 
3 3323 3321 3320 
3 3324 3325 3322 
3 3325 3323 3322 
3 3326 3327 3324 
3 3327 3325 3324 
3 3328 3329 3326 
3 3329 3327 3326 
3 3330 3331 3328 
3 3331 3329 3328 
3 3332 3711 3333 
3 3712 3711 3332 
3 2880 2882 3334 
3 3334 2882 3335 
3 3297 3336 3299 
3 3336 3337 3299 
3 3301 3338 3297 
3 3338 3336 3297 
3 3303 3339 3301 
3 3339 3338 3301 
3 3305 3340 3303 
3 3340 3339 3303 
3 3307 3341 3305 
3 3341 3340 3305 
3 3309 3342 3307 
3 3342 3341 3307 
3 3311 3343 3309 
3 3343 3342 3309 
3 3313 3344 3311 
3 3344 3343 3311 
3 3315 3345 3313 
3 3345 3344 3313 
3 3317 3346 3315 
3 3346 3345 3315 
3 3319 3347 3317 
3 3347 3346 3317 
3 3321 3348 3319 
3 3348 3347 3319 
3 3323 3349 3321 
3 3349 3348 3321 
3 3325 3350 3323 
3 3350 3349 3323 
3 3327 3351 3325 
3 3351 3350 3325 
3 3329 3352 3327 
3 3352 3351 3327 
3 3331 3353 3329 
3 3353 3352 3329 
3 3354 3712 3332 
3 3713 3712 3354 
3 2882 2898 3335 
3 3335 2898 3355 
3 3336 3356 3337 
3 3356 3357 3337 
3 3338 3358 3336 
3 3358 3356 3336 
3 3339 3359 3338 
3 3359 3358 3338 
3 3340 3360 3339 
3 3360 3359 3339 
3 3341 3361 3340 
3 3361 3360 3340 
3 3342 3362 3341 
3 3362 3361 3341 
3 3343 3363 3342 
3 3363 3362 3342 
3 3344 3364 3343 
3 3364 3363 3343 
3 3345 3365 3344 
3 3365 3364 3344 
3 3346 3366 3345 
3 3366 3365 3345 
3 3347 3367 3346 
3 3367 3366 3346 
3 3348 3368 3347 
3 3368 3367 3347 
3 3349 3369 3348 
3 3369 3368 3348 
3 3350 3370 3349 
3 3370 3369 3349 
3 3351 3371 3350 
3 3371 3370 3350 
3 3352 3372 3351 
3 3372 3371 3351 
3 3353 3373 3352 
3 3373 3372 3352 
3 3374 3713 3354 
3 3714 3713 3374 
3 2898 2907 3355 
3 3355 2907 3375 
3 3356 3376 3357 
3 3376 3377 3357 
3 3358 3378 3356 
3 3378 3376 3356 
3 3359 3379 3358 
3 3379 3378 3358 
3 3360 3380 3359 
3 3380 3379 3359 
3 3361 3381 3360 
3 3381 3380 3360 
3 3362 3382 3361 
3 3382 3381 3361 
3 3363 3383 3362 
3 3383 3382 3362 
3 3364 3384 3363 
3 3384 3383 3363 
3 3365 3385 3364 
3 3385 3384 3364 
3 3366 3386 3365 
3 3386 3385 3365 
3 3367 3387 3366 
3 3387 3386 3366 
3 3368 3388 3367 
3 3388 3387 3367 
3 3369 3389 3368 
3 3389 3388 3368 
3 3370 3390 3369 
3 3390 3389 3369 
3 3371 3391 3370 
3 3391 3390 3370 
3 3372 3392 3371 
3 3392 3391 3371 
3 3373 3393 3372 
3 3393 3392 3372 
3 3394 3714 3374 
3 3715 3714 3394 
3 2907 2916 3375 
3 3375 2916 3395 
3 3376 3396 3377 
3 3396 3397 3377 
3 3378 3398 3376 
3 3398 3396 3376 
3 3379 3399 3378 
3 3399 3398 3378 
3 3380 3400 3379 
3 3400 3399 3379 
3 3381 3401 3380 
3 3401 3400 3380 
3 3382 3402 3381 
3 3402 3401 3381 
3 3383 3403 3382 
3 3403 3402 3382 
3 3384 3404 3383 
3 3404 3403 3383 
3 3385 3405 3384 
3 3405 3404 3384 
3 3386 3406 3385 
3 3406 3405 3385 
3 3387 3407 3386 
3 3407 3406 3386 
3 3388 3408 3387 
3 3408 3407 3387 
3 3389 3409 3388 
3 3409 3408 3388 
3 3390 3410 3389 
3 3410 3409 3389 
3 3391 3411 3390 
3 3411 3410 3390 
3 3392 3412 3391 
3 3412 3411 3391 
3 3393 3413 3392 
3 3413 3412 3392 
3 3414 3715 3394 
3 3413 3393 3414 
3 2916 2925 3395 
3 3395 2925 3415 
3 3396 3416 3397 
3 3416 3417 3397 
3 3398 3418 3396 
3 3418 3416 3396 
3 3399 3419 3398 
3 3419 3418 3398 
3 3400 3420 3399 
3 3420 3419 3399 
3 3401 3421 3400 
3 3421 3420 3400 
3 3402 3422 3401 
3 3422 3421 3401 
3 3403 3423 3402 
3 3423 3422 3402 
3 3404 3424 3403 
3 3424 3423 3403 
3 3405 3425 3404 
3 3425 3424 3404 
3 3406 3426 3405 
3 3426 3425 3405 
3 3407 3427 3406 
3 3427 3426 3406 
3 3408 3428 3407 
3 3428 3427 3407 
3 3409 3429 3408 
3 3429 3428 3408 
3 3410 3430 3409 
3 3430 3429 3409 
3 3411 3431 3410 
3 3431 3430 3410 
3 3412 3432 3411 
3 3432 3431 3411 
3 3413 3433 3412 
3 3433 3432 3412 
3 3434 3413 3414 
3 3433 3413 3434 
3 2925 2934 3415 
3 3415 2934 3435 
3 3416 3436 3417 
3 3436 3437 3417 
3 3418 3438 3416 
3 3438 3436 3416 
3 3419 3439 3418 
3 3439 3438 3418 
3 3420 3440 3419 
3 3440 3439 3419 
3 3421 3441 3420 
3 3441 3440 3420 
3 3422 3442 3421 
3 3442 3441 3421 
3 3423 3443 3422 
3 3443 3442 3422 
3 3424 3444 3423 
3 3444 3443 3423 
3 3425 3445 3424 
3 3445 3444 3424 
3 3426 3446 3425 
3 3446 3445 3425 
3 3427 3447 3426 
3 3447 3446 3426 
3 3428 3448 3427 
3 3448 3447 3427 
3 3429 3449 3428 
3 3449 3448 3428 
3 3430 3450 3429 
3 3450 3449 3429 
3 3431 3451 3430 
3 3451 3450 3430 
3 3432 3452 3431 
3 3452 3451 3431 
3 3433 3453 3432 
3 3453 3452 3432 
3 3454 3433 3434 
3 3453 3433 3454 
3 2934 2943 3435 
3 3435 2943 3455 
3 3436 3456 3437 
3 3456 3457 3437 
3 3438 3458 3436 
3 3458 3456 3436 
3 3439 3459 3438 
3 3459 3458 3438 
3 3440 3460 3439 
3 3460 3459 3439 
3 3441 3461 3440 
3 3461 3460 3440 
3 3442 3462 3441 
3 3462 3461 3441 
3 3443 3463 3442 
3 3463 3462 3442 
3 3444 3464 3443 
3 3464 3463 3443 
3 3445 3465 3444 
3 3465 3464 3444 
3 3446 3466 3445 
3 3466 3465 3445 
3 3447 3467 3446 
3 3467 3466 3446 
3 3448 3468 3447 
3 3468 3467 3447 
3 3449 3469 3448 
3 3469 3468 3448 
3 3450 3470 3449 
3 3470 3469 3449 
3 3451 3471 3450 
3 3471 3470 3450 
3 3452 3472 3451 
3 3472 3471 3451 
3 3453 3473 3452 
3 3473 3472 3452 
3 3474 3453 3454 
3 3473 3453 3474 
3 2943 2952 3455 
3 3455 2952 3475 
3 3456 3476 3457 
3 3476 3477 3457 
3 3458 3478 3456 
3 3478 3476 3456 
3 3459 3479 3458 
3 3479 3478 3458 
3 2962 2961 3479 
3 2962 3479 3460 
3 3460 3479 3459 
3 2963 2962 3460 
3 3461 2963 3460 
3 2965 2963 3461 
3 2965 3461 3480 
3 3480 3461 3462 
3 3463 3481 3462 
3 3481 3480 3462 
3 3464 3482 3463 
3 3482 3481 3463 
3 3465 3483 3464 
3 3483 3482 3464 
3 3466 3484 3465 
3 3484 3483 3465 
3 3467 3485 3466 
3 3485 3484 3466 
3 3468 3486 3467 
3 3486 3485 3467 
3 3469 3487 3468 
3 3487 3486 3468 
3 3470 3488 3469 
3 3488 3487 3469 
3 3471 3489 3470 
3 3489 3488 3470 
3 3472 3490 3471 
3 3490 3489 3471 
3 3473 3491 3472 
3 3491 3490 3472 
3 3492 3473 3474 
3 3491 3473 3492 
3 2952 2967 3475 
3 3475 2967 3493 
3 3476 3494 3477 
3 3494 3495 3477 
3 3478 3496 3476 
3 3496 3494 3476 
3 3479 3497 3478 
3 3497 3496 3478 
3 2961 2976 3497 
3 3479 2961 3497 
3 3480 3498 2978 
3 2965 3480 2978 
3 3481 3499 3480 
3 3499 3498 3480 
3 3482 3500 3481 
3 3500 3499 3481 
3 3483 3501 3482 
3 3501 3500 3482 
3 3484 3502 3483 
3 3502 3501 3483 
3 3485 3503 3484 
3 3503 3502 3484 
3 3486 3504 3485 
3 3504 3503 3485 
3 3487 3505 3486 
3 3505 3504 3486 
3 3488 3506 3487 
3 3506 3505 3487 
3 3489 3507 3488 
3 3507 3506 3488 
3 3490 3508 3489 
3 3508 3507 3489 
3 3491 3509 3490 
3 3509 3508 3490 
3 3510 3491 3492 
3 3509 3491 3510 
3 2967 2980 3493 
3 3493 2980 3511 
3 2989 2991 3495 
3 3494 2989 3495 
3 2992 2989 3494 
3 3496 2992 3494 
3 2994 2992 3496 
3 2994 3496 3512 
3 3512 3496 3497 
3 2976 2995 3513 
3 2976 3513 3497 
3 3497 3513 3512 
3 2995 2996 3514 
3 3513 2995 3514 
3 2996 2978 3498 
3 2996 3498 3514 
3 3514 3498 3515 
3 3499 3516 3498 
3 3516 3515 3498 
3 3500 3517 3499 
3 3517 3516 3499 
3 3501 3518 3500 
3 3518 3517 3500 
3 3502 3519 3501 
3 3519 3518 3501 
3 3503 3520 3502 
3 3520 3519 3502 
3 3504 3521 3503 
3 3521 3520 3503 
3 3505 3522 3504 
3 3522 3521 3504 
3 3506 3523 3505 
3 3523 3522 3505 
3 3507 3524 3506 
3 3524 3523 3506 
3 3508 3525 3507 
3 3525 3524 3507 
3 3509 3526 3508 
3 3526 3525 3508 
3 3527 3509 3510 
3 3526 3509 3527 
3 2980 2998 3511 
3 3511 2998 3528 
3 3006 3007 3529 
3 3530 3006 3529 
3 3007 3008 3531 
3 3529 3007 3531 
3 3008 2994 3512 
3 3008 3512 3531 
3 3531 3512 3532 
3 3513 3533 3512 
3 3533 3532 3512 
3 3514 3534 3513 
3 3534 3533 3513 
3 3515 3535 3514 
3 3535 3534 3514 
3 3516 3536 3515 
3 3536 3535 3515 
3 3517 3537 3516 
3 3537 3536 3516 
3 3518 3538 3517 
3 3538 3537 3517 
3 3519 3539 3518 
3 3539 3538 3518 
3 3520 3540 3519 
3 3540 3539 3519 
3 3521 3541 3520 
3 3541 3540 3520 
3 3522 3542 3521 
3 3542 3541 3521 
3 3523 3543 3522 
3 3543 3542 3522 
3 3524 3544 3523 
3 3544 3543 3523 
3 3011 3010 3544 
3 3011 3544 3525 
3 3525 3544 3524 
3 3012 3011 3525 
3 3526 3012 3525 
3 3526 3527 3545 
3 3526 3545 3012 
3 3716 3545 3014 
3 3016 3014 3546 
3 3014 3545 3546 
3 3528 2998 3707 
3 3717 3528 3707 
3 3529 3547 3530 
3 3547 3548 3530 
3 3531 3549 3529 
3 3549 3547 3529 
3 3532 3550 3531 
3 3550 3549 3531 
3 3533 3551 3532 
3 3551 3550 3532 
3 3534 3552 3533 
3 3552 3551 3533 
3 3535 3553 3534 
3 3553 3552 3534 
3 3536 3554 3535 
3 3554 3553 3535 
3 3537 3555 3536 
3 3555 3554 3536 
3 3538 3556 3537 
3 3556 3555 3537 
3 3539 3557 3538 
3 3557 3556 3538 
3 3028 3027 3557 
3 3028 3557 3540 
3 3540 3557 3539 
3 3029 3028 3540 
3 3541 3029 3540 
3 3031 3029 3541 
3 3542 3031 3541 
3 3033 3031 3542 
3 3543 3033 3542 
3 3035 3033 3543 
3 3544 3035 3543 
3 3010 3035 3544 
3 3547 3558 3548 
3 3558 3559 3548 
3 3549 3560 3547 
3 3560 3558 3547 
3 3550 3561 3549 
3 3561 3560 3549 
3 3551 3562 3550 
3 3562 3561 3550 
3 3552 3563 3551 
3 3563 3562 3551 
3 3553 3564 3552 
3 3564 3563 3552 
3 3554 3565 3553 
3 3565 3564 3553 
3 3555 3566 3554 
3 3566 3565 3554 
3 3556 3567 3555 
3 3567 3566 3555 
3 3557 3568 3556 
3 3568 3567 3556 
3 3027 3050 3568 
3 3557 3027 3568 
3 3068 3070 3559 
3 3558 3068 3559 
3 3071 3068 3558 
3 3560 3071 3558 
3 3073 3071 3560 
3 3561 3073 3560 
3 3075 3073 3561 
3 3075 3561 3569 
3 3569 3561 3562 
3 3563 3570 3562 
3 3570 3569 3562 
3 3564 3571 3563 
3 3571 3570 3563 
3 3565 3572 3564 
3 3572 3571 3564 
3 3566 3573 3565 
3 3573 3572 3565 
3 3567 3574 3566 
3 3574 3573 3566 
3 3078 3077 3574 
3 3078 3574 3568 
3 3568 3574 3567 
3 3050 3078 3568 
3 3075 3569 3100 
3 3102 3100 3569 
3 3102 3569 3575 
3 3575 3569 3570 
3 3571 3576 3570 
3 3576 3575 3570 
3 3105 3104 3576 
3 3105 3576 3572 
3 3572 3576 3571 
3 3106 3105 3572 
3 3573 3106 3572 
3 3108 3106 3573 
3 3108 3573 3577 
3 3577 3573 3574 
3 3077 3110 3577 
3 3574 3077 3577 
3 3102 3575 3128 
3 3130 3128 3575 
3 3576 3130 3575 
3 3104 3130 3576 
3 3577 3578 3134 
3 3108 3577 3134 
3 3110 3136 3578 
3 3577 3110 3578 
3 3149 3150 3579 
3 3580 3149 3579 
3 3150 3151 3581 
3 3579 3150 3581 
3 3151 3152 3582 
3 3581 3151 3582 
3 3152 3154 3582 
3 3156 3583 3155 
3 3156 3158 3583 
3 3134 3578 3161 
3 3136 3161 3578 
3 3579 3584 3580 
3 3584 3585 3580 
3 3581 3586 3579 
3 3586 3584 3579 
3 3582 3587 3581 
3 3587 3586 3581 
3 3154 3180 3588 
3 3154 3588 3582 
3 3582 3588 3587 
3 3180 3155 3583 
3 3180 3583 3588 
3 3588 3583 3589 
3 3158 3182 3589 
3 3583 3158 3589 
3 3584 3590 3585 
3 3590 3591 3585 
3 3586 3592 3584 
3 3592 3590 3584 
3 3587 3593 3586 
3 3593 3592 3586 
3 3588 3594 3587 
3 3594 3593 3587 
3 3589 3595 3588 
3 3595 3594 3588 
3 3182 3205 3595 
3 3589 3182 3595 
3 3590 3596 3591 
3 3596 3597 3591 
3 3592 3598 3590 
3 3598 3596 3590 
3 3593 3599 3592 
3 3599 3598 3592 
3 3594 3600 3593 
3 3600 3599 3593 
3 3595 3601 3594 
3 3601 3600 3594 
3 3205 3227 3602 
3 3205 3602 3595 
3 3595 3602 3601 
3 3227 3229 3602 
3 3596 3603 3597 
3 3603 3604 3597 
3 3598 3605 3596 
3 3605 3603 3596 
3 3599 3606 3598 
3 3606 3605 3598 
3 3600 3607 3599 
3 3607 3606 3599 
3 3601 3608 3600 
3 3608 3607 3600 
3 3602 3609 3601 
3 3609 3608 3601 
3 3229 3251 3609 
3 3602 3229 3609 
3 3256 3610 3255 
3 3256 3257 3611 
3 3610 3256 3611 
3 3257 3259 3611 
3 3603 3612 3604 
3 3612 3613 3604 
3 3605 3614 3603 
3 3614 3612 3603 
3 3606 3615 3605 
3 3615 3614 3605 
3 3607 3616 3606 
3 3616 3615 3606 
3 3608 3617 3607 
3 3617 3616 3607 
3 3609 3618 3608 
3 3618 3617 3608 
3 3251 3275 3618 
3 3609 3251 3618 
3 3610 3619 3279 
3 3255 3610 3279 
3 3611 3620 3610 
3 3620 3619 3610 
3 3259 3281 3620 
3 3611 3259 3620 
3 3333 3621 3332 
3 3621 3622 3332 
3 3334 3335 3623 
3 3623 3335 3624 
3 3332 3622 3354 
3 3622 3625 3354 
3 3335 3355 3624 
3 3624 3355 3626 
3 3354 3625 3374 
3 3625 3627 3374 
3 3355 3375 3626 
3 3626 3375 3628 
3 3374 3627 3394 
3 3627 3629 3394 
3 3375 3395 3628 
3 3628 3395 3630 
3 3394 3629 3414 
3 3629 3631 3414 
3 3395 3415 3630 
3 3630 3415 3632 
3 3414 3631 3434 
3 3631 3633 3434 
3 3415 3435 3632 
3 3632 3435 3634 
3 3434 3633 3454 
3 3633 3635 3454 
3 3435 3455 3634 
3 3634 3455 3636 
3 3637 3638 3474 
3 3637 3474 3635 
3 3635 3474 3454 
3 3718 3639 3640 
3 3719 3639 3718 
3 3720 3721 3636 
3 3720 3636 3475 
3 3475 3636 3455 
3 3638 3641 3492 
3 3474 3638 3492 
3 3640 3642 3718 
3 3642 3722 3718 
3 3475 3493 3723 
3 3720 3475 3723 
3 3641 3643 3510 
3 3492 3641 3510 
3 3642 3644 3722 
3 3644 3724 3722 
3 3493 3511 3725 
3 3723 3493 3725 
3 3643 3645 3646 
3 3643 3646 3510 
3 3510 3646 3527 
3 3644 3726 3724 
3 3647 3726 3644 
3 3727 3725 3511 
3 3727 3511 3648 
3 3648 3511 3528 
3 3527 3646 3649 
3 3545 3527 3649 
3 3546 3545 3650 
3 3545 3649 3650 
3 3648 3528 3717 
3 3728 3648 3717 
3 3651 3652 3622 
3 3621 3651 3622 
3 3653 3654 3729 
3 3654 3730 3729 
3 3623 3624 3731 
3 3732 3623 3731 
3 3652 3655 3625 
3 3622 3652 3625 
3 3654 3656 3730 
3 3656 3733 3730 
3 3624 3626 3734 
3 3731 3624 3734 
3 3655 3657 3627 
3 3625 3655 3627 
3 3656 3658 3733 
3 3658 3735 3733 
3 3626 3628 3736 
3 3734 3626 3736 
3 3657 3659 3629 
3 3627 3657 3629 
3 3658 3660 3735 
3 3660 3737 3735 
3 3628 3630 3738 
3 3736 3628 3738 
3 3659 3661 3631 
3 3629 3659 3631 
3 3660 3662 3737 
3 3662 3739 3737 
3 3630 3632 3740 
3 3738 3630 3740 
3 3661 3663 3633 
3 3631 3661 3633 
3 3662 3664 3739 
3 3664 3741 3739 
3 3632 3634 3742 
3 3740 3632 3742 
3 3663 3665 3635 
3 3633 3663 3635 
3 3664 3666 3741 
3 3666 3743 3741 
3 3634 3636 3744 
3 3742 3634 3744 
3 3635 3665 3637 
3 3639 3719 3743 
3 3666 3639 3743 
3 3636 3721 3744 
3 3645 3667 3646 
3 3726 3647 3668 
3 3745 3726 3668 
3 3727 3648 3746 
3 3646 3667 3649 
3 3650 3649 3747 
3 3748 3650 3747 
3 3648 3728 3746 
3 3749 3750 3751 
3 3750 3752 3751 
3 3753 3754 3755 
3 3755 3754 3756 
3 3751 3752 3757 
3 3752 3758 3757 
3 3754 3759 3756 
3 3756 3759 3760 
3 3757 3758 3761 
3 3758 3762 3761 
3 3759 3763 3760 
3 3760 3763 3764 
3 3761 3762 3765 
3 3762 3766 3765 
3 3763 3767 3764 
3 3764 3767 3768 
3 3765 3766 3769 
3 3766 3770 3769 
3 3767 3771 3768 
3 3768 3771 3772 
3 3769 3770 3773 
3 3770 3774 3773 
3 3771 3775 3772 
3 3772 3775 3776 
3 3773 3774 3777 
3 3774 3778 3777 
3 3775 3779 3776 
3 3776 3779 3780 
3 3777 3778 3781 
3 3778 3782 3781 
3 3779 3783 3780 
3 3780 3783 3784 
3 3785 3786 3787 
3 3788 3785 3787 
3 3786 3789 3790 
3 3787 3786 3790 
3 3789 3791 3790 
3 3781 3782 3792 
3 3782 3793 3792 
3 3783 3794 3784 
3 3784 3794 3795 
3 4103 3796 4104 
3 3797 3796 4103 
3 4105 3797 4103 
3 3798 3797 4105 
3 4106 3798 4105 
3 4106 3799 3798 
3 3799 3800 3798 
3 3800 3799 3801 
3 3802 3800 3801 
3 3792 3793 3803 
3 3793 3804 3803 
3 3794 3805 3795 
3 3795 3805 3806 
3 3807 3808 3809 
3 3807 3809 4107 
3 3807 4107 3810 
3 3810 4107 4108 
3 3803 3804 3811 
3 3804 3812 3811 
3 3805 3813 3806 
3 3806 3813 3814 
3 3815 3816 3817 
3 3816 3818 3817 
3 3819 3815 3820 
3 3815 3817 3820 
3 3808 3807 3821 
3 3808 3821 3820 
3 3820 3821 3819 
3 3810 3821 3807 
3 3811 3812 3822 
3 3823 3811 3822 
3 3824 3823 3825 
3 3823 3822 3825 
3 3814 3813 4109 
3 4110 3814 4109 
3 3826 3827 3828 
3 3826 3829 3830 
3 3827 3826 3830 
3 3829 3831 3832 
3 3830 3829 3832 
3 3831 3833 3832 
3 3828 3827 3834 
3 3835 3834 3827 
3 3835 3827 3836 
3 3836 3827 3830 
3 3837 3838 3836 
3 3837 3836 3832 
3 3832 3836 3830 
3 3833 3837 3832 
3 3835 3836 3839 
3 3838 3839 3836 
3 3840 3841 3842 
3 3842 3841 3843 
3 3844 3845 3840 
3 3840 3845 3841 
3 3846 3847 3844 
3 3844 3847 3845 
3 3847 3846 3848 
3 3849 3847 3848 
3 3848 3850 3849 
3 3849 3850 3851 
3 3850 3852 3851 
3 3853 3852 3850 
3 3854 3855 4111 
3 4111 3855 4112 
3 3855 3854 3856 
3 3857 3855 3856 
3 3858 3859 3860 
3 3861 3859 3858 
3 3860 3862 3863 
3 3859 3862 3860 
3 3862 3864 3863 
3 3856 3865 3857 
3 3866 3865 3856 
3 3865 3866 3867 
3 3868 3865 3867 
3 3869 3870 3871 
3 3872 3870 3869 
3 3872 3869 3873 
3 3873 3869 3874 
3 3873 3874 3875 
3 3876 3873 3875 
3 4113 3877 4114 
3 3878 3877 4113 
3 4115 3878 4113 
3 3879 3878 4115 
3 4116 3879 4115 
3 3880 3867 3881 
3 3880 3882 3867 
3 3882 3868 3867 
3 3881 3883 3880 
3 4117 3884 3885 
3 3870 3885 3871 
3 3871 3885 3886 
3 4118 3884 3870 
3 3875 3887 3876 
3 3876 3887 3888 
3 3889 3882 3880 
3 3890 3882 3889 
3 3883 3891 4119 
3 3880 3883 4119 
3 3886 3885 3892 
3 3885 3893 3892 
3 3894 3887 3895 
3 3894 3896 3887 
3 3896 3888 3887 
3 3895 3897 3894 
3 3898 3890 3889 
3 3899 3890 3898 
3 3891 3900 4120 
3 4119 3891 4120 
3 3892 3893 3901 
3 3893 3902 3901 
3 3903 3896 3894 
3 3904 3896 3903 
3 3897 3905 3906 
3 3897 3906 3894 
3 3894 3906 3903 
3 3905 3907 3908 
3 3906 3905 3908 
3 3907 3909 3910 
3 3908 3907 3910 
3 3909 3911 3912 
3 3910 3909 3912 
3 3911 3913 3914 
3 3912 3911 3914 
3 3913 3915 3916 
3 3914 3913 3916 
3 3915 3917 3918 
3 3916 3915 3918 
3 3917 3919 3920 
3 3918 3917 3920 
3 3919 3921 3922 
3 3920 3919 3922 
3 3921 3923 3924 
3 3922 3921 3924 
3 3923 3925 3926 
3 3924 3923 3926 
3 3925 3927 3926 
3 3750 3928 3752 
3 3928 3929 3752 
3 3755 3756 3930 
3 3930 3756 3931 
3 3752 3929 3758 
3 3929 3932 3758 
3 3756 3760 3931 
3 3931 3760 3933 
3 3758 3932 3762 
3 3932 3934 3762 
3 3760 3764 3933 
3 3933 3764 3935 
3 3762 3934 3766 
3 3934 3936 3766 
3 3764 3768 3935 
3 3935 3768 3937 
3 3766 3936 3770 
3 3936 3938 3770 
3 3768 3772 3937 
3 3937 3772 3939 
3 3770 3938 3774 
3 3938 3940 3774 
3 3772 3776 3939 
3 3939 3776 3941 
3 3774 3940 3778 
3 3940 3942 3778 
3 3776 3780 3941 
3 3941 3780 3943 
3 3778 3942 3782 
3 3942 3944 3782 
3 3780 3784 3943 
3 3943 3784 3945 
3 3782 3944 3793 
3 3944 3946 3793 
3 3784 3795 3945 
3 3945 3795 3947 
3 3797 3948 3796 
3 3796 3948 3949 
3 3798 3950 3797 
3 3797 3950 3948 
3 3800 3951 3798 
3 3798 3951 3950 
3 3951 3800 3802 
3 3952 3951 3802 
3 3793 3946 3804 
3 3946 3953 3804 
3 3795 3806 3947 
3 3947 3806 3954 
3 3955 3956 3957 
3 3958 3956 3955 
3 3957 3959 3960 
3 3956 3959 3957 
3 3960 3809 3808 
3 3960 3959 3809 
3 3959 3961 3809 
3 3952 4107 3809 
3 3961 3952 3809 
3 3804 3953 3812 
3 3953 3962 3812 
3 3806 3814 3954 
3 3954 3814 3963 
3 3817 3818 3955 
3 3957 3817 3955 
3 3820 3817 3957 
3 3960 3820 3957 
3 3808 3820 3960 
3 3812 3962 3964 
3 3822 3812 3964 
3 3825 3822 3965 
3 3822 3964 3965 
3 3963 3814 4110 
3 4121 3963 4110 
3 3843 3841 3966 
3 3967 3843 3966 
3 3841 3845 3968 
3 3966 3841 3968 
3 3845 3847 3969 
3 3968 3845 3969 
3 3847 3849 3969 
3 3966 3970 3967 
3 3971 3970 3966 
3 3968 3971 3966 
3 3972 3971 3968 
3 3969 3972 3968 
3 3973 3972 3969 
3 3973 3969 3849 
3 3973 3849 3974 
3 3974 3849 3851 
3 3975 3976 3977 
3 3978 3976 3975 
3 3977 3979 3980 
3 3976 3979 3977 
3 3980 3981 3982 
3 3979 3981 3980 
3 4112 3983 3982 
3 4112 3982 3974 
3 3852 3974 3851 
3 3981 3974 3982 
3 3852 3855 3984 
3 3983 3852 3984 
3 3855 3857 3984 
3 3859 3861 3975 
3 3977 3859 3975 
3 3862 3859 3977 
3 3980 3862 3977 
3 3864 3862 3980 
3 3864 3980 3985 
3 3985 3980 3982 
3 3986 3983 3987 
3 3986 3985 3983 
3 3985 3982 3983 
3 3987 3988 3989 
3 3987 3983 3988 
3 3983 3984 3988 
3 3857 3988 3984 
3 3857 3990 3988 
3 3857 3865 3990 
3 3990 3991 3988 
3 3990 3865 3868 
3 3992 3990 3868 
3 3873 3993 3872 
3 3873 3876 3993 
3 3877 3878 3994 
3 3995 3877 3994 
3 3878 3879 3996 
3 3994 3878 3996 
3 3879 4116 4122 
3 3879 3985 3996 
3 3996 3985 3997 
3 3998 3985 3986 
3 3998 3999 3985 
3 4123 3997 3985 
3 4000 4124 4001 
3 4000 4123 4124 
3 3989 3988 3998 
3 3998 3988 3999 
3 3991 4001 4124 
3 3868 3882 3992 
3 4125 3882 4002 
3 3884 4003 4004 
3 3885 3884 4004 
3 4126 3884 3872 
3 4126 4005 3884 
3 4005 4003 3884 
3 4005 4126 3876 
3 4005 3876 4006 
3 4006 3876 3888 
3 3994 4007 3995 
3 4008 4007 3994 
3 3996 4008 3994 
3 4009 4008 3996 
3 3997 4009 3996 
3 4010 4009 3997 
3 4010 4011 4012 
3 4010 3997 4011 
3 3997 3999 4011 
3 4013 3999 4127 
3 4011 3999 4013 
3 3882 3890 4128 
3 4002 3890 4014 
3 3885 4004 3893 
3 4004 4015 3893 
3 3888 3896 4006 
3 4006 3896 4016 
3 4017 4012 4011 
3 4018 4012 4017 
3 4019 4011 4013 
3 4017 4011 4019 
3 3890 3899 4014 
3 4014 3899 4020 
3 3893 4129 3902 
3 4015 4021 3902 
3 3896 3904 4016 
3 4016 3904 4022 
3 3928 4023 3929 
3 4023 4024 3929 
3 3930 3931 4025 
3 4025 3931 4026 
3 3929 4024 3932 
3 4024 4027 3932 
3 3931 3933 4026 
3 4026 3933 4028 
3 3932 4027 3934 
3 4027 4029 3934 
3 3933 3935 4028 
3 4028 3935 4030 
3 3934 4029 3936 
3 4029 4031 3936 
3 3935 3937 4030 
3 4030 3937 4032 
3 3936 4031 3938 
3 4031 4033 3938 
3 3937 3939 4032 
3 4032 3939 4034 
3 3938 4033 3940 
3 4033 4035 3940 
3 3939 3941 4034 
3 4034 3941 4036 
3 3940 4035 3942 
3 4035 4037 3942 
3 3941 3943 4036 
3 4036 3943 4038 
3 3942 4037 3944 
3 4037 4039 3944 
3 3943 3945 4038 
3 4038 3945 4040 
3 3944 4039 3946 
3 4039 4041 3946 
3 3945 3947 4040 
3 4040 3947 4042 
3 3949 3948 4043 
3 4044 3949 4043 
3 3948 3950 4045 
3 4043 3948 4045 
3 3950 3951 4046 
3 4045 3950 4046 
3 3951 3952 4046 
3 3946 4041 3953 
3 4041 4047 3953 
3 3947 3954 4042 
3 4042 3954 4048 
3 3956 3958 4130 
3 4131 3956 4130 
3 3959 3956 4131 
3 4132 3959 4131 
3 3961 3959 4132 
3 4133 3961 4132 
3 3952 3961 4133 
3 3953 4047 3962 
3 4047 4049 3962 
3 3954 3963 4048 
3 4048 3963 4050 
3 3962 4134 4051 
3 3964 3962 4051 
3 3965 3964 4052 
3 3964 4051 4052 
3 4050 3963 4121 
3 4135 4050 4121 
3 3970 3971 4053 
3 4054 3970 4053 
3 3971 3972 4055 
3 4053 3971 4055 
3 3972 3973 4056 
3 4055 3972 4056 
3 3973 3974 4056 
3 3976 3978 4136 
3 4137 3976 4136 
3 3979 3976 4137 
3 4138 3979 4137 
3 3981 3979 4138 
3 4139 3981 4138 
3 3974 3981 4139 
3 3987 4057 3986 
3 3987 3989 4057 
3 3990 4058 3991 
3 3990 3992 4058 
3 4140 4141 3998 
3 4142 3998 4141 
3 4001 4059 4000 
3 4001 3991 4058 
3 4001 4058 4059 
3 4059 4058 4060 
3 3992 4002 4060 
3 4058 3992 4060 
3 4003 4061 4004 
3 4003 4005 4062 
3 4061 4003 4062 
3 4005 4006 4062 
3 4007 4008 4063 
3 4064 4007 4063 
3 4008 4009 4065 
3 4063 4008 4065 
3 4009 4010 4066 
3 4065 4009 4066 
3 4010 4012 4066 
3 4059 4067 4013 
3 4127 4143 4013 
3 4060 4068 4059 
3 4068 4067 4059 
3 4002 4014 4068 
3 4060 4002 4068 
3 4061 4069 4015 
3 4004 4061 4015 
3 4062 4070 4061 
3 4070 4069 4061 
3 4006 4016 4070 
3 4062 4006 4070 
3 4063 4071 4064 
3 4071 4072 4064 
3 4065 4073 4063 
3 4144 4071 4063 
3 4066 4074 4145 
3 4074 4073 4065 
3 4012 4018 4074 
3 4066 4012 4074 
3 4067 4075 4019 
3 4013 4067 4019 
3 4068 4076 4067 
3 4076 4075 4067 
3 4014 4020 4076 
3 4068 4014 4076 
3 4069 4077 4021 
3 4015 4069 4021 
3 4070 4078 4069 
3 4078 4077 4069 
3 4016 4022 4078 
3 4070 4016 4078 
3 4079 4080 4024 
3 4023 4079 4024 
3 4081 4082 4146 
3 4082 4147 4146 
3 4025 4026 4148 
3 4149 4025 4148 
3 4080 4083 4027 
3 4024 4080 4027 
3 4082 4084 4147 
3 4084 4150 4147 
3 4026 4028 4151 
3 4148 4026 4151 
3 4083 4085 4029 
3 4027 4083 4029 
3 4084 4086 4150 
3 4086 4152 4150 
3 4028 4030 4153 
3 4151 4028 4153 
3 4085 4087 4031 
3 4029 4085 4031 
3 4086 4088 4152 
3 4088 4154 4152 
3 4030 4032 4155 
3 4153 4030 4155 
3 4087 4089 4033 
3 4031 4087 4033 
3 4088 4090 4154 
3 4090 4156 4154 
3 4032 4034 4157 
3 4155 4032 4157 
3 4089 4091 4035 
3 4033 4089 4035 
3 4090 4092 4156 
3 4092 4158 4156 
3 4034 4036 4159 
3 4157 4034 4159 
3 4091 4093 4037 
3 4035 4091 4037 
3 4092 4094 4158 
3 4094 4093 4158 
3 4036 4038 4160 
3 4159 4036 4160 
3 4093 4095 4039 
3 4037 4093 4039 
3 4094 4096 4093 
3 4096 4095 4093 
3 4038 4040 4161 
3 4160 4038 4161 
3 4095 4097 4041 
3 4039 4095 4041 
3 4096 4098 4095 
3 4098 4097 4095 
3 4040 4042 4162 
3 4161 4040 4162 
3 4097 4099 4047 
3 4041 4097 4047 
3 4098 4100 4097 
3 4100 4099 4097 
3 4042 4048 4163 
3 4162 4042 4163 
3 4099 4101 4049 
3 4047 4099 4049 
3 4100 4102 4099 
3 4102 4164 4099 
3 4048 4050 4165 
3 4163 4048 4165 
3 4049 4101 4051 
3 4052 4051 4166 
3 4167 4052 4166 
3 4050 4135 4165 
3 4168 4169 4170 
3 4170 4169 4171 
3 4172 4173 4168 
3 4168 4173 4169 
3 4174 4175 4173 
3 4174 4173 4176 
3 4176 4173 4172 
3 4176 4177 4174 
3 4178 4179 4180 
3 4179 4181 4180 
3 4182 4178 4183 
3 4178 4180 4183 
3 4280 4281 4184 
3 4280 4184 4183 
3 4183 4184 4182 
3 4282 4184 4281 
3 4185 4186 4187 
3 4187 4186 4188 
3 4189 4190 4185 
3 4185 4190 4186 
3 4191 4192 4189 
3 4189 4192 4190 
3 4192 4191 4193 
3 4194 4192 4193 
3 4195 4196 4197 
3 4196 4198 4197 
3 4199 4195 4200 
3 4195 4197 4200 
3 4201 4199 4202 
3 4199 4200 4202 
3 4283 4284 4201 
3 4202 4283 4201 
3 4203 4204 4205 
3 4206 4203 4205 
3 4207 4208 4203 
3 4203 4208 4204 
3 4208 4207 4209 
3 4210 4208 4209 
3 4211 4212 4213 
3 4214 4212 4211 
3 4214 4211 4215 
3 4215 4211 4216 
3 4215 4216 4217 
3 4218 4215 4217 
3 4206 4205 4219 
3 4205 4220 4219 
3 4285 4221 4286 
3 4210 4221 4222 
3 4212 4223 4224 
3 4212 4224 4213 
3 4213 4224 4225 
3 4214 4223 4212 
3 4217 4226 4218 
3 4218 4226 4227 
3 4219 4220 4228 
3 4220 4229 4287 
3 4288 4230 4289 
3 4222 4230 4231 
3 4290 4291 4232 
3 4291 4233 4232 
3 4226 4234 4227 
3 4227 4292 4235 
3 4169 4236 4171 
3 4171 4236 4237 
3 4173 4238 4169 
3 4169 4238 4236 
3 4238 4173 4175 
3 4239 4238 4175 
3 4180 4181 4240 
3 4181 4241 4240 
3 4183 4180 4242 
3 4180 4240 4242 
3 4293 4280 4183 
3 4242 4293 4183 
3 4186 4243 4188 
3 4188 4243 4244 
3 4190 4245 4186 
3 4186 4245 4243 
3 4246 4247 4245 
3 4246 4245 4192 
3 4192 4245 4190 
3 4192 4194 4246 
3 4197 4198 4248 
3 4198 4249 4248 
3 4200 4197 4250 
3 4197 4248 4250 
3 4294 4295 4202 
3 4294 4202 4250 
3 4250 4202 4200 
3 4194 4202 4295 
3 4204 4251 4205 
3 4252 4251 4204 
3 4252 4204 4253 
3 4253 4204 4208 
3 4253 4208 4210 
3 4254 4253 4210 
3 4215 4255 4214 
3 4215 4218 4255 
3 4251 4256 4220 
3 4205 4251 4220 
3 4257 4251 4252 
3 4256 4251 4257 
3 4210 4222 4254 
3 4254 4222 4258 
3 4223 4259 4224 
3 4223 4260 4259 
3 4214 4260 4223 
3 4214 4261 4260 
3 4214 4255 4261 
3 4261 4255 4218 
3 4261 4218 4262 
3 4262 4218 4227 
3 4256 4263 4229 
3 4220 4256 4229 
3 4264 4256 4257 
3 4263 4256 4264 
3 4222 4231 4258 
3 4258 4231 4265 
3 4296 4266 4233 
3 4291 4296 4233 
3 4267 4259 4260 
3 4266 4296 4297 
3 4227 4235 4262 
3 4262 4235 4268 
3 4237 4236 4269 
3 4270 4237 4269 
3 4236 4238 4271 
3 4269 4236 4271 
3 4238 4239 4271 
3 4240 4241 4298 
3 4299 4240 4298 
3 4242 4240 4299 
3 4300 4242 4299 
3 4293 4242 4300 
3 4244 4243 4272 
3 4273 4244 4272 
3 4243 4245 4274 
3 4272 4243 4274 
3 4245 4247 4274 
3 4248 4249 4301 
3 4302 4248 4301 
3 4250 4248 4302 
3 4303 4250 4302 
3 4294 4250 4303 
3 4253 4275 4252 
3 4253 4254 4275 
3 4275 4276 4257 
3 4252 4275 4257 
3 4254 4258 4276 
3 4275 4254 4276 
3 4261 4277 4260 
3 4261 4262 4277 
3 4276 4278 4264 
3 4257 4276 4264 
3 4258 4265 4304 
3 4276 4258 4304 
3 4277 4279 4267 
3 4260 4277 4267 
3 4262 4268 4279 
3 4277 4262 4279 
3 4305 4306 4307 
3 4307 4306 4308 
3 4309 4310 4305 
3 4305 4310 4306 
3 4310 4309 4311 
3 4312 4310 4311 
3 4313 4314 4315 
3 4314 4316 4315 
3 4317 4313 4318 
3 4313 4315 4318 
3 4385 4386 4317 
3 4318 4385 4317 
3 4319 4320 4321 
3 4321 4320 4322 
3 4323 4324 4319 
3 4319 4324 4320 
3 4324 4323 4325 
3 4326 4324 4325 
3 4327 4328 4329 
3 4328 4330 4329 
3 4331 4327 4332 
3 4327 4329 4332 
3 4387 4388 4331 
3 4332 4387 4331 
3 4333 4334 4335 
3 4336 4333 4335 
3 4334 4333 4337 
3 4338 4334 4337 
3 4339 4340 4341 
3 4339 4342 4340 
3 4336 4335 4343 
3 4335 4344 4343 
3 4389 4345 4338 
3 4338 4345 4346 
3 4340 4347 4348 
3 4340 4348 4341 
3 4341 4348 4349 
3 4347 4340 4342 
3 4347 4342 4350 
3 4350 4342 4351 
3 4352 4353 4354 
3 4352 4355 4353 
3 4352 4343 4355 
3 4343 4344 4355 
3 4390 4356 4391 
3 4346 4392 4357 
3 4393 4394 4358 
3 4394 4359 4358 
3 4351 4360 4350 
3 4350 4360 4361 
3 4308 4306 4362 
3 4363 4308 4362 
3 4306 4310 4364 
3 4362 4306 4364 
3 4310 4312 4364 
3 4315 4316 4395 
3 4396 4315 4395 
3 4318 4315 4396 
3 4397 4318 4396 
3 4385 4318 4397 
3 4320 4365 4322 
3 4322 4365 4366 
3 4324 4367 4320 
3 4320 4367 4365 
3 4367 4324 4326 
3 4368 4367 4326 
3 4329 4330 4369 
3 4330 4370 4369 
3 4332 4329 4371 
3 4329 4369 4371 
3 4398 4387 4332 
3 4371 4398 4332 
3 4334 4372 4335 
3 4334 4338 4372 
3 4372 4373 4374 
3 4372 4374 4335 
3 4335 4374 4344 
3 4373 4372 4338 
3 4373 4338 4375 
3 4375 4338 4346 
3 4347 4376 4348 
3 4347 4350 4376 
3 4344 4374 4355 
3 4374 4377 4355 
3 4346 4357 4375 
3 4375 4357 4378 
3 4376 4379 4359 
3 4394 4376 4359 
3 4350 4361 4379 
3 4376 4350 4379 
3 4366 4365 4380 
3 4381 4366 4380 
3 4365 4367 4382 
3 4380 4365 4382 
3 4367 4368 4382 
3 4369 4370 4399 
3 4400 4369 4399 
3 4371 4369 4400 
3 4401 4371 4400 
3 4398 4371 4401 
3 4373 4383 4374 
3 4373 4375 4383 
3 4383 4384 4377 
3 4374 4383 4377 
3 4375 4378 4402 
3 4403 4375 4402 
3 4404 4405 4406 
3 4407 4404 4406 
3 4405 4408 4409 
3 4406 4405 4409 
3 4408 4410 4409 
3 4411 4412 4453 
3 4454 4411 4453 
3 4413 4411 4454 
3 4455 4413 4454 
3 4456 4413 4455 
3 4414 4415 4416 
3 4416 4415 4417 
3 4418 4419 4414 
3 4414 4419 4415 
3 4419 4418 4420 
3 4421 4419 4420 
3 4422 4423 4424 
3 4423 4425 4424 
3 4426 4422 4427 
3 4422 4424 4427 
3 4457 4458 4426 
3 4427 4457 4426 
3 4428 4429 4430 
3 4428 4431 4429 
3 4429 4432 4433 
3 4429 4433 4430 
3 4430 4433 4434 
3 4432 4429 4431 
3 4432 4431 4435 
3 4435 4431 4436 
3 4437 4438 4439 
3 4437 4440 4438 
3 4434 4433 4441 
3 4433 4442 4441 
3 4459 4443 4460 
3 4435 4461 4444 
3 4438 4445 4446 
3 4439 4438 4446 
3 4440 4447 4445 
3 4438 4440 4445 
3 4417 4415 4448 
3 4449 4417 4448 
3 4415 4419 4450 
3 4448 4415 4450 
3 4419 4421 4450 
3 4424 4425 4462 
3 4463 4424 4462 
3 4427 4424 4463 
3 4464 4427 4463 
3 4457 4427 4464 
3 4432 4451 4433 
3 4432 4435 4451 
3 4451 4452 4442 
3 4433 4451 4442 
3 4435 4444 4452 
3 4451 4435 4452 
3 4465 4466 4467 
3 4465 4468 4466 
3 4485 4486 4469 
3 4487 4469 4486 
3 4470 4471 4472 
3 4473 4470 4472 
3 4471 4474 4475 
3 4472 4471 4475 
3 4474 4476 4475 
3 4477 4478 4488 
3 4489 4477 4488 
3 4479 4477 4489 
3 4490 4479 4489 
3 4491 4479 4490 
3 4480 4481 4482 
3 4492 4483 4493 
3 4494 4495 4484 
3 4496 4484 4495 
3 4497 4498 4499 
3 4497 4500 4498 
3 4502 4503 4501 
3 4504 4501 4503 

POINT_DATA 4505
SCALARS p1 float
LOOKUP_TABLE default
-0.0139435 -0.0139435 -0.0139435 -0.0139435 -0.0139435 -0.0139435 -0.0139435 -0.0139435 -0.0139435 
-0.0139435 -0.0139435 -0.0139435 -0.0139435 -0.0139435 -0.0139435 -0.0139435 -0.0139435 -0.0139435 
-0.0139435 -0.0139435 -0.0139435 -0.0139435 -0.0139435 -0.0139435 -0.0139435 -0.0139435 -0.0139435 
-0.0139435 -0.0139435 -0.0139435 -0.0139435 -0.0139435 -0.0139435 -0.0139435 -0.0139435 -0.0139435 
-0.0139435 -0.0139435 -0.0139435 -0.0139435 -0.0139435 -0.0139435 -0.0139435 -0.0139435 -0.0139435 
-0.0139435 -0.0139435 -0.0139435 -0.0139435 -0.0139435 -0.0139435 -0.0139435 -0.0139435 -0.0139435 
-0.0139435 -0.0139435 -0.0139435 -0.0139435 -0.0139435 -0.0139435 -0.0139435 -0.0139435 -0.0139435 
-0.0139435 -0.0139435 -0.0139435 -0.0139435 -0.0139435 -0.0139435 -0.0139435 -0.0139435 -0.0139435 
-0.0139435 -0.0139435 -0.0139435 -0.0139435 -0.0139435 -0.0139435 -0.0139435 -0.0139435 -0.0139435 
-0.0139435 -0.0139435 -0.0139435 -0.0139435 -0.0139435 -0.0139435 -0.0139435 -0.0139435 -0.0139435 
-0.0139435 -0.0139435 -0.0139435 -0.0139435 -0.0139435 -0.0139435 -0.0139435 -0.0139435 -0.0139435 
-0.0139435 -0.0139435 -0.0139435 -0.0139435 -0.0139435 -0.0139435 -0.0139435 -0.0139435 -0.0139435 
-0.0139435 -0.0139435 -0.0139435 -0.0139435 -0.0139435 -0.0139435 -0.0139435 -0.0139435 -0.0139435 
-0.0139435 -0.0139435 -0.0139435 -0.0139435 -0.0139435 -0.0139435 -0.0139435 -0.0139435 -0.0139435 
-0.0139435 -0.0139435 -0.0139435 -0.0139435 -0.0139435 -0.0139435 -0.0139435 -0.0139435 -0.0139435 
-0.0139435 -0.0139435 -0.0139435 -0.0139435 -0.0139435 -0.0139435 -0.0139435 -0.0139435 -0.0139435 
-0.0139435 -0.0139435 -0.0139435 -0.0139435 -0.0139435 -0.0139435 -0.0139435 -0.0139435 -0.0139435 
-0.0139435 -0.0139435 -0.0139435 -0.0139435 -0.0139435 -0.0139435 -0.0139435 -0.0139435 -0.0139435 
-0.0139435 -0.0139435 -0.0139435 -0.0139435 -0.0139435 -0.0139435 -0.0139435 -0.0139435 -0.0139435 
-0.0139435 -0.0139435 -0.0139435 -0.0139435 -0.0139435 -0.0139435 -0.0139435 -0.0139435 -0.0139435 
-0.0139435 -0.0139435 -0.0139435 -0.0139435 -0.0139435 -0.0139435 -0.0139435 -0.0139435 -0.0139435 
-0.0139435 -0.0139435 -0.0139435 -0.0139435 -0.0139435 -0.0139435 -0.0139435 -0.0139435 -0.0139435 
-0.0139435 -0.0139435 -0.0139435 -0.0139435 -0.0139435 -0.0139435 -0.0139435 -0.0139435 -0.0139435 
-0.0139435 -0.0139435 -0.0139435 -0.0139435 -0.0139435 -0.0139435 -0.0139435 -0.0139435 -0.0139435 
-0.0139435 -0.0139435 -0.0139435 -0.0139435 -0.0139435 -0.0139435 -0.0139435 -0.0139435 -0.0139435 
-0.0139435 -0.0139435 -0.0139435 -0.0139435 -0.0139435 -0.0139435 -0.0139435 -0.0139435 -0.0139435 
-0.0139435 -0.0139435 -0.0139435 -0.0139435 -0.0139435 -0.0139435 -0.0139435 -0.0139435 -0.0139435 
-0.0139435 -0.0139435 -0.0139435 -0.0139435 -0.0139435 -0.0139435 -0.0139435 -0.0139435 -0.0139435 
-0.0139435 -0.0139435 -0.0139435 -0.0139435 -0.0139435 -0.0139435 -0.0139435 -0.0139435 -0.0139435 
-0.0139435 -0.0139435 -0.0139435 -0.0139435 -0.0139435 -0.0139435 -0.0139435 -0.0139435 -0.0139435 
-0.0139435 -0.0139435 -0.0139435 -0.0139435 -0.0139435 -0.0139435 -0.0139435 -0.0139435 -0.0139435 
-0.0139435 -0.0139435 -0.0139435 -0.0139435 -0.0139435 -0.0139435 -0.0139435 -0.0139435 -0.0139435 
-0.0139435 -0.0139435 -0.0139435 -0.0139435 -0.0139435 -0.0139435 -0.0139435 -0.0139435 -0.0139435 
-0.0139435 -0.0139435 -0.0139435 -0.0139435 -0.0139435 -0.0139435 -0.0139435 -0.0139435 -0.0139435 
-0.0139435 -0.0139435 -0.0139435 -0.0139435 -0.0139435 -0.0139435 -0.0139435 -0.0139435 -0.0139435 
-0.0139435 -0.0139435 -0.0139435 -0.0139435 -0.0139435 -0.0139435 -0.0139435 -0.0139435 -0.0139435 
-0.0139435 -0.0139435 -0.0139435 -0.0139435 -0.0139435 -0.0139435 -0.0139435 -0.0139435 -0.0139435 
-0.0139435 -0.0139435 -0.0139435 -0.0139435 -0.0139435 -0.0139435 -0.0139435 -0.0139435 -0.0139435 
-0.0139435 -0.0139435 -0.0139435 -0.0139435 -0.0139435 -0.0139435 -0.0139435 -0.0139435 -0.0139435 
-0.0139435 -0.0139435 -0.0139435 -0.0139435 -0.0139435 -0.0139435 -0.0139435 -0.0139435 -0.0139435 
-0.0139435 -0.0139435 -0.0139435 -0.0139435 -0.0139435 -0.0139435 -0.0139435 -0.0139435 -0.0139435 
-0.0139435 -0.0139435 -0.0139435 -0.0139435 -0.0139435 -0.0139435 -0.0139435 -0.0139435 -0.0139435 
-0.0139435 -0.0139435 -0.0139435 -0.0139435 -0.0139435 -0.0139435 -0.0139435 -0.0139435 -0.0139435 
-0.0139435 -0.0139435 -0.0139435 -0.0139435 -0.0139435 -0.0139435 -0.0139435 -0.0139435 -0.0139435 
-0.0139435 -0.0139435 -0.0139435 -0.0139435 -0.0139435 -0.0139435 -0.0139435 -0.0139435 -0.0139435 
-0.0139435 -0.0139435 -0.0139435 -0.0139435 -0.0139435 -0.0139435 -0.0139435 -0.0139435 -0.0139435 
-0.0139435 -0.0139435 -0.0139435 -0.0139435 -0.0139435 -0.0139435 -0.0139435 -0.0139435 -0.0139435 
-0.0139435 -0.0139435 -0.0139435 -0.0139435 -0.0139435 -0.0139435 -0.0139435 -0.0139435 -0.0139435 
-0.0139435 -0.0139435 -0.0139435 -0.0139435 -0.0139435 -0.0139435 -0.0139435 -0.0139435 -0.0139435 
-0.0139435 -0.0139435 -0.0139435 -0.0139435 -0.0139435 -0.0139435 -0.0139435 -0.0139435 -0.0139435 
-0.0139435 -0.0139435 -0.0139435 -0.0139435 -0.0139435 -0.0139435 -0.0139435 -0.0139435 -0.0139435 
-0.0139435 -0.0139435 -0.0139435 -0.0139435 -0.0139435 -0.0139435 -0.0139435 -0.0139435 -0.0139435 
-0.0139435 -0.0139435 -0.0139435 -0.0139435 -0.0139435 -0.0139435 -0.0139435 -0.0139435 -0.0139435 
-0.0139435 -0.0139435 -0.0139435 -0.0139435 -0.0139435 -0.0139435 -0.0139435 -0.0139435 -0.0139435 
-0.0139435 -0.0139435 -0.0139435 -0.0139435 -0.0139435 -0.0139435 -0.0139435 -0.0139435 -0.0139435 
-0.0139435 -0.0139435 -0.0139435 -0.0139435 -0.0139435 -0.0139435 -0.0139435 -0.0139435 -0.0139435 
-0.0139435 -0.0139435 -0.0139435 -0.0139435 -0.0139435 -0.0139435 -0.0139435 -0.0139435 -0.0139435 
-0.0139435 -0.0139435 -0.0139435 -0.0139435 -0.0139435 -0.0139435 -0.0139435 -0.0139435 -0.0139435 
-0.0139435 -0.0139435 -0.0139435 -0.0139435 -0.0139435 -0.0139435 -0.0139435 -0.0139435 -0.0139435 
-0.0139435 -0.0139435 -0.0139435 -0.0139435 -0.0139435 -0.0139435 -0.0139435 -0.0139435 -0.0139435 
-0.0139435 -0.0139435 -0.0139435 -0.0139435 -0.0139435 -0.0139435 -0.0139435 -0.0139435 -0.0139435 
-0.0139435 -0.0139435 -0.0139435 -0.0139435 -0.0139435 -0.0139435 -0.0139435 -0.0139435 -0.0139435 
-0.0139435 -0.0139435 -0.0139435 -0.0139435 -0.0139435 -0.0139435 -0.0139435 -0.0139435 -0.0139435 
-0.0139435 -0.0139435 -0.0139435 -0.0139435 -0.0139435 -0.0139435 -0.0139435 -0.0139435 -0.0139435 
-0.0139435 -0.0139435 -0.0139435 -0.0139435 -0.0139435 -0.0139435 -0.0139435 -0.0139435 -0.0139435 
-0.0139435 -0.0139435 -0.0139435 -0.0139435 -0.0139435 -0.0139435 -0.0139435 -0.0139435 -0.0139435 
-0.0139435 -0.0139435 -0.0139435 -0.0139435 -0.0139435 -0.0139435 -0.0139435 -0.0139435 -0.0139435 
-0.0139435 -0.0139435 -0.0139435 -0.0139435 -0.0139435 -0.0139435 -0.0139435 -0.0139435 -0.0139435 
-0.0139435 -0.0139435 -0.0139435 -0.0139435 -0.0139435 -0.0139435 -0.0139435 -0.0139435 -0.0139435 
-0.0139435 -0.0139435 -0.0139435 -0.0139435 -0.0139435 -0.0139435 -0.0139435 -0.0139435 -0.0139435 
-0.0139435 -0.0139435 -0.0139435 -0.0139435 -0.0139435 -0.0139435 -0.0139435 -0.0139435 -0.0139435 
-0.0139435 -0.0139435 -0.0139435 -0.0139435 -0.0139435 -0.0139435 -0.0139435 -0.0139435 -0.0139435 
-0.0139435 -0.0139435 -0.0139435 -0.0139435 -0.0139435 -0.0139435 -0.0139435 -0.0139435 -0.0139435 
-0.0139435 -0.0139435 -0.0139435 -0.0139435 -0.0139435 -0.0139435 -0.0139435 -0.0139435 -0.0139435 
-0.0139435 -0.0139435 -0.0139435 -0.0139435 -0.0139435 -0.0139435 -0.0139435 -0.0139435 -0.0139435 
-0.0139435 -0.0139435 -0.0139435 -0.0139435 -0.0139435 -0.0139435 -0.0139435 -0.0139435 -0.0139435 
-0.0139435 -0.0139435 -0.0139435 -0.0139435 -0.0139435 -0.0139435 -0.0139435 -0.0139435 -0.0139435 
-0.0139435 -0.0139435 -0.0139435 -0.0139435 -0.0139435 -0.0139435 -0.0139435 -0.0139435 -0.0139435 
-0.0139435 -0.0139435 -0.0139435 -0.0139435 -0.0139435 -0.0139435 -0.0139435 -0.0139435 -0.0139435 
-0.0139435 -0.0139435 -0.0139435 -0.0139435 -0.0139435 -0.0139435 -0.0139435 -0.0139435 -0.0139435 
-0.0139435 -0.0139435 -0.0139435 -0.0139435 -0.0139435 -0.0139435 -0.0139435 -0.0139435 -0.0139435 
-0.0139435 -0.0139435 -0.0139435 -0.0139435 -0.0139435 -0.0139435 -0.0139435 -0.0139435 -0.0139435 
-0.0139435 -0.0139435 -0.0139435 -0.0139435 -0.0139435 -0.0139435 -0.0139435 -0.0139435 -0.0139435 
-0.0139435 -0.0139435 -0.0139435 -0.0139435 -0.0139435 -0.0139435 -0.0139435 -0.0139435 -0.0139435 
-0.0139435 -0.0139435 -0.0139435 -0.0139435 -0.0139435 -0.0139435 -0.0139435 -0.0139435 -0.0139435 
-0.0139435 -0.0139435 -0.0139435 -0.0139435 -0.0139435 -0.0139435 -0.0139435 -0.0139435 -0.0139435 
-0.0139435 -0.0139435 -0.0139435 -0.0139435 -0.0139435 -0.0139435 -0.0139435 -0.0139435 -0.0139435 
-0.0139435 -0.0139435 -0.0139435 -0.0139435 -0.0139435 -0.0139435 -0.0139435 -0.0139435 -0.0139435 
-0.0139435 -0.0139435 -0.0139435 -0.0139435 -0.0139435 -0.0139435 -0.0139435 -0.0139435 -0.0139435 
-0.0139435 -0.0139435 -0.0139435 -0.0139435 -0.0139435 -0.0139435 -0.0139435 -0.0139435 -0.0139435 
-0.0139435 -0.0139435 -0.0139435 -0.0139435 -0.0139435 -0.0139435 -0.0139435 -0.0139435 -0.0139435 
-0.0139435 -0.0139435 -0.0139435 -0.0139435 -0.0139435 -0.0139435 -0.0139435 -0.0139435 -0.0139435 
-0.0139435 -0.0139435 -0.0139435 -0.0139435 -0.0139435 -0.0139435 -0.0139435 -0.0139435 -0.0139435 
-0.0139435 -0.0139435 -0.0139435 -0.0139435 -0.0139435 -0.0139435 -0.0139435 -0.0139435 -0.0139435 
-0.0139435 -0.0139435 -0.0139435 -0.0139435 -0.0139435 -0.0139435 -0.0139435 -0.0139435 -0.0139435 
-0.0139435 -0.0139435 -0.0139435 -0.0139435 -0.0139435 -0.0139435 -0.0139435 -0.0139435 -0.0139435 
-0.0139435 -0.0139435 -0.0139435 -0.0139435 -0.0139435 -0.0139435 -0.0139435 -0.0139435 -0.0139435 
-0.0139435 -0.0139435 -0.0139435 -0.0139435 -0.0139435 -0.0139435 -0.0139435 -0.0139435 -0.0139435 
-0.0139435 -0.0139435 -0.0139435 -0.0139435 -0.0139435 -0.0139435 -0.0139435 -0.0139435 -0.0139435 
-0.0139435 -0.0139435 -0.0139435 -0.0139435 -0.0139435 -0.0139435 -0.0139435 -0.0139435 -0.0139435 
-0.0139435 -0.0139435 -0.0139435 -0.0139435 -0.0139435 -0.0139435 -0.0139435 -0.0139435 -0.0139435 
-0.0139435 -0.0139435 -0.0139435 -0.0139435 -0.0139435 -0.0139435 -0.0139435 -0.0139435 -0.0139435 
-0.0139435 -0.0139435 -0.0139435 -0.0139435 -0.0139435 -0.0139435 -0.0139435 -0.0139435 -0.0139435 
-0.0139435 -0.0139435 -0.0139435 -0.0139435 -0.0139435 -0.0139435 -0.0139435 -0.0139435 -0.0139435 
-0.0139435 -0.0139435 -0.0139435 -0.0139435 -0.0139435 -0.0139435 -0.0139435 -0.0139435 -0.0139435 
-0.0139435 -0.0139435 -0.0139435 -0.0139435 -0.0139435 -0.0139435 -0.0139435 -0.0139435 -0.0139435 
-0.0139435 -0.0139435 -0.0139435 -0.0139435 -0.0139435 -0.0139435 -0.0139435 -0.0139435 -0.0139435 
-0.0139435 -0.0139435 -0.0139435 -0.0139435 -0.0139435 -0.0139435 -0.0139435 -0.0139435 -0.0139435 
-0.0139435 -0.0139435 -0.0139435 -0.0139435 -0.0139435 -0.0139435 -0.0139435 -0.0139435 -0.0139435 
-0.0139435 -0.0139435 -0.0139435 -0.0139435 -0.0139435 -0.0139435 -0.0139435 -0.0139435 -0.0139435 
-0.0139435 -0.0139435 -0.0139435 -0.0139435 -0.0139435 -0.0139435 -0.0139435 -0.0139435 -0.0139435 
-0.0139435 -0.0139435 -0.0139435 -0.0139435 -0.0139435 -0.0139435 -0.0139435 -0.0139435 -0.0139435 
-0.0139435 -0.0139435 -0.0139435 -0.0139435 -0.0139435 -0.0139435 -0.0139435 -0.0139435 -0.0139435 
-0.0139435 -0.0139435 -0.0139435 -0.0139435 -0.0139435 -0.0139435 -0.0139435 -0.0139435 -0.0139435 
-0.0139435 -0.0139435 -0.0139435 -0.0139435 -0.0139435 -0.0139435 -0.0139435 -0.0139435 -0.0139435 
-0.0139435 -0.0139435 -0.0139435 -0.0139435 -0.0139435 -0.0139435 -0.0139435 -0.0139435 -0.0139435 
-0.0139435 -0.0139435 -0.0139435 -0.0139435 -0.0139435 -0.0139435 -0.0139435 -0.0139435 -0.0139435 
-0.0139435 -0.0139435 -0.0139435 -0.0139435 -0.0139435 -0.0139435 -0.0139435 -0.0139435 -0.0139435 
-0.0139435 -0.0139435 -0.0139435 -0.0139435 -0.0139435 -0.0139435 -0.0139435 -0.0139435 -0.0139435 
-0.0139435 -0.0139435 -0.0139435 -0.0139435 -0.0139435 -0.0139435 -0.0139435 -0.0139435 -0.0139435 
-0.0139435 -0.0139435 -0.0139435 -0.0139435 -0.0139435 -0.0139435 -0.0139435 -0.0139435 -0.0139435 
-0.0139435 -0.0139435 -0.0139435 -0.0139435 -0.0139435 -0.0139435 -0.0139435 -0.0139435 -0.0139435 
-0.0139435 -0.0139435 -0.0139435 -0.0139435 -0.0139435 -0.0139435 -0.0139435 -0.0139435 -0.0139435 
-0.0139435 -0.0139435 -0.0139435 -0.0139435 -0.0139435 -0.0139435 -0.0139435 -0.0139435 -0.0139435 
-0.0139435 -0.0139435 -0.0139435 -0.0139435 -0.0139435 -0.0139435 -0.0139435 -0.0139435 -0.0139435 
-0.0139435 -0.0139435 -0.0139435 -0.0139435 -0.0139435 -0.0139435 -0.0139435 -0.0139435 -0.0139435 
-0.0139435 -0.0139435 -0.0139435 -0.0139435 -0.0139435 -0.0139435 -0.0139435 -0.0139435 -0.0139435 
-0.0139435 -0.0139435 -0.0139435 -0.0139435 -0.0139435 -0.0139435 -0.0139435 -0.0139435 -0.0139435 
-0.0139435 -0.0139435 -0.0139435 -0.0139435 -0.0139435 -0.0139435 -0.0139435 -0.0139435 -0.0139435 
-0.0139435 -0.0139435 -0.0139435 -0.0139435 -0.0139435 -0.0139435 -0.0139435 -0.0139435 -0.0139435 
-0.0139435 -0.0139435 -0.0139435 -0.0139435 -0.0139435 -0.0139435 -0.0139435 -0.0139435 -0.0139435 
-0.0139435 -0.0139435 -0.0139435 0.00615011 0.00615011 0.00615011 0.00615011 0.00615011 0.00615011 
0.00615011 0.00615011 0.00615011 0.00615011 0.00615011 0.00615011 0.00615011 0.00615011 0.00615011 
0.00615011 0.00615011 0.00615011 0.00615011 0.00615011 0.00615011 0.00615011 0.00615011 0.00615011 
0.00615011 0.00615011 0.00615011 0.00615011 0.00615011 0.00615011 0.00615011 0.00615011 0.00615011 
0.00615011 0.00615011 0.00615011 0.00615011 0.00615011 0.00615011 0.00615011 0.00615011 0.00615011 
0.00615011 0.00615011 0.00615011 0.00615011 0.00615011 0.00615011 0.00615011 0.00615011 0.00615011 
0.00615011 0.00615011 0.00615011 0.00615011 0.00615011 0.00615011 0.00615011 0.00615011 0.00615011 
0.00615011 0.00615011 0.00615011 0.00615011 0.00615011 0.00615011 0.00615011 0.00615011 0.00615011 
0.00615011 0.00615011 0.00615011 0.00615011 0.00615011 0.00615011 0.00615011 0.00615011 0.00615011 
0.00615011 0.00615011 0.00615011 0.00615011 0.00615011 0.00615011 0.00615011 0.00615011 0.00615011 
0.00615011 0.00615011 0.00615011 0.00615011 0.00615011 0.00615011 0.00615011 0.00615011 0.00615011 
0.00615011 0.00615011 0.00615011 0.00615011 0.00615011 0.00615011 0.00615011 0.00615011 0.00615011 
0.00615011 0.00615011 0.00615011 0.00615011 0.00615011 0.00615011 0.00615011 0.00615011 0.00615011 
0.00615011 0.00615011 0.00615011 0.00615011 0.00615011 0.00615011 0.00615011 0.00615011 0.00615011 
0.00615011 0.00615011 0.00615011 0.00615011 0.00615011 0.00615011 0.00615011 0.00615011 0.00615011 
0.00615011 0.00615011 0.00615011 0.00615011 0.00615011 0.00615011 0.00615011 0.00615011 0.00615011 
0.00615011 0.00615011 0.00615011 0.00615011 0.00615011 0.00615011 0.00615011 0.00615011 0.00615011 
0.00615011 0.00615011 0.00615011 0.00615011 0.00615011 0.00615011 0.00615011 0.00615011 0.00615011 
0.00615011 0.00615011 0.00615011 0.00615011 0.00615011 0.00615011 0.00615011 0.00615011 0.00615011 
0.00615011 0.00615011 0.00615011 0.00615011 0.00615011 0.00615011 0.00615011 0.00615011 0.00615011 
0.00615011 0.00615011 0.00615011 0.00615011 0.00615011 0.00615011 0.00615011 0.00615011 0.00615011 
0.00615011 0.00615011 0.00615011 0.00615011 0.00615011 0.00615011 0.00615011 0.00615011 0.00615011 
0.00615011 0.00615011 0.00615011 0.00615011 0.00615011 0.00615011 0.00615011 0.00615011 0.00615011 
0.00615011 0.00615011 0.00615011 0.00615011 0.00615011 0.00615011 0.00615011 0.00615011 0.00615011 
0.00615011 0.00615011 0.00615011 0.00615011 0.00615011 0.00615011 0.00615011 0.00615011 0.00615011 
0.00615011 0.00615011 0.00615011 0.00615011 0.00615011 0.00615011 0.00615011 0.00615011 0.00615011 
0.00615011 0.00615011 0.00615011 0.00615011 0.00615011 0.00615011 0.00615011 0.00615011 0.00615011 
0.00615011 0.00615011 0.00615011 0.00615011 0.00615011 0.00615011 0.00615011 0.00615011 0.00615011 
0.00615011 0.00615011 0.00615011 0.00615011 0.00615011 0.00615011 0.00615011 0.00615011 0.00615011 
0.00615011 0.00615011 0.00615011 0.00615011 0.00615011 0.00615011 0.00615011 0.00615011 0.00615011 
0.00615011 0.00615011 0.00615011 0.00615011 0.00615011 0.00615011 0.00615011 0.00615011 0.00615011 
0.00615011 0.00615011 0.00615011 0.00615011 0.00615011 0.00615011 0.00615011 0.00615011 0.00615011 
0.00615011 0.00615011 0.00615011 0.00615011 0.00615011 0.00615011 0.00615011 0.00615011 0.00615011 
0.00615011 0.00615011 0.00615011 0.00615011 0.00615011 0.00615011 0.00615011 0.00615011 0.00615011 
0.00615011 0.00615011 0.00615011 0.00615011 0.00615011 0.00615011 0.00615011 0.00615011 0.00615011 
0.00615011 0.00615011 0.00615011 0.00615011 0.00615011 0.00615011 0.00615011 0.00615011 0.00615011 
0.00615011 0.00615011 0.00615011 0.00615011 0.00615011 0.00615011 0.00615011 0.00615011 0.00615011 
0.00615011 0.00615011 0.00615011 0.00615011 0.00615011 0.00615011 0.00615011 0.00615011 0.00615011 
0.00615011 0.00615011 0.00615011 0.00615011 0.00615011 0.00615011 0.00615011 0.00615011 0.00615011 
0.00615011 0.00615011 0.00615011 0.00615011 0.00615011 0.00615011 0.00615011 0.00615011 0.00615011 
0.00615011 0.00615011 0.00615011 0.00615011 0.00615011 0.00615011 0.00615011 0.00615011 0.00615011 
0.00615011 0.00615011 0.00615011 0.00615011 0.00615011 0.00615011 0.00615011 0.00615011 0.00615011 
0.00615011 0.00615011 0.00615011 0.00615011 0.00615011 0.00615011 0.00615011 0.00615011 0.00615011 
0.00615011 0.00615011 0.00615011 0.00615011 0.00615011 0.00615011 0.00615011 0.00615011 0.00615011 
0.00615011 0.00615011 0.00615011 0.00615011 0.00615011 0.00615011 0.00615011 0.00615011 0.00615011 
0.00615011 0.00615011 0.00615011 0.00615011 0.00615011 0.00615011 0.00615011 0.00615011 0.00615011 
0.00615011 0.00615011 0.00615011 0.00615011 0.00615011 0.00615011 0.00615011 0.00615011 0.00615011 
0.00615011 0.00615011 0.00615011 0.00615011 0.00615011 0.00615011 0.00615011 0.00615011 0.00615011 
0.00615011 0.00615011 0.00615011 0.00615011 0.00615011 0.00615011 0.00615011 0.00615011 0.00615011 
0.00615011 0.00615011 0.00615011 0.00615011 0.00615011 0.00615011 0.00615011 0.00615011 0.00615011 
0.00615011 0.00615011 0.00615011 0.00615011 0.00615011 0.00615011 0.00615011 0.00615011 0.00615011 
0.00615011 0.00615011 0.00615011 0.00615011 0.00615011 0.00615011 0.00615011 0.00615011 0.00615011 
0.00615011 0.00615011 0.00615011 0.00615011 0.00615011 0.00615011 0.00615011 0.00615011 0.00615011 
0.00615011 0.00615011 0.00615011 0.00615011 0.00615011 0.00615011 0.00615011 0.00615011 0.00615011 
0.00615011 0.00615011 0.00615011 0.00615011 0.00615011 0.00615011 0.00615011 0.00615011 0.00615011 
0.00615011 0.00615011 0.00615011 0.00615011 0.00615011 0.00615011 0.00615011 0.00615011 0.00615011 
0.00615011 0.00615011 0.00615011 0.00615011 0.00615011 0.00615011 0.00615011 0.00615011 0.00615011 
0.00615011 0.00615011 0.00615011 0.00615011 0.00615011 0.00615011 0.00615011 0.00615011 0.00615011 
0.00615011 0.00615011 0.00615011 0.00615011 0.00615011 0.00615011 0.00615011 0.00615011 0.00615011 
0.00615011 0.00615011 0.00615011 0.00615011 0.00615011 0.00615011 0.00615011 0.00615011 0.00615011 
0.00615011 0.00615011 0.00615011 0.00615011 0.00615011 0.00615011 0.00615011 0.00615011 0.00615011 
0.00615011 0.00615011 0.00615011 0.00615011 0.00615011 0.00615011 0.00615011 0.00615011 0.00615011 
0.00615011 0.00615011 0.00615011 0.00615011 0.00615011 0.00615011 0.00615011 0.00615011 0.00615011 
0.00615011 0.00615011 0.00615011 0.00615011 0.00615011 0.00615011 0.00615011 0.00615011 0.00615011 
0.00615011 0.00615011 0.00615011 0.00615011 0.00615011 0.00615011 0.00615011 0.00615011 0.00615011 
0.00615011 0.00615011 0.00615011 0.00615011 0.00615011 0.00615011 0.00615011 0.00615011 0.00615011 
0.00615011 0.00615011 0.00615011 0.00615011 0.00615011 0.00615011 0.00615011 0.00615011 0.00615011 
0.00615011 0.00615011 0.00615011 0.00615011 0.00615011 0.00615011 0.00615011 0.00615011 0.00615011 
0.00615011 0.00615011 0.00615011 0.00615011 0.00615011 0.00615011 0.00615011 0.00615011 0.00615011 
0.00615011 0.00615011 0.00615011 0.00615011 0.00615011 0.00615011 0.00615011 0.00615011 0.00615011 
0.00615011 0.00615011 0.00615011 0.00615011 0.00615011 0.00615011 0.00615011 0.00615011 0.00615011 
0.00615011 0.00615011 0.00615011 0.00615011 0.00615011 0.00615011 0.00615011 0.00615011 0.00615011 
0.00615011 0.00615011 0.00615011 0.00615011 0.00615011 0.00615011 0.00615011 0.00615011 0.00615011 
0.00615011 0.00615011 0.00615011 0.00615011 0.00615011 0.00615011 0.00615011 0.00615011 0.00615011 
0.00615011 0.00615011 0.00615011 0.00615011 0.00615011 0.00615011 0.00615011 0.00615011 0.00615011 
0.00615011 0.00615011 0.00615011 0.00615011 0.00615011 0.00615011 0.00615011 0.00615011 0.00615011 
0.00615011 0.00615011 0.00615011 0.00615011 0.00615011 0.00615011 0.00615011 0.00615011 0.00615011 
0.00615011 0.00615011 0.00615011 0.00615011 0.00615011 0.00615011 0.00615011 0.00615011 0.00615011 
0.00615011 0.00615011 0.00615011 0.00615011 0.00615011 0.00615011 0.00615011 0.00615011 0.00615011 
0.00615011 0.00615011 0.00615011 0.00615011 0.00615011 0.00615011 0.00615011 0.00615011 0.00615011 
0.00615011 0.00615011 0.00615011 0.00615011 0.00615011 0.00615011 0.00615011 0.00615011 0.00615011 
0.00615011 0.00615011 0.00615011 0.00615011 0.00615011 0.00615011 0.00615011 0.00615011 0.00615011 
0.00615011 0.00615011 0.00615011 0.00615011 0.00615011 0.00615011 0.00615011 0.00615011 0.00615011 
0.00615011 0.00615011 0.00615011 0.00615011 0.00615011 0.00615011 0.00615011 0.00615011 0.00615011 
0.00615011 0.00615011 0.00615011 0.00615011 0.00615011 0.00615011 0.00615011 0.00615011 0.00615011 
0.00615011 0.00615011 0.00615011 0.00615011 0.00615011 0.00615011 0.00615011 0.00615011 0.00615011 
0.00615011 0.00615011 0.00615011 0.00615011 0.00615011 0.00615011 0.00615011 0.00615011 0.00615011 
0.00615011 0.00615011 0.00615011 0.00615011 0.00615011 0.00615011 0.00615011 0.00615011 0.00615011 
0.00615011 0.00615011 0.00615011 0.00615011 0.00615011 0.00615011 0.00615011 0.00615011 0.00615011 
0.00615011 0.00615011 0.00615011 0.00615011 0.00615011 0.00615011 0.00615011 0.00615011 0.00615011 
0.00615011 0.00615011 0.00615011 0.00615011 0.00615011 0.00615011 0.00615011 0.00615011 0.00615011 
0.00615011 0.00615011 0.00615011 0.00615011 0.00615011 0.00615011 0.00615011 0.00615011 0.00615011 
0.00615011 0.00615011 0.00615011 0.00615011 0.00615011 0.00615011 0.00615011 0.00615011 0.00615011 
0.00615011 0.00615011 0.00615011 0.00615011 0.00615011 0.00615011 0.00615011 0.00615011 0.00615011 
0.00615011 0.00615011 0.00615011 0.00615011 0.00615011 0.00615011 0.00615011 0.00615011 0.00615011 
0.00615011 0.00615011 0.00615011 0.00615011 0.00615011 0.00615011 0.00615011 0.00615011 0.00615011 
0.00615011 0.00615011 0.00615011 0.00615011 0.00615011 0.00615011 0.00615011 0.00615011 0.00615011 
0.00615011 0.00615011 0.00615011 0.00615011 0.00615011 0.00615011 0.00615011 0.00615011 0.00615011 
0.00615011 0.00615011 0.00615011 0.00615011 0.00615011 0.00615011 0.00615011 0.00615011 0.00615011 
0.00615011 0.00615011 0.00615011 0.00615011 0.0262438 0.0262438 0.0262438 0.0262438 0.0262438 
0.0262438 0.0262438 0.0262438 0.0262438 0.0262438 0.0262438 0.0262438 0.0262438 0.0262438 
0.0262438 0.0262438 0.0262438 0.0262438 0.0262438 0.0262438 0.0262438 0.0262438 0.0262438 
0.0262438 0.0262438 0.0262438 0.0262438 0.0262438 0.0262438 0.0262438 0.0262438 0.0262438 
0.0262438 0.0262438 0.0262438 0.0262438 0.0262438 0.0262438 0.0262438 0.0262438 0.0262438 
0.0262438 0.0262438 0.0262438 0.0262438 0.0262438 0.0262438 0.0262438 0.0262438 0.0262438 
0.0262438 0.0262438 0.0262438 0.0262438 0.0262438 0.0262438 0.0262438 0.0262438 0.0262438 
0.0262438 0.0262438 0.0262438 0.0262438 0.0262438 0.0262438 0.0262438 0.0262438 0.0262438 
0.0262438 0.0262438 0.0262438 0.0262438 0.0262438 0.0262438 0.0262438 0.0262438 0.0262438 
0.0262438 0.0262438 0.0262438 0.0262438 0.0262438 0.0262438 0.0262438 0.0262438 0.0262438 
0.0262438 0.0262438 0.0262438 0.0262438 0.0262438 0.0262438 0.0262438 0.0262438 0.0262438 
0.0262438 0.0262438 0.0262438 0.0262438 0.0262438 0.0262438 0.0262438 0.0262438 0.0262438 
0.0262438 0.0262438 0.0262438 0.0262438 0.0262438 0.0262438 0.0262438 0.0262438 0.0262438 
0.0262438 0.0262438 0.0262438 0.0262438 0.0262438 0.0262438 0.0262438 0.0262438 0.0262438 
0.0262438 0.0262438 0.0262438 0.0262438 0.0262438 0.0262438 0.0262438 0.0262438 0.0262438 
0.0262438 0.0262438 0.0262438 0.0262438 0.0262438 0.0262438 0.0262438 0.0262438 0.0262438 
0.0262438 0.0262438 0.0262438 0.0262438 0.0262438 0.0262438 0.0262438 0.0262438 0.0262438 
0.0262438 0.0262438 0.0262438 0.0262438 0.0262438 0.0262438 0.0262438 0.0262438 0.0262438 
0.0262438 0.0262438 0.0262438 0.0262438 0.0262438 0.0262438 0.0262438 0.0262438 0.0262438 
0.0262438 0.0262438 0.0262438 0.0262438 0.0262438 0.0262438 0.0262438 0.0262438 0.0262438 
0.0262438 0.0262438 0.0262438 0.0262438 0.0262438 0.0262438 0.0262438 0.0262438 0.0262438 
0.0262438 0.0262438 0.0262438 0.0262438 0.0262438 0.0262438 0.0262438 0.0262438 0.0262438 
0.0262438 0.0262438 0.0262438 0.0262438 0.0262438 0.0262438 0.0262438 0.0262438 0.0262438 
0.0262438 0.0262438 0.0262438 0.0262438 0.0262438 0.0262438 0.0262438 0.0262438 0.0262438 
0.0262438 0.0262438 0.0262438 0.0262438 0.0262438 0.0262438 0.0262438 0.0262438 0.0262438 
0.0262438 0.0262438 0.0262438 0.0262438 0.0262438 0.0262438 0.0262438 0.0262438 0.0262438 
0.0262438 0.0262438 0.0262438 0.0262438 0.0262438 0.0262438 0.0262438 0.0262438 0.0262438 
0.0262438 0.0262438 0.0262438 0.0262438 0.0262438 0.0262438 0.0262438 0.0262438 0.0262438 
0.0262438 0.0262438 0.0262438 0.0262438 0.0262438 0.0262438 0.0262438 0.0262438 0.0262438 
0.0262438 0.0262438 0.0262438 0.0262438 0.0262438 0.0262438 0.0262438 0.0262438 0.0262438 
0.0262438 0.0262438 0.0262438 0.0262438 0.0262438 0.0262438 0.0262438 0.0262438 0.0262438 
0.0262438 0.0262438 0.0262438 0.0262438 0.0262438 0.0262438 0.0262438 0.0262438 0.0262438 
0.0262438 0.0262438 0.0262438 0.0262438 0.0262438 0.0262438 0.0262438 0.0262438 0.0262438 
0.0262438 0.0262438 0.0262438 0.0262438 0.0262438 0.0262438 0.0262438 0.0262438 0.0262438 
0.0262438 0.0262438 0.0262438 0.0262438 0.0262438 0.0262438 0.0262438 0.0262438 0.0262438 
0.0262438 0.0262438 0.0262438 0.0262438 0.0262438 0.0262438 0.0262438 0.0262438 0.0262438 
0.0262438 0.0262438 0.0262438 0.0262438 0.0262438 0.0262438 0.0262438 0.0262438 0.0262438 
0.0262438 0.0262438 0.0262438 0.0262438 0.0262438 0.0262438 0.0262438 0.0262438 0.0262438 
0.0262438 0.0262438 0.0262438 0.0262438 0.0262438 0.0262438 0.0262438 0.0262438 0.0262438 
0.0262438 0.0262438 0.0262438 0.0262438 0.0262438 0.0262438 0.0262438 0.0262438 0.0262438 
0.0262438 0.0262438 0.0262438 0.0262438 0.0262438 0.0262438 0.0262438 0.0262438 0.0262438 
0.0262438 0.0262438 0.0262438 0.0262438 0.0262438 0.0262438 0.0262438 0.0262438 0.0262438 
0.0262438 0.0262438 0.0262438 0.0262438 0.0262438 0.0262438 0.0262438 0.0262438 0.0262438 
0.0262438 0.0262438 0.0262438 0.0262438 0.0262438 0.0262438 0.0262438 0.0262438 0.0262438 
0.0262438 0.0262438 0.0262438 0.0262438 0.0262438 0.0262438 0.0262438 0.0262438 0.0262438 
0.0262438 0.0262438 0.0262438 0.0262438 0.0262438 0.0262438 0.0262438 0.0262438 0.0262438 
0.0262438 0.0262438 0.0262438 0.0262438 0.0262438 0.0262438 0.0262438 0.0262438 0.0262438 
0.0262438 0.0262438 0.0262438 0.0262438 0.0262438 0.0262438 0.0262438 0.0262438 0.0262438 
0.0262438 0.0262438 0.0262438 0.0262438 0.0262438 0.0262438 0.0262438 0.0262438 0.0262438 
0.0262438 0.0262438 0.0262438 0.0262438 0.0262438 0.0262438 0.0262438 0.0262438 0.0262438 
0.0262438 0.0262438 0.0262438 0.0262438 0.0262438 0.0262438 0.0262438 0.0262438 0.0262438 
0.0262438 0.0262438 0.0262438 0.0262438 0.0262438 0.0262438 0.0262438 0.0262438 0.0262438 
0.0262438 0.0262438 0.0262438 0.0262438 0.0262438 0.0262438 0.0262438 0.0262438 0.0262438 
0.0262438 0.0262438 0.0262438 0.0262438 0.0262438 0.0262438 0.0262438 0.0262438 0.0262438 
0.0262438 0.0262438 0.0262438 0.0262438 0.0262438 0.0262438 0.0262438 0.0262438 0.0262438 
0.0262438 0.0262438 0.0262438 0.0262438 0.0262438 0.0262438 0.0262438 0.0262438 0.0262438 
0.0262438 0.0262438 0.0262438 0.0262438 0.0262438 0.0262438 0.0262438 0.0262438 0.0262438 
0.0262438 0.0262438 0.0262438 0.0262438 0.0262438 0.0262438 0.0262438 0.0262438 0.0262438 
0.0262438 0.0262438 0.0262438 0.0262438 0.0262438 0.0262438 0.0262438 0.0262438 0.0262438 
0.0262438 0.0262438 0.0262438 0.0262438 0.0262438 0.0262438 0.0262438 0.0262438 0.0262438 
0.0262438 0.0262438 0.0262438 0.0262438 0.0262438 0.0262438 0.0262438 0.0262438 0.0262438 
0.0262438 0.0262438 0.0262438 0.0262438 0.0262438 0.0262438 0.0262438 0.0262438 0.0262438 
0.0262438 0.0262438 0.0262438 0.0262438 0.0262438 0.0262438 0.0262438 0.0262438 0.0262438 
0.0262438 0.0262438 0.0262438 0.0262438 0.0262438 0.0262438 0.0262438 0.0262438 0.0262438 
0.0262438 0.0262438 0.0262438 0.0262438 0.0262438 0.0262438 0.0262438 0.0262438 0.0262438 
0.0262438 0.0262438 0.0262438 0.0262438 0.0262438 0.0262438 0.0262438 0.0262438 0.0262438 
0.0262438 0.0262438 0.0262438 0.0262438 0.0262438 0.0262438 0.0262438 0.0262438 0.0262438 
0.0262438 0.0262438 0.0262438 0.0262438 0.0262438 0.0262438 0.0262438 0.0262438 0.0262438 
0.0262438 0.0262438 0.0262438 0.0262438 0.0262438 0.0262438 0.0262438 0.0262438 0.0262438 
0.0262438 0.0262438 0.0262438 0.0262438 0.0262438 0.0262438 0.0262438 0.0262438 0.0262438 
0.0262438 0.0262438 0.0262438 0.0262438 0.0262438 0.0262438 0.0262438 0.0262438 0.0262438 
0.0262438 0.0262438 0.0262438 0.0262438 0.0262438 0.0262438 0.0262438 0.0262438 0.0262438 
0.0262438 0.0262438 0.0262438 0.0262438 0.0262438 0.0262438 0.0262438 0.0262438 0.0262438 
0.0262438 0.0262438 0.0262438 0.0262438 0.0262438 0.0262438 0.0262438 0.0262438 0.0262438 
0.0262438 0.0262438 0.0262438 0.0262438 0.0262438 0.0262438 0.0262438 0.0262438 0.0262438 
0.0262438 0.0262438 0.0262438 0.0262438 0.0262438 0.0262438 0.0262438 0.0262438 0.0262438 
0.0262438 0.0262438 0.0262438 0.0262438 0.0262438 0.0262438 0.0262438 0.0262438 0.0262438 
0.0262438 0.0262438 0.0262438 0.0262438 0.0262438 0.0262438 0.0262438 0.0262438 0.0262438 
0.0262438 0.0262438 0.0262438 0.0262438 0.0262438 0.0262438 0.0262438 0.0262438 0.0262438 
0.0262438 0.0262438 0.0262438 0.0262438 0.0262438 0.0262438 0.0262438 0.0262438 0.0262438 
0.0262438 0.0262438 0.0262438 0.0262438 0.0262438 0.0262438 0.0262438 0.0262438 0.0262438 
0.0262438 0.0262438 0.0262438 0.0262438 0.0262438 0.0262438 0.0262438 0.0262438 0.0262438 
0.0262438 0.0262438 0.0262438 0.0262438 0.0262438 0.0262438 0.0262438 0.0262438 0.0262438 
0.0262438 0.0262438 0.0262438 0.0262438 0.0262438 0.0262438 0.0262438 0.0262438 0.0262438 
0.0262438 0.0262438 0.0262438 0.0262438 0.0262438 0.0262438 0.0262438 0.0262438 0.0262438 
0.0262438 0.0262438 0.0463374 0.0463374 0.0463374 0.0463374 0.0463374 0.0463374 0.0463374 
0.0463374 0.0463374 0.0463374 0.0463374 0.0463374 0.0463374 0.0463374 0.0463374 0.0463374 
0.0463374 0.0463374 0.0463374 0.0463374 0.0463374 0.0463374 0.0463374 0.0463374 0.0463374 
0.0463374 0.0463374 0.0463374 0.0463374 0.0463374 0.0463374 0.0463374 0.0463374 0.0463374 
0.0463374 0.0463374 0.0463374 0.0463374 0.0463374 0.0463374 0.0463374 0.0463374 0.0463374 
0.0463374 0.0463374 0.0463374 0.0463374 0.0463374 0.0463374 0.0463374 0.0463374 0.0463374 
0.0463374 0.0463374 0.0463374 0.0463374 0.0463374 0.0463374 0.0463374 0.0463374 0.0463374 
0.0463374 0.0463374 0.0463374 0.0463374 0.0463374 0.0463374 0.0463374 0.0463374 0.0463374 
0.0463374 0.0463374 0.0463374 0.0463374 0.0463374 0.0463374 0.0463374 0.0463374 0.0463374 
0.0463374 0.0463374 0.0463374 0.0463374 0.0463374 0.0463374 0.0463374 0.0463374 0.0463374 
0.0463374 0.0463374 0.0463374 0.0463374 0.0463374 0.0463374 0.0463374 0.0463374 0.0463374 
0.0463374 0.0463374 0.0463374 0.0463374 0.0463374 0.0463374 0.0463374 0.0463374 0.0463374 
0.0463374 0.0463374 0.0463374 0.0463374 0.0463374 0.0463374 0.0463374 0.0463374 0.0463374 
0.0463374 0.0463374 0.0463374 0.0463374 0.0463374 0.0463374 0.0463374 0.0463374 0.0463374 
0.0463374 0.0463374 0.0463374 0.0463374 0.0463374 0.0463374 0.0463374 0.0463374 0.0463374 
0.0463374 0.0463374 0.0463374 0.0463374 0.0463374 0.0463374 0.0463374 0.0463374 0.0463374 
0.0463374 0.0463374 0.0463374 0.0463374 0.0463374 0.0463374 0.0463374 0.0463374 0.0463374 
0.0463374 0.0463374 0.0463374 0.0463374 0.0463374 0.0463374 0.0463374 0.0463374 0.0463374 
0.0463374 0.0463374 0.0463374 0.0463374 0.0463374 0.0463374 0.0463374 0.0463374 0.0463374 
0.0463374 0.0463374 0.0463374 0.0463374 0.0463374 0.0463374 0.0463374 0.0463374 0.0463374 
0.0463374 0.0463374 0.0463374 0.0463374 0.0463374 0.0463374 0.0463374 0.0463374 0.0463374 
0.0463374 0.0463374 0.0463374 0.0463374 0.0463374 0.0463374 0.0463374 0.0463374 0.0463374 
0.0463374 0.0463374 0.0463374 0.0463374 0.0463374 0.0463374 0.0463374 0.0463374 0.0463374 
0.0463374 0.0463374 0.0463374 0.0463374 0.0463374 0.0463374 0.0463374 0.0463374 0.0463374 
0.0463374 0.0463374 0.0463374 0.0463374 0.0463374 0.0463374 0.0463374 0.0463374 0.0463374 
0.0463374 0.0463374 0.0463374 0.0463374 0.0463374 0.0463374 0.0463374 0.0463374 0.0463374 
0.0463374 0.0463374 0.0463374 0.0463374 0.0463374 0.0463374 0.0463374 0.0463374 0.0463374 
0.0463374 0.0463374 0.0463374 0.0463374 0.0463374 0.0463374 0.0463374 0.0463374 0.0463374 
0.0463374 0.0463374 0.0463374 0.0463374 0.0463374 0.0463374 0.0463374 0.0463374 0.0463374 
0.0463374 0.0463374 0.0463374 0.0463374 0.0463374 0.0463374 0.0463374 0.0463374 0.0463374 
0.0463374 0.0463374 0.0463374 0.0463374 0.0463374 0.0463374 0.0463374 0.0463374 0.0463374 
0.0463374 0.0463374 0.0463374 0.0463374 0.0463374 0.0463374 0.0463374 0.0463374 0.0463374 
0.0463374 0.0463374 0.0463374 0.0463374 0.0463374 0.0463374 0.0463374 0.0463374 0.0463374 
0.0463374 0.0463374 0.0463374 0.0463374 0.0463374 0.0463374 0.0463374 0.0463374 0.0463374 
0.0463374 0.0463374 0.0463374 0.0463374 0.0463374 0.0463374 0.0463374 0.0463374 0.0463374 
0.0463374 0.0463374 0.0463374 0.0463374 0.0463374 0.0463374 0.0463374 0.0463374 0.0463374 
0.0463374 0.0463374 0.0463374 0.0463374 0.0463374 0.0463374 0.0463374 0.0463374 0.0463374 
0.0463374 0.0463374 0.0463374 0.0463374 0.0463374 0.0463374 0.0463374 0.0463374 0.0463374 
0.0463374 0.0463374 0.0463374 0.0463374 0.0463374 0.0463374 0.0463374 0.0463374 0.0463374 
0.0463374 0.0463374 0.0463374 0.0463374 0.0463374 0.0463374 0.0463374 0.0463374 0.0463374 
0.0463374 0.0463374 0.0463374 0.0463374 0.0463374 0.0463374 0.0463374 0.0463374 0.0463374 
0.0463374 0.0463374 0.0463374 0.0463374 0.0463374 0.0463374 0.0463374 0.0463374 0.0463374 
0.0463374 0.0463374 0.0463374 0.0463374 0.0463374 0.0463374 0.0463374 0.0463374 0.0463374 
0.0463374 0.0463374 0.0463374 0.0463374 0.0463374 0.0463374 0.0463374 0.0463374 0.0463374 
0.0463374 0.0463374 0.0463374 0.0463374 0.0463374 0.0463374 0.0463374 0.0463374 0.0463374 
0.0463374 0.0463374 0.0463374 0.0463374 0.0463374 0.0463374 0.0463374 0.0463374 0.0463374 
0.0463374 0.0463374 0.0463374 0.0463374 0.0463374 0.0463374 0.0463374 0.0463374 0.0463374 
0.0463374 0.0463374 0.0463374 0.0463374 0.0463374 0.0463374 0.0463374 0.0463374 0.0463374 
0.0463374 0.0463374 0.0463374 0.0463374 0.0463374 0.0463374 0.0463374 0.0463374 0.0463374 
0.0463374 0.0463374 0.0463374 0.0463374 0.0463374 0.0463374 0.0463374 0.0463374 0.0463374 
0.0463374 0.0463374 0.0463374 0.0463374 0.0463374 0.0463374 0.0463374 0.0463374 0.0463374 
0.0463374 0.0463374 0.0463374 0.0463374 0.0463374 0.0463374 0.0463374 0.0463374 0.0463374 
0.0463374 0.0463374 0.0463374 0.0463374 0.0463374 0.0463374 0.0463374 0.0463374 0.0463374 
0.0463374 0.0463374 0.0463374 0.0463374 0.0463374 0.0463374 0.0463374 0.0463374 0.0463374 
0.0463374 0.0463374 0.0463374 0.0463374 0.0463374 0.0463374 0.0463374 0.0463374 0.0463374 
0.0463374 0.0463374 0.0463374 0.0463374 0.0463374 0.0463374 0.0463374 0.0463374 0.0463374 
0.0463374 0.0463374 0.0463374 0.0463374 0.0463374 0.0463374 0.0463374 0.0463374 0.0463374 
0.0463374 0.0463374 0.0463374 0.0463374 0.0463374 0.0463374 0.0463374 0.0463374 0.0463374 
0.0463374 0.0463374 0.0463374 0.0463374 0.0463374 0.0463374 0.0463374 0.0463374 0.0463374 
0.0463374 0.0463374 0.0463374 0.0463374 0.0463374 0.0463374 0.0463374 0.0463374 0.0463374 
0.0463374 0.0463374 0.0463374 0.0463374 0.0463374 0.0463374 0.0463374 0.0463374 0.0463374 
0.0463374 0.0463374 0.0463374 0.0463374 0.0463374 0.0463374 0.0463374 0.0463374 0.0463374 
0.0463374 0.0463374 0.0463374 0.0463374 0.0463374 0.0463374 0.0463374 0.0463374 0.0463374 
0.0463374 0.0463374 0.0463374 0.0463374 0.0463374 0.0463374 0.0463374 0.0463374 0.0463374 
0.0463374 0.0463374 0.0463374 0.0463374 0.0463374 0.0463374 0.0463374 0.0463374 0.0463374 
0.0463374 0.0463374 0.0463374 0.0463374 0.0463374 0.0463374 0.0463374 0.0463374 0.0463374 
0.0463374 0.0463374 0.0463374 0.0463374 0.0463374 0.0463374 0.0463374 0.0463374 0.0463374 
0.0463374 0.0463374 0.0463374 0.0463374 0.0463374 0.0463374 0.0463374 0.0463374 0.0463374 
0.0463374 0.0463374 0.0463374 0.0463374 0.0463374 0.0463374 0.0463374 0.0463374 0.0463374 
0.0463374 0.0463374 0.0463374 0.0463374 0.0463374 0.0463374 0.0463374 0.0463374 0.0463374 
0.0463374 0.0463374 0.0463374 0.0463374 0.0463374 0.0463374 0.0463374 0.0463374 0.0463374 
0.0463374 0.0463374 0.0463374 0.0463374 0.0463374 0.0463374 0.0463374 0.0463374 0.0463374 
0.0463374 0.0463374 0.0463374 0.0463374 0.0463374 0.0463374 0.0463374 0.0463374 0.0463374 
0.0463374 0.0463374 0.0463374 0.0463374 0.0463374 0.0463374 0.0463374 0.0463374 0.0463374 
0.0463374 0.0463374 0.0463374 0.0463374 0.0463374 0.0463374 0.0463374 0.0463374 0.0463374 
0.0463374 0.0463374 0.0463374 0.0463374 0.0463374 0.0463374 0.0463374 0.0463374 0.0463374 
0.0463374 0.0463374 0.0463374 0.0463374 0.0463374 0.0463374 0.0463374 0.0463374 0.0463374 
0.0463374 0.0463374 0.0463374 0.0463374 0.0463374 0.0463374 0.0463374 0.0463374 0.0463374 
0.0463374 0.0463374 0.0463374 0.0463374 0.0463374 0.0463374 0.0463374 0.0463374 0.0463374 
0.0463374 0.0463374 0.0463374 0.0463374 0.0463374 0.0463374 0.0463374 0.0463374 0.0463374 
0.0463374 0.0463374 0.0463374 0.0463374 0.0463374 0.0463374 0.0463374 0.0463374 0.0463374 
0.0463374 0.0463374 0.0463374 0.0463374 0.0463374 0.0463374 0.0463374 0.0463374 0.0463374 
0.0463374 0.0463374 0.0463374 0.0463374 0.0463374 0.0463374 0.0463374 0.0463374 0.0463374 
0.0463374 0.0463374 0.0463374 0.0463374 0.0463374 0.0463374 0.0463374 0.0463374 0.0463374 
0.0463374 0.0463374 0.0463374 0.0463374 0.0463374 0.0463374 0.0463374 0.0463374 0.0463374 
0.0463374 0.0463374 0.0463374 0.0463374 0.0463374 0.0463374 0.0463374 0.0463374 0.0463374 
0.0463374 0.0463374 0.0463374 0.0463374 0.0463374 0.0463374 0.0463374 0.0463374 0.0463374 
0.0463374 0.0463374 0.0463374 0.0463374 0.0463374 0.0463374 0.0463374 0.0463374 0.0463374 
0.0463374 0.0463374 0.0463374 0.0463374 0.0463374 0.0463374 0.0463374 0.0463374 0.0463374 
0.0463374 0.0463374 0.0463374 0.0463374 0.0463374 0.0463374 0.0463374 0.0463374 0.0463374 
0.0463374 0.0463374 0.0463374 0.0463374 0.0463374 0.0463374 0.0463374 0.0463374 0.0463374 
0.0463374 0.0463374 0.0463374 0.0463374 0.0463374 0.0463374 0.0463374 0.0463374 0.0463374 
0.0463374 0.0463374 0.0463374 0.0463374 0.0463374 0.0463374 0.0463374 0.0463374 0.0463374 
0.0463374 0.0463374 0.0463374 0.0463374 0.0463374 0.0463374 0.0463374 0.0463374 0.0463374 
0.0463374 0.0463374 0.0463374 0.0463374 0.0463374 0.0463374 0.0463374 0.0463374 0.0463374 
0.0463374 0.0463374 0.0463374 0.0463374 0.0463374 0.0463374 0.0463374 0.0463374 0.0463374 
0.0463374 0.0463374 0.0463374 0.0463374 0.0463374 0.0463374 0.0463374 0.0463374 0.0463374 
0.0463374 0.0463374 0.0463374 0.0463374 0.0463374 0.0463374 0.0463374 0.0463374 0.0463374 
0.0463374 0.0463374 0.0463374 0.0463374 0.0463374 0.0463374 0.0463374 0.0463374 0.0463374 
0.0463374 0.0463374 0.0463374 0.0463374 0.0463374 0.0463374 0.0463374 0.0463374 0.0463374 
0.0463374 0.0463374 0.0463374 0.0463374 0.0463374 0.0463374 0.0463374 0.0463374 0.0463374 
0.0463374 0.0463374 0.0463374 0.0463374 0.0463374 0.0664311 0.0664311 0.0664311 0.0664311 
0.0664311 0.0664311 0.0664311 0.0664311 0.0664311 0.0664311 0.0664311 0.0664311 0.0664311 
0.0664311 0.0664311 0.0664311 0.0664311 0.0664311 0.0664311 0.0664311 0.0664311 0.0664311 
0.0664311 0.0664311 0.0664311 0.0664311 0.0664311 0.0664311 0.0664311 0.0664311 0.0664311 
0.0664311 0.0664311 0.0664311 0.0664311 0.0664311 0.0664311 0.0664311 0.0664311 0.0664311 
0.0664311 0.0664311 0.0664311 0.0664311 0.0664311 0.0664311 0.0664311 0.0664311 0.0664311 
0.0664311 0.0664311 0.0664311 0.0664311 0.0664311 0.0664311 0.0664311 0.0664311 0.0664311 
0.0664311 0.0664311 0.0664311 0.0664311 0.0664311 0.0664311 0.0664311 0.0664311 0.0664311 
0.0664311 0.0664311 0.0664311 0.0664311 0.0664311 0.0664311 0.0664311 0.0664311 0.0664311 
0.0664311 0.0664311 0.0664311 0.0664311 0.0664311 0.0664311 0.0664311 0.0664311 0.0664311 
0.0664311 0.0664311 0.0664311 0.0664311 0.0664311 0.0664311 0.0664311 0.0664311 0.0664311 
0.0664311 0.0664311 0.0664311 0.0664311 0.0664311 0.0664311 0.0664311 0.0664311 0.0664311 
0.0664311 0.0664311 0.0664311 0.0664311 0.0664311 0.0664311 0.0664311 0.0664311 0.0664311 
0.0664311 0.0664311 0.0664311 0.0664311 0.0664311 0.0664311 0.0664311 0.0664311 0.0664311 
0.0664311 0.0664311 0.0664311 0.0664311 0.0664311 0.0664311 0.0664311 0.0664311 0.0664311 
0.0664311 0.0664311 0.0664311 0.0664311 0.0664311 0.0664311 0.0664311 0.0664311 0.0664311 
0.0664311 0.0664311 0.0664311 0.0664311 0.0664311 0.0664311 0.0664311 0.0664311 0.0664311 
0.0664311 0.0664311 0.0664311 0.0664311 0.0664311 0.0664311 0.0664311 0.0664311 0.0664311 
0.0664311 0.0664311 0.0664311 0.0664311 0.0664311 0.0664311 0.0664311 0.0664311 0.0664311 
0.0664311 0.0664311 0.0664311 0.0664311 0.0664311 0.0664311 0.0664311 0.0664311 0.0664311 
0.0664311 0.0664311 0.0664311 0.0664311 0.0664311 0.0664311 0.0664311 0.0664311 0.0664311 
0.0664311 0.0664311 0.0664311 0.0664311 0.0664311 0.0664311 0.0664311 0.0664311 0.0664311 
0.0664311 0.0664311 0.0664311 0.0664311 0.0664311 0.0664311 0.0664311 0.0664311 0.0664311 
0.0664311 0.0664311 0.0664311 0.0664311 0.0664311 0.0664311 0.0664311 0.0664311 0.0664311 
0.0664311 0.0664311 0.0664311 0.0664311 0.0664311 0.0664311 0.0664311 0.0664311 0.0664311 
0.0664311 0.0664311 0.0664311 0.0664311 0.0664311 0.0664311 0.0664311 0.0664311 0.0664311 
0.0664311 0.0664311 0.0664311 0.0664311 0.0664311 0.0664311 0.0664311 0.0664311 0.0664311 
0.0664311 0.0664311 0.0664311 0.0664311 0.0664311 0.0664311 0.0664311 0.0664311 0.0664311 
0.0664311 0.0664311 0.0664311 0.0664311 0.0664311 0.0664311 0.0664311 0.0664311 0.0664311 
0.0664311 0.0664311 0.0664311 0.0664311 0.0664311 0.0664311 0.0664311 0.0664311 0.0664311 
0.0664311 0.0664311 0.0664311 0.0664311 0.0664311 0.0664311 0.0664311 0.0664311 0.0664311 
0.0664311 0.0664311 0.0664311 0.0664311 0.0664311 0.0664311 0.0664311 0.0664311 0.0664311 
0.0664311 0.0664311 0.0664311 0.0664311 0.0664311 0.0664311 0.0664311 0.0664311 0.0664311 
0.0664311 0.0664311 0.0664311 0.0664311 0.0664311 0.0664311 0.0664311 0.0664311 0.0664311 
0.0664311 0.0664311 0.0664311 0.0664311 0.0664311 0.0664311 0.0664311 0.0664311 0.0664311 
0.0664311 0.0664311 0.0664311 0.0664311 0.0664311 0.0664311 0.0664311 0.0664311 0.0664311 
0.0664311 0.0664311 0.0664311 0.0664311 0.0664311 0.0664311 0.0664311 0.0664311 0.0664311 
0.0664311 0.0664311 0.0664311 0.0664311 0.0664311 0.0664311 0.0664311 0.0664311 0.0664311 
0.0664311 0.0664311 0.0664311 0.0664311 0.0664311 0.0664311 0.0664311 0.0664311 0.0664311 
0.0664311 0.0664311 0.0664311 0.0664311 0.0664311 0.0664311 0.0664311 0.0664311 0.0664311 
0.0664311 0.0664311 0.0664311 0.0664311 0.0664311 0.0664311 0.0664311 0.0664311 0.0664311 
0.0664311 0.0664311 0.0664311 0.0664311 0.0664311 0.0664311 0.0664311 0.0664311 0.0664311 
0.0664311 0.0664311 0.0664311 0.0664311 0.0664311 0.0664311 0.0664311 0.0664311 0.0664311 
0.0664311 0.0664311 0.0664311 0.0664311 0.0664311 0.0664311 0.0664311 0.0664311 0.0664311 
0.0664311 0.0664311 0.0664311 0.0664311 0.0664311 0.0664311 0.0664311 0.0664311 0.0664311 
0.0664311 0.0664311 0.0664311 0.0664311 0.0664311 0.0664311 0.0664311 0.0664311 0.0664311 
0.0664311 0.0664311 0.0664311 0.0664311 0.0664311 0.0664311 0.0664311 0.0664311 0.0664311 
0.0664311 0.0865247 0.0865247 0.0865247 0.0865247 0.0865247 0.0865247 0.0865247 0.0865247 
0.0865247 0.0865247 0.0865247 0.0865247 0.0865247 0.0865247 0.0865247 0.0865247 0.0865247 
0.0865247 0.0865247 0.0865247 0.0865247 0.0865247 0.0865247 0.0865247 0.0865247 0.0865247 
0.0865247 0.0865247 0.0865247 0.0865247 0.0865247 0.0865247 0.0865247 0.0865247 0.0865247 
0.0865247 0.0865247 0.0865247 0.0865247 0.0865247 0.0865247 0.0865247 0.0865247 0.0865247 
0.0865247 0.0865247 0.0865247 0.0865247 0.0865247 0.0865247 0.0865247 0.0865247 0.0865247 
0.0865247 0.0865247 0.0865247 0.0865247 0.0865247 0.0865247 0.0865247 0.0865247 0.0865247 
0.0865247 0.0865247 0.0865247 0.0865247 0.0865247 0.0865247 0.0865247 0.0865247 0.0865247 
0.0865247 0.0865247 0.0865247 0.0865247 0.0865247 0.0865247 0.0865247 0.0865247 0.0865247 
0.0865247 0.0865247 0.0865247 0.0865247 0.0865247 0.0865247 0.0865247 0.0865247 0.0865247 
0.0865247 0.0865247 0.0865247 0.0865247 0.0865247 0.0865247 0.0865247 0.0865247 0.0865247 
0.0865247 0.0865247 0.0865247 0.0865247 0.0865247 0.0865247 0.0865247 0.0865247 0.0865247 
0.0865247 0.0865247 0.0865247 0.0865247 0.0865247 0.0865247 0.0865247 0.0865247 0.0865247 
0.0865247 0.0865247 0.0865247 0.0865247 0.0865247 0.0865247 0.0865247 0.0865247 0.0865247 
0.0865247 0.0865247 0.0865247 0.0865247 0.0865247 0.0865247 0.0865247 0.0865247 0.0865247 
0.0865247 0.0865247 0.0865247 0.106618 0.106618 0.106618 0.106618 0.106618 0.106618 
0.106618 0.106618 0.106618 0.106618 0.106618 0.106618 0.106618 0.106618 0.106618 
0.106618 0.106618 0.106618 0.106618 0.106618 0.106618 0.106618 0.106618 0.106618 
0.106618 0.106618 0.106618 0.106618 0.106618 0.106618 0.106618 0.106618 0.106618 
0.106618 0.106618 0.106618 0.106618 0.106618 0.106618 0.106618 0.106618 0.106618 
0.106618 0.106618 0.106618 0.106618 0.106618 0.106618 0.106618 0.106618 0.106618 
0.106618 0.106618 0.106618 0.106618 0.106618 0.106618 0.106618 0.106618 0.106618 
0.106618 0.106618 0.106618 0.106618 0.106618 0.106618 0.106618 0.106618 0.106618 
0.106618 0.106618 0.106618 0.106618 0.106618 0.106618 0.106618 0.106618 0.106618 
0.106618 0.106618 0.106618 0.106618 0.106618 0.106618 0.106618 0.106618 0.106618 
0.106618 0.106618 0.106618 0.106618 0.106618 0.106618 0.106618 0.106618 0.106618 
0.106618 0.106618 0.106618 0.126712 0.126712 0.126712 0.126712 0.126712 0.126712 
0.126712 0.126712 0.126712 0.126712 0.126712 0.126712 0.126712 0.126712 0.126712 
0.126712 0.126712 0.126712 0.126712 0.126712 0.126712 0.126712 0.126712 0.126712 
0.126712 0.126712 0.126712 0.126712 0.126712 0.126712 0.126712 0.126712 0.126712 
0.126712 0.126712 0.126712 0.126712 0.126712 0.126712 0.126712 0.126712 0.126712 
0.126712 0.126712 0.126712 0.126712 0.126712 0.126712 0.126712 0.126712 0.126712 
0.126712 0.126712 0.126712 0.126712 0.126712 0.126712 0.126712 0.126712 0.126712 
0.126712 0.146806 0.146806 0.146806 0.146806 0.146806 0.146806 0.146806 0.146806 
0.146806 0.146806 0.146806 0.146806 0.146806 0.146806 0.146806 0.146806 0.146806 
0.146806 0.146806 0.146806 0.146806 0.146806 0.146806 0.146806 0.146806 0.146806 
0.146806 0.146806 0.146806 0.146806 0.146806 0.146806 0.166899 0.166899 0.166899 
0.166899 0.166899 0.166899 0.166899 0.166899 
NORMALS Normals float
0.0132168 0.0954759 0.995344 0.0553112 0.0978953 0.993658 0.0492721 0.126995 0.990679 
-0.0440046 0.117925 0.992047 -0.0691455 0.0952921 0.993045 -0.345711 0.147813 0.926626 
0.0885041 0.0406876 0.995244 0.280447 0.0192889 0.959676 0.278703 0.144566 0.949434 
0.0167353 0.0379614 0.999139 -0.0713972 0.0635784 0.99542 -0.270831 0.141532 0.952166 
-0.19661 0.0504228 0.979184 -0.326103 0.089331 0.941104 0.118685 -0.0938829 0.988484 
0.270304 -0.109071 0.956577 0.0353554 -0.0888562 0.995417 -0.0483263 -0.0616886 0.996925 
-0.184943 -0.0584608 0.981009 -0.309448 -0.0399432 0.950077 0.115273 -0.179743 0.976936 
0.0257997 -0.123158 0.992052 0.102832 -0.105128 0.989128 -0.038646 -0.15031 0.987883 
-0.222447 -0.155635 0.962442 -0.352801 -0.265715 0.897177 0.0139935 -0.0496783 0.998667 
0.130827 -0.16582 0.97744 -0.00373467 -0.0544399 0.99851 -0.246927 -0.115583 0.962116 
0.00343841 -0.157263 0.987551 -0.101054 -0.150975 0.983359 0.0195013 0.00456672 0.999799 
0.0152466 0.0156443 0.999761 0.00399792 0.00404858 0.999984 0.00474695 0.0197991 0.999793 
0.0249548 0.00285582 0.999685 0.0242503 0.012182 0.999632 0.0569175 0.00137761 0.998378 
0.0506525 0.00896057 0.998676 0.0615116 0.000971698 0.998106 0.0640688 0.0135651 0.997853 
0.0528147 0.00118677 0.998604 0.0539445 0.0205825 0.998332 0.0394808 0.00102961 0.99922 
0.0411575 0.0214505 0.998922 0.0221415 0.000933042 0.999754 0.0241871 0.0178591 0.999548 
0.0142408 0.000478775 0.999898 0.0148844 0.0114959 0.999823 0.00511044 0.000193713 0.999987 
0.00661712 0.00692177 0.999954 0.000446926 0.000489029 1 0.000799606 0.00478124 0.999988 
-0.000344344 0.00137644 0.999999 -0.000320668 0.00575504 0.999983 -0.000324249 0.00111461 0.999999 
-0.000268117 0.00671885 0.999977 0.0011158 0.000765919 0.999999 0.000755963 0.00696518 0.999975 
0.00306366 4.47032e-05 0.999995 0.00283355 0.0072102 0.99997 0.0110651 -0.0012993 0.999938 
0.00804753 0.00375495 0.999961 0.0297041 -0.00475529 0.999547 0.0270304 -0.00502343 0.999622 
0.0355487 -0.00314572 0.999363 0.0365532 -0.00130432 0.999331 0.0357096 0.000733662 0.999362 
0.0359894 0.0121219 0.999279 0.034516 0.000615797 0.999404 0.0343254 0.0114959 0.999345 
0.00431532 -0.00201958 0.999989 0.0107297 0.0056192 0.999927 -0.0118693 0.000430911 0.999929 
-0.0116491 0.00600356 0.999914 -0.0231539 -0.000234382 0.999732 -0.020075 0.0101285 0.999747 
-0.0382765 -0.000483188 0.999267 -0.0346784 0.0210812 0.999176 -0.0428458 0.00123516 0.999081 
-0.0441529 0.0269305 0.998662 -0.0168104 0.00642709 0.999838 -0.020889 0.0320102 0.999269 
-0.00419792 0.00885682 0.999952 -0.00440533 0.0265791 0.999637 0.00711627 0.00715815 0.999949 
0.00147132 0.0239221 0.999713 0.0127483 0.0268213 0.999559 0.00360341 0.0275533 0.999614 
0.0198977 0.0218917 0.999562 0.0557766 0.0207958 0.998227 0.06454 0.027277 0.997542 
0.0534647 0.0268181 0.99821 0.0392203 0.0219077 0.99899 0.021983 0.0167829 0.999617 
0.0135764 0.0120161 0.999836 0.00542257 0.00814478 0.999952 0.000480039 0.00683592 0.999977 
-0.000105642 0.0063118 0.99998 0.000161254 0.0070568 0.999975 0.00138849 0.00893238 0.999959 
0.00310042 0.0110573 0.999934 0.00898876 0.0132346 0.999872 0.0261652 0.0162459 0.999526 
0.0379118 0.014903 0.99917 0.0365333 0.0143667 0.999229 0.032038 0.0106832 0.99943 
0.00787297 0.00387177 0.999961 -0.0115836 0.00650336 0.999912 -0.0175804 0.0133871 0.999756 
-0.0309091 0.0315305 0.999025 -0.0431786 0.0443514 0.998082 -0.0250172 0.0399422 0.998889 
-0.0106795 0.0388787 0.999187 -0.00324712 0.0386757 0.999247 0.0108589 0.0568905 0.998321 
0.00229667 0.062639 0.998034 0.0198859 0.0631592 0.997805 0.0476227 0.053508 0.997431 
0.0632415 0.0388827 0.997241 0.0493883 0.0298089 0.998335 0.033901 0.018891 0.999247 
0.0205668 0.00875254 0.99975 0.0125388 0.00418835 0.999913 0.00570312 0.00178235 0.999982 
0.000553421 0.00261232 0.999996 0.000201523 0.00305029 0.999995 0.000731765 0.00367807 0.999993 
0.00229588 0.00454529 0.999987 0.00392315 0.00599743 0.999974 0.011051 0.0090968 0.999898 
0.029443 0.0163326 0.999433 0.0371689 0.020102 0.999107 0.0333437 0.0158824 0.999318 
0.0258959 0.00452553 0.999654 0.00767939 -0.00865064 0.999933 -0.00750307 -0.00564138 0.999956 
-0.0128433 0.00398391 0.99991 -0.0213809 0.0164433 0.999636 -0.0375286 0.0307711 0.998822 
-0.0358717 0.033759 0.998786 -0.0177365 0.0328908 0.999302 -0.000248037 0.0322752 0.999479 
0.011808 0.0551194 0.99841 0.00146008 0.0514733 0.998673 0.0218655 0.0510585 0.998456 
0.0329746 0.0496498 0.998222 0.0432674 0.0343167 0.998474 0.0355564 0.0191929 0.999183 
0.0227984 0.00766578 0.999711 0.015719 -0.000637519 0.999876 0.0114279 -0.00283148 0.999931 
0.00604478 -0.00210984 0.999979 0.00182991 3.26617e-05 0.999998 0.00157484 0.0022643 0.999996 
0.00210012 0.00418702 0.999989 0.00368783 0.00570088 0.999977 0.00487034 0.00772905 0.999958 
0.0148494 0.00862753 0.999853 0.0381176 0.0151117 0.999159 0.0405346 0.0221558 0.998932 
0.0271035 0.0221861 0.999386 0.0114176 0.0104931 0.99988 -0.00286266 -0.00470637 0.999985 
-0.00337376 -0.00878426 0.999956 -0.00635619 -0.00423205 0.999971 -0.0133733 0.00243265 0.999908 
-0.0231975 0.007577 0.999702 -0.020993 0.00867375 0.999742 -0.0113228 0.0133352 0.999847 
-0.000593965 0.016531 0.999863 0.01018 0.0261953 0.999605 0.000788592 0.0211224 0.999777 
0.0110584 0.0209911 0.999718 0.0180695 0.0180934 0.999673 0.0233766 0.00879282 0.999688 
0.0210893 0.000722844 0.999777 0.0146491 -0.00556834 0.999877 0.0120605 -0.00906978 0.999886 
0.0119062 -0.00974232 0.999882 0.00852832 -0.00747076 0.999936 0.00521302 -0.00342294 0.999981 
0.00550945 0.000954891 0.999984 0.00592638 0.00475132 0.999971 0.00767762 0.00827861 0.999936 
0.00788326 0.0141326 0.999869 0.0192171 0.0173792 0.999664 0.0504804 0.0287609 0.998311 
0.0534454 0.0451798 0.997548 0.0223735 0.0512814 0.998434 -0.0124819 0.0332583 0.999369 
-0.0197657 0.00815384 0.999771 -0.00761008 0.00199348 0.999969 -0.00428348 -0.00286714 0.999987 
-0.00964181 -0.003261 0.999948 -0.0219627 -0.00142077 0.999758 -0.0270908 -0.00177635 0.999631 
-0.00925812 -0.00283772 0.999953 -0.00619064 -0.00320337 0.999976 0.00771612 0.0109842 0.99991 
0.000949638 0.0114444 0.999934 0.00233619 0.011098 0.999936 0.00481437 0.00729803 0.999962 
0.0110387 0.000685213 0.999939 0.0137963 -0.0040521 0.999897 0.0113589 -0.00551674 0.99992 
0.00986006 -0.00782184 0.999921 0.0115288 -0.0109544 0.999874 0.0108961 -0.0118501 0.99987 
0.00997138 -0.00876709 0.999912 0.0131638 -0.00363703 0.999907 0.0139103 0.00181178 0.999902 
0.0167994 0.007744 0.999829 0.0170108 0.0182911 0.999688 0.0360895 0.0294471 0.998915 
0.090461 0.06269 0.993925 0.0740574 0.083802 0.993727 0.0476709 0.123675 0.991177 
-0.0875008 0.0975324 0.991378 -0.0644918 0.0258964 0.997582 -0.0159819 0.00861337 0.999835 
-0.0100322 0.00140412 0.999949 -0.00944887 -0.00242033 0.999952 -0.0152286 -0.00128507 0.999883 
-0.0231315 0.002313 0.99973 -0.0115807 0.00229643 0.99993 -0.0131632 0.00168497 0.999912 
0.00820007 0.00948179 0.999921 0.00159238 0.0085305 0.999962 0.00422389 0.0100211 0.999941 
0.000769593 0.0121649 0.999926 0.00354121 0.0116636 0.999926 0.00785076 0.00867471 0.999932 
0.00740195 0.00550362 0.999957 0.00518767 0.00062661 0.999986 0.00758279 -0.00602664 0.999953 
0.0102123 -0.0110475 0.999887 0.0133964 -0.0111069 0.999849 0.0206939 -0.00804409 0.999753 
0.0231097 -0.00381426 0.999726 0.0284343 0.00159417 0.999594 0.0314049 0.0124556 0.999429 
0.0709091 0.0303048 0.997022 0.152177 0.0679117 0.986017 0.146695 0.134425 0.980005 
-0.20876 0.100593 0.97278 -0.0398704 0.0261437 0.998863 -0.0167974 0.00519975 0.999845 
-0.0100419 0.00128544 0.999949 -0.00367893 0.00146076 0.999992 -0.00660755 0.00413672 0.99997 
-0.0121328 0.00526219 0.999913 -0.0196928 0.00550155 0.999791 0.00855655 0.0118465 0.999893 
-9.23791e-05 0.0136406 0.999907 0.00114563 0.00910903 0.999958 0.00590001 0.0067003 0.99996 
0.00386759 0.00931598 0.999949 0.00305471 0.00908445 0.999954 0.00124326 0.00466188 0.999988 
-0.0010031 -2.90202e-05 1 0.00240529 -0.00483248 0.999985 0.00753455 -0.00889767 0.999932 
0.0144807 -0.0104841 0.99984 0.0245394 -0.00950812 0.999654 0.028651 -0.0078759 0.999558 
0.0354257 -0.00635947 0.999352 0.0426885 -0.00432487 0.999079 0.100395 0.00339409 0.994942 
0.245175 0.0490844 0.968235 -0.127786 0.0237996 0.991516 -0.0331997 0.00961494 0.999402 
-0.0121119 0.003803 0.999919 -0.00438048 0.00299666 0.999986 -0.00489769 0.00143417 0.999987 
-0.00759258 0.00149509 0.99997 -0.0113795 0.00202692 0.999933 -0.0239718 0.0533761 0.998287 
-0.0314812 0.0847324 0.995906 -0.0157506 0.0413671 0.99902 -0.00542834 0.0194843 0.999795 
0.00552848 0.00398315 0.999977 -0.000680305 0.00213263 0.999997 -0.00481385 -0.00385209 0.999981 
-0.00435931 -0.00765631 0.999961 -0.000485081 -0.00929176 0.999957 0.00612201 -0.0104846 0.999926 
0.0137752 -0.00982459 0.999857 0.0254021 -0.00897372 0.999637 0.0294079 -0.00923683 0.999525 
0.0332142 -0.0126334 0.999368 0.042576 -0.0210873 0.998871 0.085048 -0.0249466 0.996064 
0.25987 -0.0640328 0.963518 -0.119807 -0.050742 0.9915 -0.0375812 -0.00809064 0.999261 
-0.0111571 -0.00213528 0.999936 -0.00659202 -0.0013827 0.999977 -0.00636799 -0.00186006 0.999978 
-0.00875555 -0.00167952 0.99996 -0.00972678 -0.00173667 0.999951 -0.103659 -0.00880671 0.994574 
-0.0748747 -0.0726695 0.994542 -0.0345013 -0.00208154 0.999402 -0.0326617 0.0313075 0.998976 
-0.0143933 0.0127283 0.999815 -0.00678538 -0.00597574 0.999959 -0.0104586 -0.0108807 0.999886 
-0.00498838 -0.0121769 0.999913 -0.000582069 -0.0102136 0.999948 0.00697863 -0.00935818 0.999932 
0.0157335 -0.00730017 0.99985 0.0265009 -0.00547594 0.999634 0.025407 -0.00848801 0.999641 
0.025354 -0.0153801 0.99956 0.0349445 -0.0278093 0.999002 0.0702504 -0.0413228 0.996673 
0.157557 -0.0894878 0.983447 0.209407 -0.166999 0.963463 -0.210114 -0.113663 0.971047 
-0.0499292 -0.0257721 0.99842 -0.022592 -0.0106672 0.999688 -0.00866718 -0.00109165 0.999962 
-0.00710295 -7.79164e-06 0.999975 -0.00680362 0.0012099 0.999976 -0.0118477 0.000350385 0.99993 
-0.0151454 -0.00059121 0.999885 0.0227216 -0.0682645 0.997409 -0.00392353 -0.0503324 0.998725 
0.040052 -0.0447109 0.998197 0.00514337 -0.026958 0.999623 -0.0202259 -0.0064336 0.999775 
-0.0143216 -0.00672572 0.999875 -0.0103339 -0.00796401 0.999915 -0.00369675 -0.00617305 0.999974 
0.00123224 -0.00428679 0.99999 0.00822207 -0.00223794 0.999964 0.0167807 -0.00183457 0.999857 
0.023485 -0.00420936 0.999715 0.0187699 -0.00925349 0.999781 0.0185402 -0.0138094 0.999733 
0.0281576 -0.0210485 0.999382 0.0588418 -0.0308578 0.99779 0.105486 -0.0566396 0.992806 
0.104838 -0.116034 0.987697 -0.105703 -0.0617729 0.992477 -0.0328626 -0.0117129 0.999391 
-0.0136721 0.0023233 0.999904 -0.00810657 0.00560454 0.999951 -0.00638565 0.00529745 0.999966 
-0.00298913 0.00542477 0.999981 -0.00857177 0.00602879 0.999945 -0.0177973 0.00643898 0.999821 
0.0219232 -0.00778999 0.999729 -0.0063849 -0.00612742 0.999961 0.0387476 -0.00935625 0.999205 
0.0228304 -0.0173559 0.999589 -0.0105712 -0.0133992 0.999854 -0.0137322 -0.0085887 0.999869 
-0.00916015 -0.00582122 0.999941 -0.00320145 -0.00363976 0.999988 0.00200819 -0.00207397 0.999996 
0.00758653 -0.000236889 0.999971 0.014004 -0.00261504 0.999898 0.0187542 -0.00854492 0.999788 
0.0149356 -0.0142552 0.999787 0.0140943 -0.0163017 0.999768 0.0222723 -0.0202161 0.999548 
0.040631 -0.0253412 0.998853 0.0753462 -0.0442333 0.996176 0.0452346 -0.0723587 0.996352 
0.046623 -0.126492 0.990871 -0.0428732 -0.122928 0.991489 -0.0175046 -0.037117 0.999158 
-0.014684 -0.0183831 0.999723 -0.00785457 -0.0022 0.999967 -0.00692666 0.00497851 0.999964 
-0.00770783 0.00529321 0.999956 -0.00323082 0.00484551 0.999983 -0.00506923 0.00495642 0.999975 
-0.0110544 0.00524768 0.999925 0.0296423 -0.00949315 0.999515 -0.00238298 -0.0129821 0.999913 
0.0332703 -0.00736317 0.999419 0.014385 -0.00610899 0.999878 -0.00570796 -0.00532839 0.99997 
-0.0109478 -0.0043771 0.999931 -0.00648634 -0.00230474 0.999976 -0.00153512 -0.000253195 0.999999 
0.00341906 0.000889693 0.999994 0.00723434 0.000769674 0.999974 0.00939505 -0.0048508 0.999944 
0.0110638 -0.0138555 0.999843 0.0108333 -0.0188238 0.999764 0.0133166 -0.0201855 0.999708 
0.0196208 -0.0223364 0.999558 0.0350355 -0.0300589 0.998934 0.0471514 -0.0470752 0.997778 
0.0236751 -0.0635874 0.997695 0.0198004 -0.0724267 0.997177 0.0128493 -0.0666192 0.997696 
0.000304866 -0.0371246 0.999311 0.00278901 -0.0184019 0.999827 0.00183607 -0.00757671 0.99997 
-0.00460361 0.00147798 0.999988 -0.00898847 0.00220766 0.999957 -0.00205835 0.00169564 0.999996 
-0.0031002 0.00232571 0.999992 -0.00532844 0.00263031 0.999982 0.0322003 -0.011694 0.999413 
0.00162911 -0.00970555 0.999952 0.0387676 -0.0109509 0.999188 0.01789 -0.00837699 0.999805 
-0.00333099 -0.00301577 0.99999 -0.0101129 -0.000970953 0.999948 -0.00568524 -0.000344311 0.999984 
-0.00055328 0.000348016 1 0.00340229 0.00149686 0.999993 0.00555419 -0.00113108 0.999984 
0.00572429 -0.0071719 0.999958 0.00763482 -0.0120355 0.999898 0.00929768 -0.0128571 0.999874 
0.0133176 -0.0135212 0.99982 0.0156361 -0.0174255 0.999726 0.0244012 -0.0295342 0.999266 
0.0311043 -0.0552127 0.99799 0.0185521 -0.0668573 0.99759 0.0178384 -0.0709699 0.997319 
0.0264891 -0.0707885 0.99714 0.024155 -0.0457628 0.99866 0.0114622 -0.0237944 0.999651 
0.00809673 -0.0085783 0.99993 -0.00316962 0.00193336 0.999993 -0.0120277 -3.83397e-05 0.999928 
8.21221e-05 -0.0017169 0.999999 -0.00109831 -0.000986303 0.999999 -0.00385432 -0.000494119 0.999992 
0.0316956 0.0114487 0.999432 0.00401283 0.0160916 0.999862 0.0305062 0.00641134 0.999514 
0.0188822 -0.00513928 0.999808 0.000110943 -0.00584255 0.999983 -0.00936393 -0.00261681 0.999953 
-0.00513045 -0.00183564 0.999985 2.95037e-05 -0.000311832 1 0.00315891 0.000541506 0.999995 
0.00356472 -0.00243711 0.999991 0.00331561 -0.00687984 0.999971 0.00595462 -0.00924162 0.99994 
0.00948796 -0.0102103 0.999903 0.0129869 -0.0105451 0.99986 0.0100555 -0.0161935 0.999818 
0.0102277 -0.0307954 0.999473 0.014032 -0.0586821 0.998178 0.0132241 -0.0716493 0.997342 
0.00862863 -0.0890717 0.995988 0.0269624 -0.114874 0.993014 0.0467906 -0.118332 0.991871 
0.0251399 -0.108092 0.993823 0.022858 -0.0739569 0.996999 0.00771426 -0.0262142 0.999627 
-0.0184103 -0.00351212 0.999824 -0.00111833 -0.00716381 0.999974 0.000652455 -0.0067115 0.999977 
-0.0033536 -0.00616337 0.999975 0.0247407 0.0214925 0.999463 -0.00287614 0.0230586 0.99973 
0.0141362 0.0155419 0.999779 0.00525314 0.00273159 0.999982 -0.000307308 -0.0103924 0.999946 
-0.00684056 -0.00935869 0.999933 -0.00351055 -0.00580635 0.999977 0.00125567 -0.00204895 0.999997 
0.00293079 -0.000203152 0.999996 0.0021841 -0.00194171 0.999996 0.001716 -0.0046011 0.999988 
0.00443005 -0.00732566 0.999963 0.0086869 -0.0105223 0.999907 0.0106926 -0.013332 0.999854 
0.00532425 -0.0197792 0.99979 -0.0019973 -0.0265743 0.999645 -0.0021448 -0.0427424 0.999084 
0.000392116 -0.061301 0.998119 -0.00834648 -0.0929989 0.995631 0.00981309 -0.124408 0.992183 
0.0476036 -0.133121 0.989956 0.0306444 -0.131849 0.990796 0.0431301 -0.124313 0.991305 
0.0466921 -0.083152 0.995442 0.0087602 -0.0321624 0.999444 -0.00461152 -0.0204527 0.99978 
0.00220574 -0.0193135 0.999811 -0.00320614 -0.0177369 0.999838 -0.0488399 0.0475865 0.997672 
-0.0491696 0.0816144 0.99545 -0.00809202 0.00498856 0.999955 -0.00445675 -0.00986202 0.999941 
-0.00619965 -0.0121772 0.999907 -0.00381662 -0.0135366 0.999901 -3.98963e-05 -0.00911826 0.999958 
0.00351533 -0.00404086 0.999986 0.00304034 -0.000890985 0.999995 0.00179306 -0.00152637 0.999997 
3.6111e-05 -0.0020376 0.999998 0.000121593 -0.00786228 0.999969 0.00401927 -0.0186399 0.999818 
0.0069005 -0.0242749 0.999682 0.0025182 -0.029978 0.999547 -0.00420227 -0.0301873 0.999535 
-0.00728294 -0.026957 0.99961 -0.0108783 -0.0177806 0.999783 -0.0250235 -0.0291452 0.999262 
0.000771768 -0.0514066 0.998677 0.0528297 -0.0388237 0.997849 0.0322754 -0.0251414 0.999163 
0.0474979 -0.0371529 0.99818 0.0677685 -0.0504662 0.996424 0.0474752 -0.0462067 0.997803 
-0.0153463 -0.0362016 0.999227 -0.0015574 -0.0368206 0.999321 -0.00151292 -0.0364504 0.999334 
-0.142313 -0.00563802 0.989806 -0.0836198 -0.0584584 0.994782 -0.0662335 -0.00992894 0.997755 
-0.0177565 -0.0134163 0.999752 -0.0019553 -0.0146272 0.999891 -0.00342941 -0.00731057 0.999967 
0.00296364 -0.00944946 0.999951 0.00597985 -0.00641871 0.999961 0.00367908 -0.0024987 0.99999 
0.00180836 -0.00202188 0.999996 -0.00074327 -0.000819465 0.999999 -0.00764587 -0.00412509 0.999962 
-0.00686001 -0.0161304 0.999846 0.00222455 -0.0275864 0.999617 0.00113736 -0.0320274 0.999486 
-0.0034642 -0.0338984 0.999419 -0.00325373 -0.0346842 0.999393 -0.00111542 -0.0321248 0.999483 
-0.0158515 -0.00171441 0.999873 0.00221387 0.0332958 0.999443 0.06148 0.0401531 0.9973 
0.0349058 0.0462219 0.998321 0.0369246 0.0393106 0.998545 0.0483553 0.00625924 0.998811 
0.0304487 -0.027632 0.999154 -0.0179793 -0.0441328 0.998864 -0.00657774 -0.0441609 0.999003 
-0.00354485 -0.0444388 0.999006 -0.0125189 -0.0907228 0.995798 3.1683e-05 -0.0815949 0.996666 
-0.0169789 -0.0506105 0.998574 -0.00786798 -0.0233032 0.999698 0.00836137 -0.0043275 0.999956 
-0.00847182 0.00334437 0.999959 0.0019792 -0.0124896 0.99992 0.00754866 -0.00818577 0.999938 
0.00490014 -0.00465045 0.999977 0.00191489 -0.00299054 0.999994 7.58958e-05 -0.00210039 0.999998 
-0.0193852 -0.00879673 0.999773 -0.00970583 -0.0282665 0.999553 -0.00342801 -0.0197716 0.999799 
-0.000624719 -0.0219517 0.999759 -0.00526935 -0.0260546 0.999647 -0.00834933 -0.0308535 0.999489 
-0.000667468 -0.0388347 0.999245 0.00570546 -0.0336424 0.999418 0.021905 0.00696283 0.999736 
0.0630746 0.0229947 0.997744 0.0370291 0.0205545 0.999103 0.0269692 0.0230749 0.99937 
0.0208057 -0.000603814 0.999783 -0.0109664 -0.033753 0.99937 -0.0345182 -0.0578877 0.997726 
-0.00755498 -0.0585313 0.998257 -0.00164643 -0.0560734 0.998425 0.00631363 -0.047802 0.998837 
-0.000428603 -0.0506094 0.998718 0.0101735 -0.0518038 0.998605 0.00928952 -0.04043 0.999139 
0.0202116 -0.00605242 0.999777 -0.00391382 0.0419358 0.999113 -0.0156121 0.016384 0.999744 
0.0107658 -0.0182626 0.999775 0.00681474 -0.00811658 0.999944 0.00197535 -0.00662406 0.999976 
0.00260192 0.000729254 0.999996 -0.0279966 0.0264056 0.999259 -0.0246092 -0.0188023 0.99952 
0.00512041 -0.0329624 0.999443 -0.000265438 -0.018257 0.999833 -0.00594025 -0.0196772 0.999789 
-0.0141158 -0.0270411 0.999535 -0.00510771 -0.0387302 0.999237 0.00788328 -0.0492268 0.998757 
0.0337626 -0.0373214 0.998733 0.0669946 -0.0212274 0.997527 0.0390658 -0.019708 0.999042 
0.0270781 -0.0105011 0.999578 0.00755308 -0.0131483 0.999885 -0.0390787 -0.0447685 0.998233 
-0.0950552 -0.0850813 0.991829 -0.0206325 -0.0937041 0.995386 0.00333548 -0.0919894 0.995754 
0.00479967 -0.0423672 0.999091 0.000142968 -0.0345053 0.999404 0.00589918 -0.0447254 0.998982 
0.015272 -0.0640533 0.99783 0.0475031 -0.0430277 0.997944 0.0218329 0.093449 0.995385 
-0.0443886 0.177698 0.983083 0.00391333 -0.00429193 0.999983 0.00801236 -0.0187549 0.999792 
0.00108048 -0.00899467 0.999959 0.0136121 -0.00719165 0.999882 -0.0191741 0.12251 0.992282 
-0.0557382 0.158637 0.985762 0.00364275 0.006642 0.999971 0.000124443 -0.0112345 0.999937 
-0.00848434 -0.0138819 0.999868 -0.0177646 -0.0211044 0.999619 -0.00895892 -0.0296249 0.999521 
0.00496733 -0.0475478 0.998857 0.0427639 -0.0821033 0.995706 0.0695809 -0.0722388 0.994957 
0.0397135 -0.0569239 0.997588 0.0303598 -0.0475572 0.998407 -0.0026694 -0.020962 0.999777 
-0.0800904 -0.0571713 0.995147 -0.152016 -0.0990182 0.983406 -0.041457 -0.136244 0.989807 
0.00954131 -0.150932 0.988498 0.00495626 -0.010455 0.999933 0.0024297 -0.0119756 0.999925 
0.00372547 -0.00787289 0.999962 0.0111434 -0.0202366 0.999733 0.0478438 -0.0313847 0.998362 
0.0568027 0.0438361 0.997423 -0.0447793 0.24296 0.969002 -0.0165573 0.0302309 0.999406 
0.0104741 -0.024661 0.999641 0.00165872 -0.00638071 0.999978 0.0135466 -0.000883579 0.999908 
0.0120471 0.0961863 0.99529 -0.0677491 0.240533 0.968274 -0.0201095 0.0707948 0.997288 
0.00178811 -0.00771767 0.999969 -0.00765761 -0.00620965 0.999951 -0.019426 -0.0102217 0.999759 
-0.0102313 -0.0133098 0.999859 0.00166873 -0.0190477 0.999817 0.0353729 -0.0331755 0.998823 
0.0754752 -0.0360958 0.996494 0.0417032 -0.0331429 0.99858 0.0323282 -0.0203143 0.999271 
0.00421101 -0.00492769 0.999979 -0.0840463 -0.0269842 0.996096 -0.175071 -0.0455904 0.9835 
-0.0643295 -0.046339 0.996852 0.00340046 -0.0532713 0.998574 0.00579062 -0.0058721 0.999966 
0.00340326 -0.00910695 0.999953 0.00447904 -0.000878146 0.99999 0.00875713 0.00186322 0.99996 
0.0432332 -0.00177054 0.999063 0.0720993 0.027984 0.997005 -0.026056 0.376697 0.92597 
-0.0377055 0.126185 0.99129 0.0120535 -0.0241822 0.999635 0.00248964 -0.0138345 0.999901 
0.0113891 -0.00583056 0.999918 0.0279824 0.0961403 0.994974 -0.0587373 0.305807 0.95028 
-0.0437112 0.128113 0.990796 0.00308644 -0.00864509 0.999958 -0.00692442 -0.0104119 0.999922 
-0.0203572 -0.0162106 0.999661 -0.0108612 -0.0217041 0.999705 -0.000308343 -0.0268079 0.999641 
0.0305307 -0.0550926 0.998014 0.0786389 -0.0581312 0.995207 0.043117 -0.0594039 0.997302 
0.0334588 -0.0271896 0.99907 0.00990605 -0.00984788 0.999902 -0.0853369 -0.00710369 0.996327 
-0.181932 -0.0555008 0.981744 -0.0741121 -0.0890124 0.993269 0.0121156 -0.0775128 0.996918 
-0.706548 -0.0794272 -0.703194 -0.678025 -0.0601537 -0.732573 -0.727352 -0.0225141 -0.685895 
0.123118 -0.0401547 -0.991579 0.00244083 0.819466 -0.573123 0.0348158 -0.410675 -0.911117 
-0.25366 -0.234028 -0.938556 -0.705678 -0.20299 -0.678832 0.0692439 -0.267573 -0.961046 
-0.149445 -0.186762 -0.970972 -0.713918 -0.165766 -0.680325 0.0771518 -0.430899 -0.899096 
0.05417 -0.277922 -0.959075 0.943695 -0.105586 -0.313515 -0.642303 0.317414 -0.697636 
0.070941 -0.0060879 -0.997462 0.952266 0.096733 -0.289538 -0.182466 0.805786 -0.563395 
0.150354 0.783552 -0.602859 -0.180917 0.0559465 -0.981906 -0.124322 0.131732 -0.983459 
-0.438119 0.0585806 -0.897006 -0.430746 0.0155909 -0.902339 0.336689 0.108826 -0.935306 
0.225496 0.0828571 -0.970714 0.875426 0.0248883 -0.482712 0.877837 0.00417539 -0.478942 
-0.151493 0.00362698 -0.988452 -0.430621 0.00387249 -0.902525 0.268855 0.00787794 -0.963148 
0.874399 0.00906207 -0.485122 -0.169623 0.00130585 -0.985508 -0.437003 0.00869822 -0.899418 
0.241872 -0.000834747 -0.970308 0.876035 0.0073559 -0.482191 -0.173832 0.000649136 -0.984775 
-0.445691 0.00443717 -0.895176 0.241504 -0.00105579 -0.970399 0.877882 0.00662356 -0.478831 
-0.193097 0.0034158 -0.981174 -0.455272 0.00988221 -0.890298 0.217729 0.00281595 -0.976005 
0.878609 0.0130436 -0.477364 -0.175305 -0.0987902 -0.979545 -0.779824 -0.015184 -0.625815 
-0.0164269 -0.0437934 -0.998906 0.875426 0.0293192 -0.482462 -0.859415 -0.0398462 -0.509723 
0.0211597 -0.188215 -0.9819 0.91636 -0.041806 -0.398167 -0.987429 0.0259275 -0.155924 
0.967622 -0.0179417 -0.251765 -0.991895 -0.000552195 -0.127059 0.949746 0.0303915 -0.311541 
-0.207053 0.357497 -0.910673 -0.466527 0.297894 -0.832834 0.0036863 0.478728 -0.877956 
0.880255 0.156208 -0.448053 -0.22507 0.246929 -0.942534 -0.434232 0.225414 -0.872141 
0.0378159 0.327338 -0.94415 0.875186 0.178134 -0.449797 -0.069011 0.741688 -0.667185 
0.177838 0.475946 -0.861307 -0.963161 0.0195343 -0.268214 -0.956546 0.0348579 -0.289489 
0.982211 0.00834635 -0.187593 0.978152 0.0127745 -0.207498 -0.406442 0.191876 -0.893302 
-0.38313 0.110893 -0.917014 -0.529926 0.080124 -0.84425 -0.491743 0.178067 -0.852339 
-0.1999 0.141478 -0.969548 -0.230341 0.198007 -0.952752 0.104918 0.0963127 -0.989806 
-0.0545039 0.186013 -0.981034 -0.965019 0.0321257 -0.260203 0.976448 0.00980726 -0.215531 
-0.397072 0.253312 -0.882138 -0.422936 0.17217 -0.889653 -0.234915 0.257625 -0.937253 
-0.163605 0.254912 -0.953023 -0.96575 0.0298875 -0.257746 0.981047 0.0088319 -0.193571 
-0.246242 0.194192 -0.949555 -0.205425 0.208142 -0.956283 -0.162605 0.20444 -0.965279 
-0.960657 0.00270436 -0.277723 0.976435 0.00308127 -0.215789 -0.937732 0.000736751 -0.347359 
0.965837 0.00708652 -0.259054 -0.879692 0.0153631 -0.475296 0.93343 0.00439793 -0.358733 
-0.75564 0.0269056 -0.654434 0.889049 -0.0275862 -0.456981 -0.323174 0 -0.94634 
-0.102548 -0.00627291 -0.994708 -0.10253 0.0315185 -0.99423 -0.953343 0.0600751 -0.295852 
0.809735 -0.106785 -0.576998 0.555391 -0.0179061 -0.831396 0.161295 0.0430791 -0.985966 
0.109611 -0.110202 -0.987847 0.12172 -0.00791739 -0.992533 -0.110696 0.0318568 -0.993344 
-0.982946 0.0539546 -0.175804 0.88627 0.0914415 -0.454053 0.0812529 0.0873573 -0.992858 
0.109106 0.0584 -0.992313 -0.98343 -0.0522915 -0.173585 0.926667 0.0452671 -0.373147 
0.139381 0.118307 -0.983146 -0.962022 -0.112122 -0.248883 0.878253 0.363934 -0.310201 
-0.405923 0.871145 -0.276286 -0.0236101 0.951427 -0.306968 -0.877741 0.0642869 -0.474804 
-0.913075 0.0895436 -0.39784 0.89759 0.0234206 -0.440209 0.904742 0.0229808 -0.425339 
-0.0134278 0.120786 -0.992588 -0.0119948 0.125109 -0.99207 -0.014501 0.140417 -0.989986 
-0.012347 0.151897 -0.988319 -0.0613321 0.124285 -0.990349 -0.049162 0.162051 -0.985557 
-0.109145 0.0768047 -0.991054 -0.124423 0.14135 -0.98211 -0.926932 0.0606482 -0.370296 
0.908724 0.0163806 -0.417075 -0.00363074 0.0677642 -0.997695 -0.00624296 0.0976017 -0.995206 
-0.041232 0.11093 -0.992973 -0.168032 0.150052 -0.974294 -0.939161 0.0296502 -0.342195 
0.912517 0.00680033 -0.408981 0.927949 0.0145744 -0.372422 0.00847775 0.137199 -0.990507 
-0.0125075 0.156986 -0.987522 -0.0344356 0.0894875 -0.995393 -0.0777409 -0.00462271 -0.996963 
-0.105269 0.0490638 -0.993233 -0.252257 0.0808526 -0.964276 -0.207061 0.0865915 -0.974488 
-0.243193 0.0808728 -0.966601 -0.919747 -0.0108829 -0.392362 0.912768 -0.00108213 -0.408477 
-0.0251319 -0.0109332 -0.999624 -0.0325475 -0.0176472 -0.999314 -0.0205248 -0.0296446 -0.99935 
-0.0983139 -0.00193176 -0.995154 -0.209097 0.00240826 -0.977892 -0.199034 0.0103458 -0.979938 
-0.322163 0.0146369 -0.946571 -0.855401 -0.040852 -0.516352 0.890513 -0.00899198 -0.45487 
0.859917 -0.013707 -0.51025 0.00449847 -0.0330651 -0.999443 -2.65464e-05 -0.0380968 -0.999274 
-0.000849446 -0.0219589 -0.999759 -0.00373653 -0.0421943 -0.999102 -0.0216352 -0.018923 -0.999587 
-0.0836393 -0.023305 -0.996224 -0.203917 -0.025136 -0.978665 -0.160936 -0.0232168 -0.986692 
-0.280536 -0.0197621 -0.95964 -0.667647 -0.0512279 -0.742713 0.741221 -0.0292746 -0.670622 
0.0205783 -0.0390959 -0.999024 0.0132733 -0.0203663 -0.999704 -0.0217192 -0.0117035 -0.999696 
-0.102374 -0.0175848 -0.994591 -0.197349 -0.0201612 -0.980126 -0.119096 -0.0219597 -0.99264 
-0.153278 -0.016784 -0.988041 -0.373503 -0.0284747 -0.927192 -0.607586 -0.141081 -0.781624 
-0.394511 0.0284837 -0.918449 0.023753 -0.0521636 -0.998356 0.0475537 -0.0357475 -0.998229 
0.0331673 -0.0136277 -0.999357 -0.0136463 -0.00124595 -0.999906 -0.109339 0.00511916 -0.993991 
-0.201047 0.0123901 -0.979503 -0.107108 0.00809267 -0.994214 -0.374843 0.0200774 -0.926871 
-0.408469 0.0660193 -0.910382 0.0501396 0.00396624 -0.998734 -0.00357931 -0.000200203 -0.999994 
-0.0850569 0.00266508 -0.996373 -0.147754 0.00463534 -0.989013 -0.108831 0.0124008 -0.993983 
-0.165097 0.0155938 -0.986154 -0.918124 0.185774 -0.350051 0.0616644 0.0647222 -0.995996 
0.0345562 0.0374008 -0.998703 -0.0049299 0.0197388 -0.999793 -0.095869 0.0135081 -0.995302 
-0.178623 0.00284241 -0.983913 -0.111979 -0.00696012 -0.993686 -0.168019 -0.0101722 -0.985731 
-0.953465 -0.0647585 -0.294469 0.157634 0.116184 -0.980639 0.0444472 0.121802 -0.991559 
0.0368476 0.0955453 -0.994743 -0.0154557 0.0512965 -0.998564 -0.113873 0.0464298 -0.99241 
-0.235678 0.0390643 -0.971046 -0.152249 0.0332294 -0.987783 -0.196144 0.0287859 -0.980152 
-0.982998 -0.0835931 -0.163482 0.607813 0.248449 -0.754213 0.0459891 0.145418 -0.988301 
0.0475113 0.147286 -0.987952 -0.000297624 0.115527 -0.993304 -0.0254157 0.0522759 -0.998309 
-0.112725 0.0873011 -0.989784 -0.130216 0.0365126 -0.990813 -0.253608 0.0369704 -0.9666 
-0.201735 0.0348932 -0.978818 -0.27526 0.031144 -0.960865 -0.392403 0.878753 -0.271687 
0.0422731 0.913549 -0.404526 0.177152 0.261239 -0.948879 -0.160825 0.0726519 -0.984305 
-0.601205 0.0863021 -0.794421 -0.257992 0.0401938 -0.965311 -0.220874 0.0408365 -0.974447 
-0.359509 0.0349424 -0.932487 -0.576561 0.131703 -0.806369 -0.458098 0.117704 -0.881074 
-0.266945 0.0552316 -0.962128 -0.463063 0.0462701 -0.885117 -0.644745 0.118948 -0.755086 
-0.907578 0.0592487 -0.415683 -0.500262 0.0346085 -0.865182 -0.94503 0.0515241 -0.322898 
-0.242417 -0.192194 -0.950945 -0.243716 -0.390178 -0.887899 -0.136741 -0.211028 -0.967868 
-0.505956 -0.199078 -0.839271 -0.775961 -0.449298 -0.442738 -0.0550461 -0.215846 -0.974875 
-0.0826621 -0.223465 -0.9712 -0.0742553 -0.46547 -0.881943 -0.110181 -0.210608 -0.971342 
-0.0596134 -0.143103 -0.987911 -0.204996 -0.203325 -0.957411 -0.473145 -0.128287 -0.871594 
-0.0450399 -0.400603 -0.915144 -0.0435894 -0.456668 -0.888569 -0.0809996 -0.407863 -0.909443 
-0.135925 -0.406623 -0.903428 -0.327272 -0.278425 -0.90298 -0.963039 0.140014 -0.230112 
-0.975943 0.130661 -0.174535 -0.985923 0.0689968 -0.1523 -0.985203 0.0213317 -0.170057 
0.983137 0.00356222 -0.182836 0.0230705 0.00464019 -0.999723 -0.009415 0.0463048 -0.998883 
-0.0518485 0.0307604 -0.998181 -0.991168 -0.0273899 -0.129752 0.982229 -0.000814608 -0.187685 
0.0118144 -0.0290058 -0.999509 -0.0126394 -0.0398826 -0.999124 -0.961829 -0.0744274 -0.263336 
-0.886904 -0.104565 -0.449964 -0.532229 -0.176849 -0.827923 -0.401086 -0.0471576 -0.914826 
-0.42809 0.0894252 -0.899301 -0.429551 0.0795291 -0.899534 -0.621964 0.338765 -0.705974 
-0.879204 0.248109 -0.406745 -0.998654 -0.0465948 0.0227812 -0.982361 -0.0741421 0.17167 
0.0580558 0.242531 -0.968405 -0.0188239 0.12643 -0.991797 -0.044169 0.0860526 -0.995311 
-0.477453 0.875931 0.0691611 0.126599 0.987939 -0.0891629 0.235305 0.357677 -0.903714 
0.0369229 0.202755 -0.978533 -0.0553766 0.110377 -0.992346 -0.11197 0.126335 -0.985648 
-0.049718 0.0740771 -0.996012 -0.0627749 0.0968217 -0.99332 -0.0162698 0.140124 -0.99 
0.0400808 0.238828 -0.970234 -0.712664 0.147685 -0.685784 -0.741744 0.133108 -0.657341 
-0.669974 0.139243 -0.729209 -0.783469 0.117013 -0.610314 -0.653083 0.143855 -0.743497 
-0.903543 0.074771 -0.421923 -0.955307 0.0441796 -0.292296 -0.958841 0.0428101 -0.280697 
-0.959039 0.037685 -0.280755 -0.0255674 -0.288983 -0.956993 -0.00136818 -0.232059 -0.972701 
-0.0762356 -0.354149 -0.932076 -0.130747 -0.893614 -0.429371 -0.0110616 -0.971055 -0.238598 
-0.197432 -0.96388 -0.178763 -0.217576 -0.961461 -0.168085 -0.310884 -0.936268 -0.163567 
-0.8985 -0.424552 -0.111596 -0.0459628 -0.607763 -0.792787 -0.0706744 -0.459799 -0.885206 
-0.0495635 -0.924781 -0.377258 -0.0581913 -0.509967 -0.858224 -0.0239197 -0.925342 -0.378377 
-0.0488883 -0.925336 -0.375983 -0.0268118 -0.870672 -0.491132 -0.642664 0.0635033 0.763512 
-0.774779 0.0696981 0.628379 -0.763284 0.0554668 0.643678 0.00249012 0.0407529 0.999166 
0.00534131 0.0314449 0.999491 0.00102257 0.0530532 0.998591 -0.00195161 0.0515894 0.998666 
-0.00621448 0.0409985 0.99914 -0.0103625 0.0417407 0.999075 -0.79499 0.011562 0.606512 
0.0108107 0.00350749 0.999935 0.0268137 0.000402103 0.99964 0.0162791 0.0297134 0.999426 
0.00269574 -0.000404854 0.999996 -0.00347558 0.00996002 0.999944 -0.0245739 0.0376824 0.998988 
-0.029527 0.0160931 0.999434 -0.0983935 0.00553644 0.995132 -0.899288 -0.0322064 0.43617 
0.0118727 -0.0126073 0.99985 0.013969 -0.00630585 0.999883 0.00449235 -0.0193265 0.999803 
-0.000333667 -0.0200986 0.999798 -0.0095431 -0.0142899 0.999852 -0.126613 -0.00948412 0.991907 
-0.96838 -0.0876916 0.233558 0.00690742 -0.0322736 0.999455 0.00175894 -0.0287206 0.999586 
0.00286292 -0.0227798 0.999736 -0.0103878 -0.0214895 0.999715 -0.99158 -0.128292 -0.0176091 
-0.909794 -0.28943 -0.2975 -0.983226 -0.182207 -0.00816233 -0.564744 0.126624 -0.815494 
-0.631713 0.397517 -0.665522 -0.922297 0.207904 0.325797 -0.859924 -0.0369388 0.509084 
-0.760318 0.390167 0.519314 0 0.0634622 0.997984 0.024402 0.0674175 0.997426 
0 0.103226 0.994658 -0.0152108 0.0543211 0.998408 -0.449495 0.729482 0.515569 
0.0642269 0.841556 0.536338 0.415894 0.783988 -0.460864 0.0169005 0.126386 0.991837 
-0.0187046 0.026458 0.999475 -0.00866692 0.0272093 0.999592 -0.0215635 0.0270508 0.999401 
-0.0350352 0.0337614 0.998816 -0.30792 0.0419241 0.950488 -0.273788 0.0588275 0.959989 
-0.237617 0.049796 0.970082 -0.227538 0.0468232 0.972643 -0.215779 0.0481941 0.975252 
-0.300678 0.0403822 0.95287 -0.334741 0.0479567 0.941089 -0.372404 0.0290374 0.927616 
-0.394966 0.0258501 0.918332 -0.00315891 -0.0855254 0.996331 0.00806485 -0.0689414 0.997588 
-0.0441273 -0.0839624 0.995491 -0.0762511 -0.110453 0.990952 -0.208507 -0.101665 0.972722 
-0.0158589 -0.170148 0.985291 -0.0041272 -0.122132 0.992505 0.0112747 -0.0944376 0.995467 
-0.0283051 -0.0689622 0.997218 -0.0657218 -0.0567231 0.996224 -0.106232 -0.0526686 0.992946 
-0.0138936 -0.327862 0.944624 -0.0075451 -0.24974 0.968284 0.0156768 -0.152508 0.988178 
-0.0109477 -0.105557 0.994353 -0.0516218 -0.0118693 0.998596 -0.0485861 0.0711275 0.996283 
0.178199 -0.083532 -0.980443 0.232856 -0.109153 -0.966366 0 0.894687 -0.446693 
-0.47888 0.770603 -0.420529 0.107017 0.889549 -0.444128 0.825586 -0.242619 -0.509454 
0.845675 -0.0740488 -0.528537 0.838675 0.163669 -0.519458 -0.488345 0.766359 -0.417388 
0.0745623 0.754818 -0.651682 0.725801 0.520692 -0.449546 0.776444 -0.010714 -0.630095 
0.865458 -0.166096 -0.472646 -0.994327 0.0303409 0.10195 -0.994526 0.0228062 0.101971 
-0.995938 -0.0166035 0.0884925 -0.995998 -0.0674773 -0.0586074 0.999546 -0.0280229 0.0110838 
0.755143 0.0547854 -0.653267 0.699935 0.120361 -0.703992 -0.974188 0.00886089 -0.225564 
-0.974602 0.0211379 -0.222943 -0.975479 0.0223251 -0.218959 -0.978119 0.0310175 -0.205721 
-0.976134 0.0172643 -0.216482 -0.969916 0.0131822 -0.243084 0.0687573 -0.163726 -0.984107 
0.147147 0.123056 -0.98143 0.0815093 0.247117 -0.965551 -0.989057 -0.0590549 -0.135202 
-0.687867 0.708176 -0.159141 -0.695834 0.692776 -0.189409 -0.673393 0.716179 -0.183383 
-0.00983281 0.955556 -0.294645 0.843199 0.503344 -0.188839 0.802231 0.526366 -0.281715 
-0.0253036 0.0949621 -0.995159 -0.0170035 0.0892458 -0.995865 -0.00661192 0.0397662 -0.999187 
0.00799759 0.0707038 -0.997465 -0.00619756 -0.0372847 -0.999285 0.000798754 -0.0288896 -0.999582 
-0.00342401 -0.0484433 -0.99882 -0.357238 0.0330615 -0.933428 -0.357149 0.0399392 -0.933193 
-0.880246 0.345478 -0.325289 0.0410533 0.124257 -0.9914 -0.716082 0.688003 -0.117806 
0.353846 0.111105 -0.928681 0.725939 0.577668 -0.373245 0.5378 0.427956 -0.726378 
0.0289291 0.0107307 -0.999524 0.0126744 -0.0226436 -0.999663 -0.716236 0.683957 0.1386 
0.563153 0.808855 -0.16915 -0.826307 0.0776759 -0.557838 -0.812827 0.125636 -0.568795 
-0.769007 0.152802 -0.620709 0.00430337 -0.971106 -0.23861 0.0553704 -0.231703 -0.971209 
-0.332984 -0.929511 -0.158529 -0.559177 -0.814756 -0.153277 -0.924874 -0.374601 -0.0654433 
-0.161193 -0.841679 -0.515358 0.0173255 -0.277221 -0.96065 -0.275159 -0.829015 -0.486848 
-0.065574 -0.923209 -0.378662 -0.535526 0.103401 0.838165 -0.690123 0.0749054 0.719805 
-0.774877 0.0671083 0.62854 -0.755757 0.0282526 0.654242 -0.748436 0.00399423 0.663195 
-0.869758 -0.0365452 0.492123 -0.937915 -0.10125 0.331758 -0.983481 -0.0975007 0.152506 
-0.961888 -0.270446 0.040382 -0.98259 0.10631 0.152368 -0.568898 0.0388081 -0.821492 
-0.870289 0.428462 0.242933 0.480572 0.754217 0.447445 0.0127149 0.22894 0.973357 
0.028097 0.228868 0.973052 0.299953 0.822386 -0.483436 -0.00865858 0.0521024 0.998604 
-0.0227934 0.0248677 0.999431 -0.00458401 0.0274238 0.999613 -0.0882578 0.0400773 0.995291 
-0.260039 0.0518674 0.964204 -0.221814 0.0429379 0.974143 -0.194182 0.0471828 0.97983 
-0.278439 0.0383009 0.95969 -0.472823 0.0263781 0.880763 -0.421224 0.0165518 0.906805 
-4.14678e-05 -0.0545701 0.99851 -0.0177163 -0.0804835 0.996598 0.0149099 -0.173439 0.984732 
-0.0481847 -0.174361 0.983502 -0.140992 -0.155085 0.977788 -0.271512 -0.10997 0.956132 
-0.0172512 -0.113303 0.993411 -0.0242585 -0.400783 0.915852 -0.0177092 -0.331307 0.943357 
0.00800847 0.00116406 0.999967 0.00552409 0.0103831 0.999931 0.000835209 0.00138953 0.999999 
0.000878447 0.0137061 0.999906 0.00773354 9.60268e-05 0.99997 0.008821 0.0134477 0.999871 
0.0243225 -0.000774099 0.999704 0.0205691 0.014049 0.99969 0.0224072 -0.000821344 0.999749 
0.0239073 0.00826209 0.99968 0.013116 -0.000676684 0.999914 0.0141862 0.00318329 0.999894 
0.0085765 -0.000437519 0.999963 0.00878535 0.00155965 0.99996 0.00577353 -0.000276698 0.999983 
0.00613732 0.000750621 0.999981 0.00310066 -0.000112255 0.999995 0.00358122 0.000658075 0.999993 
0.00119483 5.86112e-05 0.999999 0.00143224 0.00169277 0.999998 0.000235872 0.000192767 1 
0.000416802 0.00232307 0.999997 -0.00101319 0.000316969 0.999999 -0.000768149 0.00302381 0.999995 
-0.00184859 0.000338788 0.999998 -0.00179662 0.00351601 0.999992 -0.00211564 0.000382959 0.999998 
-0.0020894 0.00340538 0.999992 -0.0008677 0.000385344 1 -0.00109521 0.00321311 0.999994 
-0.00120653 0.000419053 0.999999 -0.00105098 0.00198009 0.999997 -0.00338483 0.000523028 0.999994 
-0.00305491 0.0013177 0.999994 -0.00403461 0.000457462 0.999992 -0.00404822 0.00123793 0.999991 
-0.476009 0.000516062 0.87944 -0.476038 0.000215643 0.879425 0.954304 0.00021965 0.298838 
0.756999 0.000418276 0.653416 0.954315 0.000101962 0.298802 0.756848 0.00146173 0.653589 
-0.000713646 0.000263452 1 -0.000633844 0.00119791 0.999999 -3.23852e-05 0.000358621 1 
-0.000204411 0.00141417 0.999999 -0.00140078 0.00064373 0.999999 -0.000504723 0.00258013 0.999997 
-0.00436878 0.00117619 0.99999 -0.00394734 0.00639025 0.999972 0.000284728 -0.000451619 1 
-0.00224852 0.00698046 0.999973 0.00271 0.000232955 0.999996 0.00343162 0.00478934 0.999983 
0.000107286 0.000622868 1 0.00140296 0.00418191 0.99999 0.00701886 0.0192988 0.999789 
0.000549547 0.0184295 0.99983 0.0121735 0.0233598 0.999653 0.0202115 0.0247481 0.999489 
0.0196862 0.0150834 0.999692 0.012178 0.00597244 0.999908 0.00806927 0.00289022 0.999963 
0.00575879 0.00138397 0.999982 0.00350677 0.000971748 0.999993 0.00154143 0.0019889 0.999997 
0.000551107 0.00301448 0.999995 -0.000623008 0.00383835 0.999992 -0.00166696 0.00452082 0.999988 
-0.00200596 0.00511986 0.999985 -0.00122524 0.00499919 0.999987 -0.00149591 0.00403092 0.999991 
-0.00371498 0.0022125 0.999991 -0.0039241 0.00124906 0.999992 -0.475675 0.0013835 0.87962 
0.954267 0.0003769 0.298956 0.756568 0.000830156 0.653914 -0.000579356 0.00112533 0.999999 
1.95826e-05 0.00162472 0.999999 6.52494e-05 0.0023522 0.999997 -0.00159845 0.00465917 0.999988 
-0.00295811 0.00700809 0.999971 0.00110089 0.00706177 0.999974 -0.00074383 0.00702626 0.999975 
0.00968959 0.0263549 0.999606 -0.000131422 0.0280432 0.999607 0.0142554 0.0265817 0.999545 
0.0154782 0.023126 0.999613 0.0135307 0.0130033 0.999824 0.00881351 0.00457881 0.999951 
0.0072567 0.00142228 0.999973 0.0057424 0.000713687 0.999983 0.00390702 0.0014907 0.999991 
0.00187535 0.00294043 0.999994 0.000917461 0.00361803 0.999993 -9.10628e-05 0.00450782 0.99999 
-0.00120711 0.00548373 0.999984 -0.00155773 0.00611204 0.99998 -0.00146316 0.00662324 0.999977 
-0.00201018 0.00562605 0.999982 -0.00506696 0.00409137 0.999979 -0.00503354 0.00235825 0.999985 
-0.474989 0.00164849 0.87999 0.954073 0.00047487 0.299572 0.756431 0.000814589 0.654073 
-0.000509434 0.00119171 0.999999 -6.31499e-05 0.00101397 0.999999 0.000220052 0.000690902 1 
-0.000623318 0.000703483 1 -0.00155396 0.000380398 0.999999 0.000331588 0.000988842 0.999999 
0.000664847 0.00147104 0.999999 0.00673279 0.019403 0.999789 -0.000400355 0.0174368 0.999848 
0.00847175 0.0157249 0.99984 0.00626939 0.0125887 0.999901 0.00436568 0.00547866 0.999975 
0.00365773 0.000982058 0.999993 0.00649324 -0.00108299 0.999978 0.00622996 -0.000646439 0.99998 
0.00493495 0.00109045 0.999987 0.00273273 0.00323213 0.999991 0.00154971 0.00453574 0.999988 
0.000957688 0.00559129 0.999984 -0.000184541 0.00673244 0.999977 -0.000744052 0.00756942 0.999971 
-0.0013694 0.00839871 0.999964 -0.0027789 0.00813778 0.999963 -0.00716596 0.0072499 0.999948 
-0.00754699 0.00563087 0.999956 -0.47449 0.00366971 0.880253 0.95365 0.000568169 0.300918 
0.755055 0.0028605 0.655655 -0.000321422 0.00136117 0.999999 -0.00037774 0.00141727 0.999999 
-0.00044532 0.000856048 1 -0.00166807 0.00020295 0.999999 -0.00384034 -4.1511e-06 0.999993 
-0.00148319 -0.000573777 0.999999 0.00264505 -0.000896715 0.999996 0.00163889 0.00468924 0.999988 
-0.000386932 0.00239039 0.999997 0.00127379 0.00238584 0.999996 -0.00106485 0.00161097 0.999998 
-0.00116058 -0.000930254 0.999999 0.00168001 -0.00156712 0.999997 0.0063068 -0.00127072 0.999979 
0.00727691 -0.000794211 0.999973 0.0064828 0.000488425 0.999979 0.00426746 0.00242767 0.999988 
0.00280195 0.00421603 0.999987 0.00270846 0.00580525 0.999979 0.00168301 0.00736731 0.999971 
0.000892962 0.00879298 0.999961 -0.000367726 0.0108227 0.999941 -0.00233603 0.0114752 0.999931 
-0.0086751 0.0125392 0.999884 -0.00987348 0.0105203 0.999896 -0.473462 0.00675136 0.880789 
0.951289 0.00164392 0.308298 0.751473 0.00375745 0.659753 -0.000604555 0.00199387 0.999998 
-0.000776499 0.00124723 0.999999 -0.00107259 0.000501705 0.999999 -0.00190345 0.000159155 0.999998 
-0.0040489 7.43998e-05 0.999992 -0.0033116 0.000257518 0.999994 0.00169472 0.000303785 0.999999 
-0.000143272 0.00031899 1 -0.000222524 0.00127668 0.999999 -0.00112549 0.000678042 0.999999 
-0.00274277 -0.00015102 0.999996 -0.00161512 5.96294e-05 0.999999 0.00335373 0.000799614 0.999994 
0.00693566 0.00161479 0.999975 0.00739149 0.00104827 0.999972 0.00719026 0.000276906 0.999974 
0.0056161 0.00064223 0.999984 0.00473078 0.00230484 0.999986 0.00539163 0.00429992 0.999976 
0.00470156 0.00619203 0.99997 0.00425515 0.0083893 0.999956 0.00277161 0.012155 0.999922 
0.00140317 0.0157297 0.999875 -0.00736179 0.021309 0.999746 -0.0119707 0.0201031 0.999726 
-0.474002 0.0116561 0.880447 0.948886 0.00169896 0.315615 0.742867 0.00861864 0.669384 
-0.00189283 0.00311634 0.999993 -0.00223268 0.00150824 0.999996 -0.0024161 -6.27673e-05 0.999997 
-0.00250124 -0.000802633 0.999997 -0.00305551 -0.000835228 0.999995 -0.00321783 -0.000816172 0.999995 
0.000544376 -0.000782658 1 0.000113469 -0.000518627 1 -0.000205636 -0.0017032 0.999999 
-0.000894069 -0.00086227 0.999999 -0.000806958 0.00114702 0.999999 -0.000886554 0.00334134 0.999994 
0.00372807 0.00334017 0.999987 0.0062504 0.00260443 0.999977 0.00572751 0.00135572 0.999983 
0.00596471 -0.000688719 0.999982 0.00596813 -0.00211908 0.99998 0.00653163 -0.0012109 0.999978 
0.00835719 0.000520887 0.999965 0.00816806 0.002173 0.999964 0.00853551 0.00430299 0.999954 
0.0081394 0.00826818 0.999933 0.0101772 0.0143532 0.999845 0.00430766 0.0252072 0.999673 
-0.0102671 0.029555 0.99951 -0.470116 0.0243464 0.882269 0.943987 0.00432945 0.329954 
0.715782 0.0220613 0.697975 -0.00445038 0.00605594 0.999972 -0.00439295 0.00298198 0.999986 
-0.00402205 0.00110483 0.999991 -0.00306724 0.000387964 0.999995 -0.00220427 0.000601642 0.999997 
-0.00352061 0.000440201 0.999994 0.000854313 0.000203997 1 0.00332911 -0.0143081 0.999892 
-0.000428591 -0.0175569 0.999846 0.00329741 -0.0135711 0.999902 0.00841231 -0.00716782 0.999939 
0.00360256 0.00142779 0.999992 0.00231259 0.00362118 0.999991 0.00444145 0.00201764 0.999988 
0.00384383 -4.95274e-05 0.999993 0.00423335 -0.00225678 0.999988 0.00562387 -0.0035318 0.999978 
0.0078058 -0.00312438 0.999965 0.0106872 -0.00196686 0.999941 0.0106209 -0.000950646 0.999943 
0.0116162 9.11393e-06 0.999933 0.0128017 0.00171273 0.999917 0.0190082 0.00571616 0.999803 
0.0231154 0.011359 0.999668 0.00569341 0.0208181 0.999767 -0.444954 0.0306247 0.89503 
0.932553 0.00754923 0.360954 0.684577 0.00329327 0.728934 -0.00853156 0.0074085 0.999936 
-0.0075824 0.00545317 0.999956 -0.00566355 0.00326767 0.999979 -0.00341166 0.00238948 0.999991 
-0.00150623 0.00230884 0.999996 -0.00234761 0.00231151 0.999995 0.00145829 0.00237613 0.999996 
-0.0131932 0.0332295 0.999361 -0.0372606 0.0722729 0.996689 0.00171563 0.026057 0.999659 
0.0178687 0.00706354 0.999815 0.0146932 0.00665287 0.99987 0.00331463 0.00643257 0.999974 
0.00113053 0.00425402 0.99999 0.00139335 -7.39694e-05 0.999999 0.00283191 -0.0029267 0.999992 
0.00535318 -0.002896 0.999981 0.00840086 -0.00206105 0.999963 0.0116671 -0.00139801 0.999931 
0.0115041 -0.00118891 0.999933 0.012095 -0.00124535 0.999926 0.0140214 -0.00186056 0.9999 
0.0198911 -0.00150607 0.999801 0.0298401 -0.00312525 0.99955 0.0150532 -0.000367361 0.999887 
-0.440746 -0.00835091 0.897593 0.92824 0.000496871 0.371982 0.702519 -0.0250245 0.711225 
-0.00872376 0.00131451 0.999961 -0.00850351 0.00388238 0.999956 -0.0072853 0.00437904 0.999964 
-0.00491903 0.00340108 0.999982 -0.00282627 0.00280533 0.999992 -0.00226719 0.00263335 0.999994 
0.00175233 0.00257681 0.999995 -0.0966907 0.0586086 0.993587 -0.0956823 0.0163577 0.995278 
-0.0388946 0.0509406 0.997944 -0.00618191 0.0466726 0.998891 0.00548723 0.0228734 0.999723 
-0.00467033 0.0117693 0.99992 -0.00408774 0.00393364 0.999984 -0.00157793 0.000417542 0.999999 
0.0024741 -0.000898735 0.999997 0.00652611 0.00137197 0.999978 0.00933615 0.00285625 0.999952 
0.0115212 0.0030752 0.999929 0.0107572 0.00214959 0.99994 0.0115037 0.000697378 0.999934 
0.012813 -0.00155721 0.999917 0.0186877 -0.00462707 0.999815 0.0261058 -0.00987855 0.99961 
0.0150299 -0.011695 0.999819 -0.474266 -0.0459177 0.879183 0.9371 -0.0110675 0.348886 
0.739219 -0.0170055 0.67325 -0.00572609 -0.00586821 0.999966 -0.00620218 -0.00213946 0.999978 
-0.00681669 0.00114385 0.999976 -0.00600206 0.00221898 0.999979 -0.00391379 0.00192991 0.99999 
-0.00290033 0.00209342 0.999994 0.00137882 0.00218122 0.999997 -0.00845544 -0.0286503 0.999554 
0.00558755 -0.0273082 0.999611 -0.00324879 -0.0146229 0.999888 -0.00636551 -0.00234293 0.999977 
-0.00468307 -0.000467593 0.999989 -0.00705004 -0.000819938 0.999975 -0.00450055 0.000806222 0.99999 
-0.00124965 0.00220791 0.999997 0.00336087 0.00320335 0.999989 0.00738685 0.00349282 0.999967 
0.00937115 0.00315627 0.999951 0.0104148 0.00213784 0.999943 0.00889222 0.000421476 0.99996 
0.00969366 -0.00110376 0.999952 0.0108848 -0.00366576 0.999934 0.0153715 -0.00579732 0.999865 
0.0209331 -0.0123848 0.999704 0.0070524 -0.0152441 0.999859 -0.486275 0.202414 0.850038 
0.919565 0.225349 0.321898 0.771523 0.274217 0.574071 -0.00309902 -0.00506812 0.999982 
-0.00435271 -0.00267939 0.999987 -0.00568915 -0.000978302 0.999983 -0.0054643 -0.000470117 0.999985 
-0.0028421 -0.000377222 0.999996 -0.00230555 -0.000131714 0.999997 0.000712259 1.81794e-05 1 
0.00650174 -0.0110477 0.999918 0.0069397 -0.0100364 0.999926 0.00459544 -0.0105325 0.999934 
0.00175064 -0.0105901 0.999942 -0.00242037 -0.00808545 0.999964 -0.00333091 -0.00478014 0.999983 
-0.00223224 -0.00166896 0.999996 -0.000184127 0.00143121 0.999999 0.00279387 0.00324657 0.999991 
0.00648624 0.00169956 0.999978 0.00810228 -0.000106681 0.999967 0.00910054 -0.00179283 0.999957 
0.007117 -0.00403917 0.999967 0.00758828 -0.00587506 0.999954 0.00920961 -0.00862592 0.99992 
0.0107749 -0.00998809 0.999892 0.0148289 -0.0174526 0.999738 0.00436814 -0.0201601 0.999787 
-0.300363 0.515128 0.802761 -0.272689 0.799692 0.534914 0.0875364 0.463834 0.881587 
-0.002445 0.829413 0.558631 -0.00244449 -0.0030577 0.999992 -0.00151408 -0.00439449 0.999989 
-0.00227175 -0.00196787 0.999995 -0.00464417 0.000432811 0.999989 -0.0060512 0.000220433 0.999982 
-0.00312008 -0.000226271 0.999995 -0.00204815 -0.00036222 0.999998 0.000805836 -0.000423252 1 
0.00639498 -0.00284036 0.999976 0.00670387 -0.0016819 0.999976 0.0039097 -0.00287752 0.999988 
0.0014063 -0.00456439 0.999989 -0.00103396 -0.0058794 0.999982 -0.0011948 -0.00642808 0.999979 
0.000751523 -0.00560068 0.999984 0.00206665 -0.00349801 0.999992 0.00320736 -0.00163316 0.999994 
0.00500931 -0.00313028 0.999983 0.00663649 -0.00595584 0.99996 0.00685548 -0.00906868 0.999935 
0.00388197 -0.0132129 0.999905 0.00543398 -0.0164284 0.99985 0.00722115 -0.0198207 0.999777 
0.00668954 -0.0219465 0.999737 0.00811588 -0.0281054 0.999572 0.00757072 -0.0246091 0.999668 
0.00455121 -0.0140075 0.999892 0.00196009 -0.00208291 0.999996 -0.00325752 0.00572247 0.999978 
-0.00395035 0.0023782 0.999989 0.00130348 -0.000576676 0.999999 -0.00366492 0.00640481 0.999973 
-0.0101531 0.00598192 0.999931 -0.00690359 0.00312021 0.999971 -0.00152587 0.00227499 0.999996 
0.000969544 0.00206708 0.999997 0.00536588 0.00178575 0.999984 0.00637507 0.00217602 0.999977 
0.00215546 0.000978626 0.999997 -0.000614369 -0.000928695 0.999999 -0.00211007 -0.00347323 0.999992 
-0.00116594 -0.00420808 0.99999 0.00125546 -0.00368994 0.999992 0.002419 -0.0038646 0.99999 
0.00339048 -0.00422983 0.999985 0.00410453 -0.00483518 0.99998 0.00507832 -0.00711157 0.999962 
0.00373217 -0.01058 0.999937 0.000537267 -0.0146177 0.999893 0.00310414 -0.0171559 0.999848 
0.00546412 -0.0194522 0.999796 0.00467314 -0.022721 0.999731 0.00945748 -0.0211102 0.999732 
0.0131778 -0.01181 0.999843 0.00727297 -0.0109976 0.999913 0.0112576 -0.0118555 0.999866 
0.00440409 0.00683409 0.999967 -0.0108587 0.0101784 0.999889 0.00187339 -0.00302084 0.999994 
0.000948372 0.0026769 0.999996 -0.0128415 0.00846145 0.999882 -0.0144096 0.00821487 0.999862 
-0.00295748 0.00722882 0.999969 0.0010788 0.0066257 0.999977 0.00523233 -0.00096982 0.999986 
0.00434662 -0.00168083 0.999989 0.00122396 -0.00076725 0.999999 -0.00282935 -0.000854705 0.999996 
-0.00376057 -0.00318841 0.999988 -0.000608273 -0.00379291 0.999993 0.0013657 -0.00256416 0.999996 
0.00204077 -0.00308256 0.999993 0.00320994 -0.00415697 0.999986 0.00360946 -0.00468951 0.999982 
0.00342295 -0.00651891 0.999973 0.000987362 -0.00997422 0.99995 -0.000997355 -0.0121437 0.999926 
0.00212093 -0.0121261 0.999924 0.00408605 -0.0132921 0.999903 0.00575805 -0.0147729 0.999874 
0.0162315 -0.00576744 0.999852 0.0159556 -0.000345265 0.999873 -0.00120978 -0.0137702 0.999904 
0.0117143 -0.040543 0.999109 0.0227706 -0.0405234 0.998919 -0.0117169 -0.0305493 0.999465 
-0.00068678 -0.0251316 0.999684 0.0107875 -0.0108727 0.999883 -0.00710676 0.00665053 0.999953 
-0.0112821 0.0105299 0.999881 0.000222111 0.0110223 0.999939 0.00104895 0.0113854 0.999935 
0.00404496 -0.0094506 0.999947 -0.000695347 -0.0107628 0.999942 0.00307162 -0.00988943 0.999946 
-0.00159728 -0.00602195 0.999981 -0.00520323 -0.0030062 0.999982 0.000425488 -0.00346442 0.999994 
0.00191453 -0.00154858 0.999997 0.00157001 -0.00227267 0.999996 0.00274344 -0.0034322 0.99999 
0.0033508 -0.00438385 0.999985 0.00190798 -0.00563793 0.999982 -0.00100172 -0.00872727 0.999961 
-0.000538935 -0.00902378 0.999959 0.00218934 -0.00720182 0.999972 0.00279711 -0.0087528 0.999958 
0.00834374 -0.0107247 0.999908 0.0244231 -0.00420029 0.999693 0.00915176 -0.0130105 0.999873 
-0.0159573 -0.035463 0.999244 -0.0065125 -0.0618959 0.998061 0.0283178 -0.0768909 0.996637 
-0.00376479 -0.0686019 0.997637 0.00570222 -0.0528226 0.998588 0.0322131 -0.0311416 0.998996 
0.0141111 -0.000580661 0.9999 -0.00930774 0.00560093 0.999941 -0.0011873 0.00640162 0.999979 
0.00252115 0.00704378 0.999972 -0.0372351 0.0229694 0.999043 -0.0587798 0.0584427 0.996559 
-0.00732968 -0.00360566 0.999967 0.00574147 -0.0123254 0.999908 -0.00367491 -0.00199266 0.999991 
0.000631231 -0.00298835 0.999995 0.00319168 -0.00251331 0.999992 0.00108287 -0.00131259 0.999999 
0.00211153 -0.0020342 0.999996 0.0032784 -0.00322175 0.999989 0.000383232 -0.00362371 0.999993 
-0.00218203 -0.00712259 0.999972 0.00136081 -0.00577488 0.999982 0.00348731 -0.00267667 0.99999 
0.000857084 -0.00350096 0.999994 0.00547735 -0.0108273 0.999926 0.0236954 -0.0261277 0.999378 
-0.00201145 -0.0353053 0.999375 -0.0282368 -0.0453941 0.99857 -0.0149609 -0.0530768 0.998478 
0.0307789 -0.0427513 0.998612 0.00800406 -0.0261568 0.999626 0.0137922 -0.0139196 0.999808 
0.0442245 -0.0153655 0.998903 0.0389724 -0.0115704 0.999173 -0.0272529 -0.00708022 0.999604 
-0.00552545 -0.00841143 0.999949 0.00352044 -0.00767809 0.999964 -0.129145 -0.00166542 0.991624 
-0.116585 -0.0439823 0.992206 -0.0474251 -0.00529366 0.998861 0.000526983 -0.00613904 0.999981 
0.00365873 -0.0032879 0.999988 -0.00430902 -0.000452605 0.999991 0.00472754 -0.00607561 0.99997 
0.00183671 -0.00235777 0.999996 0.00185567 -0.000983773 0.999998 0.0035182 -0.000695284 0.999994 
-0.00122194 -0.000129777 0.999999 -0.00391232 -0.00564376 0.999976 0.00427823 -0.00548396 0.999976 
0.00575723 -0.00193205 0.999982 -0.000672525 -0.00105146 0.999999 -0.00476044 -0.00561625 0.999973 
0.00307535 -0.0305214 0.999529 -0.0039274 -0.0481042 0.998835 -0.0240094 -0.0360552 0.999061 
-0.00711642 -0.0161083 0.999845 0.0434644 -0.000803298 0.999055 0.0199553 0.0135228 0.999709 
0.0161071 0.0247944 0.999563 0.0282528 0.00965098 0.999554 0.0280428 -0.0224279 0.999355 
-0.0327491 -0.0369318 0.998781 -0.00828805 -0.033405 0.999408 0.00199178 -0.0309322 0.99952 
-0.0227615 -0.0490044 0.998539 -0.000617464 -0.0376157 0.999292 -0.00970014 -0.0171479 0.999806 
0.00527133 -0.00701527 0.999961 0.0102424 -0.00361977 0.999941 -0.00937505 -0.000711284 0.999956 
0.00429055 -0.0083599 0.999956 0.00393815 -0.00320011 0.999987 0.00241386 -0.000322907 0.999997 
0.00395555 0.000854227 0.999992 -0.00245563 0.00102924 0.999996 -0.00825692 -0.00409761 0.999958 
0.00611585 -0.00677826 0.999958 0.00737041 -0.0052669 0.999959 -0.000777896 -0.00553377 0.999984 
-0.0101034 -0.00550319 0.999934 -0.018207 -0.015536 0.999714 -0.0094399 -0.0307658 0.999482 
-0.0106935 -0.0292977 0.999514 0.00443795 -0.0048492 0.999978 0.0479442 0.00159988 0.998849 
0.0256322 2.20818e-05 0.999671 0.0162335 0.00607494 0.99985 0.00629888 -0.00158997 0.999979 
-0.0153349 -0.0283979 0.999479 -0.0417272 -0.0444142 0.998141 -0.0102427 -0.0481385 0.998788 
0.000547667 -0.049876 0.998755 0.000969949 0.011867 0.999929 -0.000258025 0.0102254 0.999948 
0.00278011 0.0109252 0.999936 0.00565925 0.00547304 0.999969 0.010952 -0.00647198 0.999919 
-0.00608801 0.00808895 0.999949 -0.00396894 0.0157853 0.999867 0.00734854 -0.00170418 0.999972 
0.00302333 -0.000916635 0.999995 0.00383305 -0.00249963 0.99999 -0.00111338 -0.00112331 0.999999 
-0.0115251 0.00342616 0.999928 0.00290979 0.00891422 0.999956 0.00856496 -0.00549185 0.999948 
-0.000533512 -0.00868651 0.999962 -0.00878676 -0.00907683 0.99992 -0.0255703 -0.0101255 0.999622 
-0.0159923 -0.0169286 0.999729 -0.00845554 -0.0285839 0.999556 0.00815087 -0.0232134 0.999697 
0.0482468 -0.0165869 0.998698 0.0268509 -0.0149148 0.999528 0.0171148 -0.0139528 0.999756 
0.00272648 -0.0172683 0.999847 -0.0319049 -0.0233397 0.999218 -0.0569726 -0.0277271 0.997991 
-0.0184108 -0.0319495 0.99932 -0.00583081 -0.0350463 0.999369 0.00339019 0.00291859 0.99999 
-2.92285e-05 0.00232687 0.999997 0.00191151 0.00283519 0.999994 0.000883073 -7.50724e-05 1 
0.00643133 -0.0219569 0.999738 0.0174703 0.00720597 0.999821 -0.0100411 0.121385 0.992555 
0.00191073 0.0298951 0.999551 0.00175754 0.00756782 0.99997 0.00307833 -0.0106017 0.999939 
-0.00174542 -0.0203009 0.999792 0.0034783 0.0152338 0.999878 -0.00362805 0.0988259 0.995098 
1.14275e-05 0.0181626 0.999835 -0.00206539 -0.00689193 0.999974 -0.0102833 -0.0094683 0.999902 
-0.0254538 -0.00879427 0.999637 -0.0181706 -0.00872452 0.999797 -0.0120293 -0.0173926 0.999776 
0.0147025 -0.0413442 0.999037 0.0491021 -0.0390693 0.998029 0.0276647 -0.0227156 0.999359 
0.0167616 -0.018337 0.999691 0.000398838 -0.0135542 0.999908 -0.0359769 -0.00340874 0.999347 
-0.0625742 0.00280178 0.998036 -0.0407702 -0.00299325 0.999164 -0.0728738 -0.0102858 0.997288 
0.00330308 0.000234262 0.999995 0.000950446 -0.00198184 0.999998 0.00184669 0.000275444 0.999998 
9.32148e-05 -0.00329881 0.999995 0.00276176 -0.00964351 0.99995 0.0301968 0.0180827 0.99938 
0.000656173 0.206347 0.978479 -0.00972398 0.0459351 0.998897 0.00162415 0.00421955 0.99999 
0.00151964 -0.00470273 0.999988 -0.000860974 -0.0189593 0.99982 0.0121949 0.0114823 0.99986 
0.00439038 0.196443 0.980505 -0.0153035 0.050625 0.9986 -0.00220892 -0.00407462 0.999989 
-0.00878941 -0.00524764 0.999948 -0.0259883 -0.00549796 0.999647 -0.0186516 -0.00529528 0.999812 
-0.0134832 -0.00823352 0.999875 0.00852802 -0.0156241 0.999842 0.0522286 -0.0137311 0.998541 
0.0302112 -0.00818932 0.99951 0.0177502 -0.00519542 0.999829 0.0033084 -0.00540229 0.99998 
-0.0310028 -0.00409027 0.999511 -0.0641905 0.000437487 0.997938 -0.034117 0.00484791 0.999406 
-0.0543984 0.0179518 0.998358 0.00349455 -0.00729154 0.999967 0.00183572 -0.0102333 0.999946 
0.00229632 -0.00577545 0.999981 -0.000218607 -0.00674052 0.999977 0.00180639 -0.00492714 0.999986 
0.0336528 -0.0133441 0.999345 0.0189749 0.439897 0.897848 -0.024719 0.171906 0.984803 
0.00205274 -0.0105889 0.999942 0.000763805 -0.00457152 0.999989 -0.000623427 -0.0163772 0.999866 
0.0148635 -0.0581053 0.9982 0.0231182 0.423429 0.905634 -0.0349916 0.230244 0.972504 
-0.00208186 -0.00151094 0.999997 -0.00770534 -0.00215111 0.999968 -0.0265007 -0.0024389 0.999646 
-0.019006 -0.00313604 0.999814 -0.0142194 -0.0045214 0.999889 0.00469428 -0.0189252 0.99981 
0.0539551 -0.0142845 0.998441 0.0319699 -0.00716345 0.999463 0.0184964 -0.0044456 0.999819 
0.00499242 -0.00171774 0.999986 -0.0293064 -0.00443783 0.999561 -0.0654697 -0.0169149 0.997711 
-0.0342199 -0.0251345 0.999098 -0.00522601 -0.0207848 0.99977 -0.171531 0.000850012 0.985178 
-0.171367 0.00402704 0.985199 0.226487 0.00106823 0.974014 0.226441 0.00287338 0.974021 
-0.170992 0.00308768 0.985268 0.225966 0.00317676 0.97413 -0.170711 0.00292942 0.985317 
0.225192 0.00188997 0.974313 -0.169429 0.00666495 0.98552 0.223841 0.00447357 0.974615 
-0.166131 0.0103214 0.98605 0.219688 0.00847955 0.975533 -0.158365 0.0242215 0.987084 
0.212147 0.0175011 0.977081 -0.134787 0.0576733 0.989195 0.193236 0.0472119 0.980016 
-0.107776 0.0223108 0.993925 0.148441 0.0462517 0.987839 -0.119736 -0.0635509 0.99077 
0.135135 -0.0346345 0.990222 -0.150936 -0.0676993 0.986223 0.16943 -0.0949055 0.980962 
-0.115034 0.230956 0.96614 0.193003 0.134134 0.971987 -0.00102723 0.00289475 -0.999995 
-0.000612615 0.00120098 -0.999999 -0.439057 0.000843964 -0.898459 -0.431106 0.00232486 -0.902299 
0.00223343 0.00124506 -0.999997 0.000952372 0.00213922 -0.999997 0.98984 0.00268222 -0.14216 
0.989796 0.000849549 -0.142486 -0.00106743 0.00359443 -0.999993 -0.428865 0.00321986 -0.903363 
0.000296634 0.0036405 -0.999993 0.990123 0.0052979 -0.140104 -0.000137829 0.0197438 -0.999805 
0.000275644 0.0197637 -0.999805 -0.969252 0.00383349 -0.246042 -0.966695 0.00946563 -0.255755 
0.988166 0.00181017 -0.15338 0.986858 0.00469616 -0.161519 -0.965698 0.013425 -0.25932 
0.986159 0.00605352 -0.16569 -0.974344 0.0309765 -0.22292 -0.966751 0.0211537 -0.254845 
0 0.133609 -0.991034 0.987063 0.00612312 -0.160216 -0.966003 0.0227643 -0.257526 
-0.956754 0.0111993 -0.290684 0 0.128848 -0.991664 0.983391 0.012595 -0.181062 
-0.961006 0.0334317 -0.274498 -0.95036 0.0416425 -0.308355 0 0.123836 -0.992303 
0.980926 0.020601 -0.193287 -0.9564 0.0813758 -0.280494 -0.922811 0.0878758 -0.375097 
0 0.295659 -0.955294 0.976903 0.0507911 -0.207561 -0.875408 0.170246 -0.452413 
0 0.352196 -0.935926 -0.950743 0.0149994 -0.309616 -0.963344 0.0232612 -0.267257 
0.976923 0.00801566 -0.213442 0.982593 0.0120633 -0.185378 -0.963112 0.0189409 -0.268432 
0.981976 0.00790274 -0.188842 -0.967422 0.0145603 -0.252751 0.98354 0.00708095 -0.180554 
-0.964824 0.00930265 -0.262732 0.982901 0.00652593 -0.184017 -0.960933 0.0432895 -0.273374 
0.982325 0.0283457 -0.185027 -0.966633 0.0997192 -0.235959 0.983637 0.0602314 -0.169794 
-0.948632 0.146726 -0.2803 0 0.409356 -0.912375 0 0 -1 
-0.34736 -0.318079 -0.882137 -0.371938 0.184826 -0.909671 0.42725 -0.196151 -0.8826 
0.273457 0.266456 -0.924241 -0.866979 -0.176124 -0.466185 -0.967052 -0.197484 -0.160654 
-0.95435 -0.193873 -0.227221 -0 -0.353417 -0.935466 0 -0.353417 -0.935466 
0.986572 -0.0714602 -0.146865 -0.00679188 0.967287 -0.253593 -0.00214514 0.964867 -0.262731 
-0.995542 0.0330162 -0.0883492 -0.997213 0.0318983 -0.0674389 0.997341 0.021217 -0.0697185 
0.998202 0.0163047 -0.057686 -0.996617 0.0218865 -0.0792185 0.997929 0.00894482 -0.0637062 
-0.997145 0.01403 -0.0741954 0.99813 0.00688686 -0.0607322 -0.99558 0.00685025 -0.0936716 
0.99781 0.00564412 -0.0659039 -0.992327 0.0495248 -0.113288 0.996702 0.0319182 -0.074604 
-0.986813 0.104786 -0.123367 0.994331 0.069457 -0.0805127 -0.979995 0.154203 -0.125823 
0 0.821319 -0.570469 -0.279019 -0.307769 -0.90963 -0.421056 -0.00157328 -0.907033 
0.430979 -0.00894189 -0.902318 -0.173927 0.277482 -0.944856 -0.977333 -0.199884 -0.0697617 
-0.976919 -0.199851 -0.0754277 0 -0.930213 -0.367019 0.981643 -0.172885 -0.0805493 
-0.720851 0.690689 -0.0576407 -0.00290326 0.995747 -0.0920867 -0.98266 0.0220579 0.184101 
-0.994091 0.0240362 0.105859 0.994507 0.0126616 0.103901 0.998712 0.0110008 0.0495239 
-0.993426 0.022038 0.112335 0.997682 0.00936512 0.0674045 -0.995603 0.0120438 0.0928995 
0.997801 0.00657101 0.065948 -0.99962 0.0048233 0.0271444 0.998625 0.00485569 0.0521963 
-0.997903 0.0533426 -0.0366554 0.999424 0.0338244 -0.00270052 -0.989983 0.104338 -0.0951203 
0.995336 0.074864 -0.0608343 -0.982771 0.15852 -0.095043 0 0.856187 -0.516666 
0.102627 -0.257665 -0.960769 -0.440969 -0.0987679 -0.892071 0.373831 0.0671822 -0.92506 
-0.116507 0.266183 -0.956856 -0.978386 -0.195752 -0.0666416 -0.978905 -0.198424 -0.0487125 
0 -0.946646 -0.322275 0.982055 -0.174418 -0.0717406 -0.723087 0.690397 -0.0223006 
-0.00363187 0.999224 -0.0392133 -0.845676 0.000313618 0.533696 -0.845702 0.000834127 0.533655 
-0.000364035 0.000267476 1 -0.000334616 0.000965595 0.999999 -0.845756 0.00052524 0.533569 
-0.000277076 0.00108549 0.999999 -0.845095 0.00183697 0.534612 -0.000215585 0.00103464 0.999999 
-0.839956 0.00538994 0.542627 -0.000230187 0.00140213 0.999999 -0.830795 0.00851339 0.556513 
-0.000651674 0.00257054 0.999996 -0.818488 0.0174874 0.574258 -0.00120172 0.00399055 0.999991 
-0.791291 0.0275871 0.610817 -0.0042619 0.00927331 0.999948 -0.7669 0.00920267 0.641701 
-0.00981134 0.00766203 0.999923 -0.775131 -0.013697 0.631652 -0.00932307 -0.00203451 0.999954 
-0.804556 -0.00982054 0.593795 -0.00470686 -0.00834158 0.999954 -0.696934 0.529183 0.483992 
-0.00185899 -0.00619709 0.999979 -0.00164194 -0.0129857 0.999914 0.856698 0.425188 0.292033 
0.859086 0.42452 0.285925 -0.00156785 -0.000474054 0.999999 -0.973377 0.00143884 -0.229205 
-0.9735 0.00496338 -0.228633 -0.974139 0.0101307 -0.225722 -0.973579 0.00744357 -0.228228 
0 0.175834 -0.98442 0.990366 0.00447524 -0.1384 0.988389 0.0167064 -0.151022 
0 0.0775412 -0.996989 0.984877 0.014056 -0.172684 0 0.206393 -0.978469 
0.984411 0.0296343 -0.17337 0 0.295659 -0.955294 0.97314 0.068065 -0.219923 
0 0.352196 -0.935926 0.962054 0.0944082 -0.256006 0 0.548117 -0.836402 
0.983682 0.0959928 -0.15217 0 -0.353417 -0.935466 0 -0.353417 -0.935466 
0.970813 -0.156688 -0.18158 0.919598 0 -0.392861 -0.0241434 0.872938 -0.487234 
-0.716341 0.687304 -0.120285 -0.000961595 0.865034 -0.501712 0.80302 0.584519 -0.116175 
0 0.83008 -0.557644 0.992384 0.102384 -0.0684963 0.435189 -0.302221 -0.8481 
0.443203 -0.302249 -0.843929 0.442641 0.266375 -0.85622 0 -0.928054 -0.372445 
0 -0.928054 -0.372445 0 -0.934465 -0.356055 0.983004 -0.167417 -0.0753306 
-0.722363 0.689809 -0.0485331 -0.718707 0.692384 -0.0637529 -0.00351487 0.997233 -0.0742601 
0.804442 0.590361 -0.0659324 0.797938 0.600142 -0.0558969 0 0.856187 -0.516666 
0.992827 0.102367 -0.0617735 -0 -0.946646 -0.322275 0.982629 -0.173657 -0.065451 
-0.723166 0.690321 -0.0220693 -0.00379775 0.999461 -0.0326219 0.795494 0.60444 -0.0429122 
0.791583 0.610421 -0.0279865 -0.00885506 0.039523 0.999179 0.00820092 0.0463712 0.998891 
0.00902272 0.0262048 0.999616 0.0153479 0.0263722 0.999534 0.019385 0.0395549 0.999029 
0.113942 0.0248826 0.993176 0.0996897 -0.0722361 0.992393 0.11398 0.0655068 0.991321 
0.108673 0.0527476 0.992677 0.035166 0.00458809 0.999371 -0.0185439 -0.0278363 0.99944 
0.0307654 -0.000599993 0.999526 -0.0289135 -0.140624 0.989641 -0.0133329 -0.19308 0.981092 
-0.0159341 -0.192983 0.981073 0.00268316 -0.19471 0.980857 0.0192394 -0.00033681 0.999815 
0.0155604 0.00165944 0.999878 0.00174939 -0.000944732 0.999998 0.000714399 0.00390961 0.999992 
0.0116105 0.000538723 0.999932 0.0145864 0.00789653 0.999862 0.0226535 -0.000138439 0.999743 
0.0194676 0.0109421 0.999751 0.0164161 -0.000100321 0.999865 0.0185494 0.00309823 0.999823 
0.00489889 -0.000278075 0.999988 0.00651567 4.52197e-05 0.999979 0.00295541 -0.000283493 0.999996 
0.00265366 0.00172888 0.999995 0.00246437 -0.000250109 0.999997 0.00265753 0.00196749 0.999995 
0.00127002 -0.000166396 0.999999 0.00150467 0.00240758 0.999996 -0.000312527 -2.63254e-05 1 
-3.95817e-05 0.00332504 0.999994 -0.00214099 3.63046e-05 0.999998 -0.00177877 0.00340741 0.999993 
-0.00367051 6.21587e-05 0.999993 -0.00355036 0.00355337 0.999987 -0.00327304 5.41761e-05 0.999995 
-0.00344608 0.00366583 0.999987 -0.00340547 5.5134e-05 0.999994 -0.00334137 0.00318153 0.999989 
-0.00302056 7.42074e-05 0.999995 -0.00314293 0.0027729 0.999991 -0.00395222 0.000139242 0.999992 
-0.00363606 0.00164674 0.999992 -0.00371891 0.000279643 0.999993 -0.0040163 0.00148789 0.999991 
-0.0029227 0.000305472 0.999996 -0.00291734 0.00139153 0.999995 -0.833152 0.00205278 0.553041 
-0.833174 0.000456882 0.553011 0.950941 0.000201291 0.309371 0.953738 0.000121168 0.300639 
0.950951 -4.37906e-05 0.309341 0.954789 0.000776381 0.297285 0.00144768 -0.000109672 0.999999 
0.00152336 0.00071918 0.999999 0.00140384 -0.000191231 0.999999 0.00139243 0.00092365 0.999999 
0.0031898 0.000179931 0.999995 0.00276241 0.00102564 0.999996 0.00366129 0.000929827 0.999993 
0.00396494 0.00177123 0.999991 0.00264507 0.000142134 0.999996 0.00161687 0.000494717 0.999999 
0.000817571 0.000125417 1 0.00111343 -0.000557126 0.999999 -0.0033318 -0.000149011 0.999994 
-0.00424371 -0.000930282 0.999991 0.0151406 0.0157802 0.999761 -0.000362258 0.0170703 0.999854 
0.0159926 0.014862 0.999762 0.0186597 0.0125792 0.999747 0.0148815 0.00404042 0.999881 
0.0061801 -0.000366393 0.999981 0.00311207 0.00156552 0.999994 0.00264874 0.00210704 0.999994 
0.00156401 0.00259349 0.999995 -3.09942e-05 0.00334787 0.999994 -0.00184538 0.00395701 0.99999 
-0.00358163 0.00427651 0.999984 -0.00347364 0.00417736 0.999985 -0.0035146 0.00399743 0.999986 
-0.00329049 0.00336054 0.999989 -0.00399119 0.00285772 0.999988 -0.00386312 0.00212111 0.99999 
-0.00271945 0.00227164 0.999994 -0.83303 0.00376643 0.553215 0.950868 0.000355742 0.309595 
0.954209 0.00118864 0.299138 0.00154978 0.000169842 0.999999 0.00154521 0.000692009 0.999999 
0.0027468 0.000893364 0.999996 0.00404063 -1.29798e-05 0.999992 -0.000619328 0.000124629 1 
-0.000865366 -0.000472996 1 -0.00959807 -0.000717607 0.999954 0.0111604 0.0118535 0.999867 
0.000177771 0.0112179 0.999937 0.0143234 0.00922748 0.999855 0.0134506 0.00686382 0.999886 
0.0121603 0.000462647 0.999926 0.00661907 -0.000929767 0.999978 0.00419019 0.00104626 0.999991 
0.00289744 0.0022048 0.999993 0.00172494 0.00268582 0.999995 0.000157087 0.00296254 0.999996 
-0.00160729 0.00318774 0.999994 -0.003351 0.00357636 0.999988 -0.00345575 0.00393678 0.999986 
-0.00347424 0.00407496 0.999986 -0.00349106 0.0041463 0.999985 -0.00417141 0.00356136 0.999985 
-0.00425133 0.00305062 0.999986 -0.00261638 0.00255442 0.999993 -0.832584 -0.0012816 0.553897 
0.950612 0.000462849 0.310382 0.954638 -0.00104238 0.297766 0.00165945 0.000701336 0.999998 
0.0017684 0.000956354 0.999998 0.00206294 0.00114216 0.999997 0.00330423 -0.000131024 0.999995 
5.409e-05 -0.000563291 1 -0.000135522 -0.000491769 1 -0.00193656 -0.000357952 0.999998 
0.0047858 0.00365544 0.999982 0.000225291 0.00274231 0.999996 0.0096179 0.00116337 0.999953 
0.00965067 0.000225538 0.999953 0.0100381 -0.00122104 0.999949 0.00866939 -0.000386039 0.999962 
0.00608192 0.0016793 0.99998 0.00340506 0.0026971 0.999991 0.00198121 0.00321912 0.999993 
0.000226845 0.00352582 0.999994 -0.00151135 0.00353162 0.999993 -0.00302003 0.00360823 0.999989 
-0.00314709 0.00384601 0.999988 -0.00319664 0.00408543 0.999987 -0.00343543 0.00438401 0.999985 
-0.00442798 0.0044759 0.99998 -0.00489249 0.00421115 0.999979 -0.0031081 0.00380651 0.999988 
-0.831199 0.00553082 0.555948 0.951766 -0.000820604 0.306825 0.95349 0.00264836 0.301412 
0.00196912 0.00225152 0.999996 0.00201616 0.00249543 0.999995 0.00190779 0.00271999 0.999994 
0.0012631 0.0024226 0.999996 -0.000374653 0.00219007 0.999998 -0.000325132 0.00178276 0.999998 
0.0016977 0.00148852 0.999997 0.00220646 0.00273764 0.999994 0.000184773 0.00338572 0.999994 
0.00508173 0.0024916 0.999984 0.00846563 0.00119343 0.999963 0.0107691 0.00131604 0.999941 
0.0114525 0.00247499 0.999931 0.00747238 0.00359607 0.999966 0.00382013 0.00354889 0.999986 
0.00237574 0.0036131 0.999991 0.000453985 0.00407891 0.999992 -0.00141542 0.00424857 0.99999 
-0.00292246 0.00434725 0.999986 -0.0028831 0.00454806 0.999986 -0.00281055 0.00474781 0.999985 
-0.0031228 0.00523793 0.999981 -0.00422908 0.00524953 0.999977 -0.00554024 0.0053738 0.99997 
-0.00372781 0.00478984 0.999982 -0.823324 0.0140327 0.567398 0.949583 0.00340767 0.313496 
0.950662 0.00736964 0.310142 0.00221623 0.00478374 0.999986 0.00219802 0.00454112 0.999987 
0.00234071 0.00447945 0.999987 0.00133084 0.00469342 0.999988 -0.0010338 0.00504152 0.999987 
-0.000495903 0.00479839 0.999988 0.00129934 0.00462005 0.999988 0.000866461 0.00563028 0.999984 
-7.54979e-05 0.00594486 0.999982 0.00329265 0.00546926 0.99998 0.00770131 0.00480559 0.999959 
0.0115282 0.00464495 0.999923 0.0123716 0.00439487 0.999914 0.00711974 0.00371504 0.999968 
0.00349453 0.00319265 0.999989 0.00251754 0.00334965 0.999991 0.000819478 0.00377948 0.999993 
-0.00108442 0.00424261 0.99999 -0.00253018 0.00471907 0.999986 -0.00244203 0.00511995 0.999984 
-0.0023003 0.00545465 0.999982 -0.00250596 0.0060582 0.999978 -0.00381044 0.00665769 0.999971 
-0.0060518 0.00709885 0.999956 -0.00493689 0.0066368 0.999966 -0.814579 0.0172832 0.579795 
0.946775 0.00349873 0.321878 0.947683 0.00853259 0.319099 0.00183495 0.00688492 0.999975 
0.00188014 0.00638302 0.999978 0.0023693 0.00597322 0.999979 0.00216758 0.00594961 0.99998 
-0.00107861 0.00604152 0.999981 -0.000878553 0.00605005 0.999981 0.000880125 0.00607991 0.999981 
0.000193825 0.000765815 1 -0.000107288 -0.000856717 1 0.00371231 0.000404256 0.999993 
0.00775431 0.00228857 0.999967 0.0106499 0.00298936 0.999939 0.0106829 0.00222773 0.99994 
0.00596834 0.00116606 0.999982 0.0036485 0.00128783 0.999992 0.00291489 0.0022099 0.999993 
0.0013082 0.00280602 0.999995 -0.000561199 0.00337986 0.999994 -0.00157299 0.00402477 0.999991 
-0.00158904 0.00471629 0.999988 -0.00162539 0.00524506 0.999985 -0.00166442 0.00587881 0.999981 
-0.00280773 0.00661507 0.999974 -0.00565147 0.0074244 0.999956 -0.00568941 0.00755972 0.999955 
-0.798461 0.0335506 0.601111 0.941659 0.00628278 0.336511 0.94103 0.0175481 0.337868 
0.00115778 0.00822395 0.999965 0.00135885 0.00769545 0.999969 0.00182077 0.00716827 0.999973 
0.00207181 0.00669573 0.999975 -0.00169384 0.00675842 0.999976 -0.00213458 0.00649832 0.999977 
0.000937739 0.00630381 0.99998 0.00505694 -0.00697877 0.999963 -0.000199172 -0.00850969 0.999964 
0.00888319 -0.00462975 0.99995 0.0125645 -0.0012141 0.99992 0.0108415 0.00149723 0.99994 
0.00950302 0.000694092 0.999955 0.00695756 0.00142597 0.999975 0.00437961 0.00320411 0.999985 
0.00317725 0.00301634 0.99999 0.00148566 0.00200132 0.999997 0.000220363 0.00212608 0.999998 
-0.000336605 0.00314848 0.999995 -0.00027674 0.00410174 0.999992 -0.000524752 0.00503832 0.999987 
-0.000867191 0.00604567 0.999981 -0.00197551 0.00658326 0.999976 -0.00544027 0.00672112 0.999963 
-0.00569054 0.00668048 0.999961 -0.768612 0.0307269 0.638977 0.930468 0.010034 0.366235 
0.931576 0.0172551 0.363138 0.000957838 0.00927734 0.999956 0.000890157 0.00929338 0.999956 
0.00067523 0.00848918 0.999964 0.00082133 0.00729187 0.999973 -0.00239451 0.00659771 0.999975 
-0.00308504 0.00670003 0.999973 0.000983431 0.00685233 0.999976 0.0181161 0.0222942 0.999587 
0.00335116 0.0341359 0.999412 0.0172455 0.0330922 0.999304 0.0177711 0.0262553 0.999497 
0.0115667 0.0231544 0.999665 0.00650789 0.0159628 0.999851 0.00751842 0.0117415 0.999903 
0.00496885 0.00707858 0.999963 0.00256875 0.00370836 0.99999 0.000420384 0.00167548 0.999999 
0.000616231 0.000903871 0.999999 0.00119476 0.00219974 0.999997 0.00142442 0.00365264 0.999992 
0.00104543 0.00500143 0.999987 0.000352153 0.00713768 0.999974 -0.00110366 0.00845921 0.999964 
-0.00627557 0.00999599 0.99993 -0.00750552 0.00788159 0.999941 -0.758329 -0.0121877 0.651758 
0.926793 0.00195472 0.375567 0.931595 -0.00846666 0.363399 0.0021482 0.00986677 0.999949 
0.000575781 0.0107848 0.999942 -0.00163128 0.00844751 0.999963 -0.00347251 0.00477902 0.999983 
-0.00557485 0.0021152 0.999982 -0.00479014 0.00247839 0.999985 0.00105736 0.00293885 0.999995 
0.0276281 0.0691071 0.997227 0.0107433 0.0696674 0.997512 0.0182271 0.0611637 0.997961 
0.00789378 0.0512576 0.998654 0.00228838 0.0332513 0.999444 -0.00612662 0.0254954 0.999656 
-0.00167551 0.0126738 0.999918 -0.000320147 0.00521234 0.999986 6.86645e-05 0.00142008 0.999999 
-0.000152548 0.000813553 1 0.00165345 0.00209246 0.999996 0.00310912 0.0048788 0.999983 
0.00264665 0.00600743 0.999978 0.00219376 0.00592592 0.99998 0.00227983 0.00694932 0.999973 
0.00157909 0.0106566 0.999942 -0.00504059 0.0167885 0.999846 -0.00979273 0.0177247 0.999795 
-0.780663 -0.0532845 0.622676 0.936553 -0.0135298 0.350266 0.94043 -0.0328528 0.338396 
0.00525173 0.00597902 0.999968 -0.000108129 0.00840853 0.999965 -0.00783066 0.00472903 0.999958 
-0.0135436 -0.0033183 0.999903 -0.0115114 -0.00834808 0.999899 -0.00618978 -0.00845438 0.999945 
0.001047 -0.00808917 0.999967 0.00463212 0.0108199 0.999931 0.00256209 0.00190746 0.999995 
0.00383348 0.00248844 0.99999 -0.00774229 0.00672498 0.999947 -0.0104598 0.00256818 0.999942 
-0.0092734 0.000180967 0.999957 -0.00462804 0.000206165 0.999989 -0.00111478 -0.000828625 0.999999 
0.000894519 -0.000704758 0.999999 0.00171862 0.00188055 0.999997 0.004728 0.00559961 0.999973 
0.00501078 0.0100742 0.999937 0.00153288 0.0108206 0.99994 0.000386779 0.0090251 0.999959 
0.00302598 0.00742437 0.999968 0.00747186 0.00963391 0.999926 0.00976002 0.0229263 0.99969 
0.0212988 0.0369117 0.999092 -0.760831 0.321159 0.563908 0.917705 0.230816 0.323329 
0.911318 0.26516 0.314943 0.00502244 0.00547588 0.999972 -0.00173818 0.00211271 0.999996 
-0.0146583 -0.000934227 0.999892 -0.02436 -0.005936 0.999686 -0.0163897 -0.00858929 0.999829 
-0.00787796 -0.00950647 0.999924 0.000615373 -0.00999721 0.99995 0.00228501 -0.00824203 0.999963 
0.000785279 -0.00556348 0.999984 0.00227758 -0.00688976 0.999974 -0.00108607 -0.0090138 0.999959 
-0.00848018 -0.00671646 0.999941 -0.00567114 -0.00425545 0.999975 -0.00453573 -0.00093516 0.999989 
-0.00147406 0.00314542 0.999994 0.000247119 0.00420994 0.999991 0.00267359 0.00293322 0.999992 
0.00732703 0.00641003 0.999953 0.00966322 0.0135361 0.999862 0.00162658 0.0170522 0.999853 
-0.00155568 0.0163523 0.999865 0.00169653 0.0152579 0.999882 0.0100848 0.0128669 0.999866 
0.0293145 0.0187509 0.999394 0.0366586 0.0265153 0.998976 -0.308517 0.784224 0.538341 
-0.250002 0.800053 0.545356 -0.00144947 0.828013 0.560707 0.00111494 0.82843 0.560092 
-0.00812367 0.0129644 0.999883 0.000882297 0.00871213 0.999962 -0.00296321 0.0061204 0.999977 
-0.0160461 0.00484924 0.99986 -0.0316484 0.000436456 0.999499 -0.0246387 -0.00130717 0.999696 
-0.012821 -0.00346656 0.999912 -0.000836822 -0.00446971 0.99999 0.00302018 0.000222192 0.999995 
0.000921388 -0.000758667 0.999999 0.00295757 0.000742551 0.999995 -0.00341602 0.00242504 0.999991 
-0.010719 0.00163009 0.999941 -0.00678787 -0.00414386 0.999968 0.00139136 -0.00308607 0.999994 
0.00271301 0.00234075 0.999994 0.000289634 0.0055876 0.999984 0.00353927 0.00528374 0.99998 
0.0130081 0.00991863 0.999866 0.0162836 0.0180903 0.999704 0.00294056 0.0221168 0.999751 
-0.00220545 0.02321 0.999728 0.00167357 0.0244489 0.9997 0.0121239 0.0270546 0.99956 
0.0335158 0.0307453 0.998965 0.0319389 0.0227737 0.99923 0.0229203 0.000982771 0.999737 
0.00190059 -0.00211417 0.999996 -0.00986712 0.00624455 0.999932 -0.0032168 0.00266633 0.999991 
0.000838342 0.007281 0.999973 -0.0159197 0.0237524 0.999591 -0.0389475 0.0256148 0.998913 
-0.0363764 0.0253147 0.999017 -0.0218523 0.0213485 0.999533 -0.00293594 0.0184159 0.999826 
0.00377604 -0.000531327 0.999993 0.00119805 9.54667e-05 0.999999 0.004156 -0.000505284 0.999991 
-0.0014298 5.02224e-05 0.999999 -0.00790418 0.00407431 0.99996 -0.00716358 0.0106509 0.999918 
0.00280644 0.0134074 0.999906 0.00342955 0.0133781 0.999905 -0.000267311 0.0109593 0.99994 
0.0042233 0.00832943 0.999956 0.0160528 0.0127188 0.99979 0.0194826 0.0164296 0.999675 
0.0036681 0.0167461 0.999853 -0.00169109 0.0172093 0.99985 0.00321396 0.0183005 0.999827 
0.01494 0.0217063 0.999653 0.034904 0.0237648 0.999108 0.0216897 0.0151678 0.99965 
0.013431 -0.000776081 0.99991 0.006538 -0.00535836 0.999964 -0.00931526 0.00311335 0.999952 
-0.0102021 -0.0121464 0.999874 0.0102722 -0.0176333 0.999792 0.00503962 0.0190578 0.999806 
-0.024808 0.0595189 0.997919 -0.0322135 0.0859132 0.995782 -0.0239463 0.0805558 0.996462 
-0.00302148 0.0741538 0.997242 0.00317885 0.00546292 0.99998 0.00163561 0.00668073 0.999976 
0.00310001 0.0055471 0.99998 -0.000422393 0.00469656 0.999989 -0.00367751 0.0062613 0.999974 
-0.00106835 0.0116065 0.999932 0.00397822 0.0173075 0.999842 0.00276755 0.0175244 0.999843 
-0.00180964 0.0145706 0.999892 0.00440773 0.0114167 0.999925 0.0179073 0.0136647 0.999746 
0.0197963 0.0140304 0.999706 0.00306252 0.0129739 0.999911 -0.00134592 0.0126029 0.99992 
0.00348665 0.0114617 0.999928 0.0153264 0.0114713 0.999817 0.0311947 0.00638166 0.999493 
0.0127586 -0.00515976 0.999905 0.00257152 -0.0247986 0.999689 0.0150374 -0.0383947 0.99915 
-0.00376137 -0.0192908 0.999807 -0.0246878 -0.0240888 0.999405 0.010964 -0.039121 0.999174 
0.0514332 -0.0163337 0.998543 0.0370715 0.0544703 0.997827 0.0529328 0.0740322 0.99585 
-0.0011607 0.0940016 0.995571 0.00593405 0.10364 0.994597 0.0026326 0.024884 0.999687 
0.00196064 0.0292728 0.99957 0.00115315 0.0261325 0.999658 -0.00156008 0.0204204 0.99979 
-0.00266723 0.0170197 0.999852 0.00322864 0.0169526 0.999851 0.00586029 0.0199987 0.999783 
0.0018313 0.0186044 0.999825 -0.0031725 0.0154642 0.999875 0.00385964 0.0127697 0.999911 
0.0183152 0.0122188 0.999758 0.0187507 0.0107008 0.999767 0.00243704 0.00978464 0.999949 
-0.00137446 0.00960493 0.999953 0.00184453 0.0078648 0.999967 0.0123896 0.00356168 0.999917 
0.0244888 -0.00487473 0.999688 0.00555596 -0.0132964 0.999896 -0.011191 -0.0237943 0.999654 
0.0088621 -0.0498527 0.998717 0.0203315 -0.0492165 0.998581 -0.0247872 -0.020482 0.999483 
0.00428837 -0.022922 0.999728 0.0836559 -0.0354348 0.995864 0.111122 0.00791331 0.993775 
0.0198328 0.0389213 0.999045 0.00746621 0.0278031 0.999586 0.012121 0.0284737 0.999521 
0.0200704 -0.00348441 0.999793 -0.00183593 -0.0204732 0.999789 0.0122952 0.0121379 0.999851 
-0.00807251 0.0261614 0.999625 -0.0049191 0.0189393 0.999809 0.00541493 0.0210152 0.999765 
0.00484085 0.0244974 0.999688 -0.000404572 0.0182276 0.999834 -0.00420738 0.0139248 0.999894 
0.00256686 0.0118484 0.999927 0.0178999 0.0086412 0.999802 0.0180502 0.00829461 0.999803 
0.00221363 0.00886677 0.999958 -0.00136526 0.00816988 0.999966 -0.000319819 0.0061788 0.999981 
0.00678558 3.88727e-05 0.999977 0.0171295 -0.0140106 0.999755 0.00132088 -0.0221824 0.999753 
-0.0098035 -0.0121379 0.999878 0.00540051 0.0144015 0.999882 0.0301546 0.0428878 0.998625 
-0.00659178 0.0627812 0.998006 0.000756173 0.0714734 0.997442 0.0643787 0.0423206 0.997028 
0.156235 0.0306148 0.987245 0.0444468 0.0109386 0.998952 0.0385221 -0.0529099 0.997856 
-0.00604377 -0.0497058 0.998746 0.0457187 -0.0578389 0.997279 0.00462311 -0.038298 0.999256 
0.000622983 -0.0164761 0.999864 0.015363 0.00972229 0.999835 0.00434148 0.0222623 0.999743 
-0.00449081 0.0138312 0.999894 -0.00494818 0.00887468 0.999948 0.00115117 0.00919889 0.999957 
0.0187646 0.00804774 0.999792 0.0179161 0.0144788 0.999735 0.000750665 0.0108774 0.999941 
-0.00221602 0.00600152 0.99998 -0.00253829 0.00331393 0.999991 9.0599e-05 -0.00119133 0.999999 
0.00570659 -0.013406 0.999894 -0.00104071 -0.0189175 0.999821 0.00341468 -0.0166744 0.999855 
0.0413234 0.0105228 0.99909 0.0569261 0.0569496 0.996753 0.00291827 0.0761832 0.99709 
0.00137462 0.09194 0.995764 0.0434017 0.0753762 0.99621 0.00978625 -0.0290115 0.999531 
0.000122657 -0.0219278 0.99976 0.0248922 -0.0407015 0.998861 0.00834057 -0.0636226 0.997939 
0.0295335 -0.0583867 0.997857 0.0476249 -0.010718 0.998808 0.00662604 0.0159847 0.99985 
-0.00966571 0.00674485 0.999931 -0.00547765 0.00177837 0.999983 0.00240145 0.00675253 0.999974 
0.0237649 0.0148592 0.999607 0.0181947 0.0283591 0.999432 -0.00884044 0.0152029 0.999845 
-0.00700475 0.00202849 0.999973 -0.0042444 -0.00308857 0.999986 -0.0039561 -0.00542195 0.999977 
-0.00125191 -0.0118442 0.999929 -0.000877527 -0.0139695 0.999902 0.00680622 -0.01183 0.999907 
0.0468225 -0.010296 0.99885 0.07936 -0.0226643 0.996588 0.0158724 -0.00911371 0.999833 
0.00299399 0.0102791 0.999943 -0.0107174 0.0032672 0.999937 -0.0319538 -0.0529358 0.998087 
-0.0987922 -0.0954056 0.990524 -0.0222419 -0.12138 0.992357 0.00152847 -0.132106 0.991234 
0.00131742 -0.00557056 0.999984 9.03988e-05 -0.0052358 0.999986 0.00186117 -0.0184447 0.999828 
-0.00248533 -0.0342929 0.999409 0.0283084 -0.0518326 0.998254 0.0798065 -0.0513404 0.995487 
0.0220586 -0.0104302 0.999702 -0.0156102 0.00433936 0.999869 -0.00685565 -0.00555923 0.999961 
0.0040298 -0.00587647 0.999975 0.0254663 0.00395846 0.999668 0.028397 0.0165573 0.99946 
-0.0229406 0.0121599 0.999663 -0.0158667 -0.00438384 0.999865 -0.00527973 -0.0111093 0.999924 
-0.00580909 -0.0110195 0.999922 -0.00399807 -0.0144859 0.999887 -0.00083026 -0.0147285 0.999891 
0.00541518 -0.0136566 0.999892 0.0334093 -0.0174426 0.99929 0.0803128 -0.0416886 0.995898 
0.027186 -0.0350745 0.999015 0.00782254 -0.0223 0.999721 -0.0178465 -0.0266578 0.999485 
-0.0646805 -0.0435666 0.996955 -0.131876 -0.0294003 0.99083 -0.0328044 -0.0287569 0.999048 
-0.00466239 -0.0327442 0.999453 0.00389866 0.0002496 0.999992 0.00121169 0.000290688 0.999999 
-0.0159889 -0.00384589 0.999865 -0.00655772 -0.0348698 0.99937 0.0216018 -0.0209531 0.999547 
0.0778124 -0.109277 0.990961 0.0360141 -0.120945 0.992006 -0.0114724 -0.0221231 0.999689 
-0.0081367 -0.0086485 0.999929 0.00612753 -0.0193126 0.999795 0.0262561 -0.0287826 0.999241 
0.0275841 -0.0803788 0.996383 -0.0249931 -0.0513934 0.998366 -0.016863 -0.0258407 0.999524 
-0.00516962 -0.0170176 0.999842 -0.00595692 -0.018797 0.999806 -0.00412604 -0.0159461 0.999864 
-0.000249495 -0.014063 0.999901 0.00655575 -0.0132218 0.999891 0.0348202 -0.0171599 0.999246 
0.0672197 -0.0313028 0.997247 0.0310642 -0.0254034 0.999195 0.0076899 -0.0198587 0.999773 
-0.0251681 -0.0238073 0.9994 -0.0663558 -0.0277128 0.997411 -0.0707609 0.00447253 0.997483 
-0.0382409 0.0271321 0.9989 -0.00853369 0.0295896 0.999526 0.00356804 -0.00200766 0.999992 
0.00306138 -0.00600598 0.999977 -0.0163509 -0.0024606 0.999863 -0.0116022 -0.0136565 0.999839 
0.0166413 -0.00696464 0.999837 0.0606197 -0.0717699 0.995577 0.0487171 -0.1117 0.992547 
-0.00252152 -0.0278819 0.999608 -0.00924735 -0.00397541 0.999949 0.00395322 -0.0062575 0.999973 
0.021632 -0.012632 0.999686 0.0262717 -0.08061 0.996399 -0.0157326 -0.0703916 0.997395 
-0.0157095 -0.0210561 0.999655 -0.00458574 -0.0023322 0.999987 -0.00596106 -0.00261313 0.999979 
-0.00477849 -0.00569445 0.999972 -0.000318123 -0.0075772 0.999971 0.00549741 -0.00936847 0.999941 
0.0298808 -0.00911131 0.999512 0.0679803 -0.0128699 0.997604 0.0342826 -0.0118325 0.999342 
0.0102046 -0.00989095 0.999899 -0.0216805 -0.0106395 0.999708 -0.0667162 -0.0132746 0.997684 
-0.0535253 -0.0167005 0.998427 -0.0337046 -0.0116654 0.999364 -0.00273442 -0.00396233 0.999988 
0.00433901 -0.0170146 0.999846 0.00402544 -0.0202191 0.999787 -0.0143892 -0.0151717 0.999781 
-0.014467 -0.00708133 0.99987 0.0147603 -0.00443992 0.999881 0.0515803 -0.0315787 0.998169 
0.0532069 -0.0723163 0.995962 0.00410226 -0.0248938 0.999682 -0.00997475 -0.0023105 0.999948 
0.00251713 -0.00239604 0.999994 0.0199958 -0.00737904 0.999773 0.0233102 -0.0661032 0.99754 
-0.0104457 -0.073392 0.997248 -0.0139621 -0.0230025 0.999638 -0.00410664 -0.00321555 0.999986 
-0.00599395 -0.0033382 0.999976 -0.00541289 -0.00365162 0.999979 -0.000438538 -0.00401574 0.999992 
0.00448149 -0.0043589 0.99998 0.0267314 -0.00699356 0.999618 0.0692772 -0.00734312 0.99757 
0.0366713 -0.00547675 0.999312 0.0121469 -0.00422155 0.999917 -0.018686 -0.00241946 0.999822 
-0.0672309 -0.000666047 0.997737 -0.0572606 -0.00792589 0.998328 -0.0308527 -0.0215003 0.999293 
0.00480835 -0.0256207 0.99966 -0.785479 0.000624438 0.618888 -0.73673 0.0028133 0.676181 
0.908652 0.000372935 0.417554 0.908643 0.00164033 0.41757 -0.759944 0.00391542 0.649976 
0.908654 0.00214959 0.417544 -0.743391 0.00191104 0.668854 0.90799 0.0010373 0.41899 
-0.736686 0.0151609 0.676066 0.907117 0.00929921 0.420776 -0.722387 0.017925 0.691256 
0.907752 0.0099443 0.41939 -0.722055 0.0279915 0.691269 0.908299 0.0163486 0.418003 
-0.717721 0.0524101 0.694356 0.909506 0.0319942 0.414457 -0.729899 0.0277772 0.68299 
0.912258 0.0156307 0.409317 -0.738663 -0.0481862 0.672351 0.911728 -0.0325368 0.409504 
-0.749167 -0.0631863 0.659361 0.909678 -0.0379925 0.413573 -0.687152 0.162743 0.708051 
0.894441 0.26473 0.360406 -0.318115 0.729559 0.60543 0.0069722 0.738965 0.673708 
-0.0904723 0.000672823 0.995899 -0.0903298 0.00300357 0.995907 0.104902 0.000717237 0.994482 
0.104863 0.00195459 0.994485 -0.0898641 0.00315326 0.995949 0.104494 0.00314731 0.99452 
-0.0890346 0.00388835 0.996021 0.103674 0.0032108 0.994606 -0.0852425 0.0112272 0.996297 
0.101828 0.00801891 0.99477 -0.0779742 0.0118549 0.996885 0.0941102 0.0124443 0.995484 
-0.0673916 0.021359 0.997498 0.0843787 0.0160117 0.996305 -0.0443165 0.036629 0.998346 
0.0661047 0.0318266 0.997305 -0.0214239 0.0131402 0.999684 0.0341066 0.0277836 0.999032 
-0.0300018 -0.038746 0.998799 0.0223021 -0.0161489 0.999621 -0.0553503 -0.0400002 0.997665 
0.045448 -0.0575522 0.997307 -0.0487229 0.137398 0.989317 0.062048 0.0421783 0.997182 
-0.800163 0.000310999 0.599782 -0.800016 0.00227491 0.599975 0.00178083 -8.71717e-05 0.999998 
0.00174828 0.000719086 0.999998 -0.799334 0.00229785 0.600882 0.00170013 8.08919e-05 0.999999 
-0.801233 -0.0015555 0.59835 0.00183747 0.000573029 0.999998 -0.800485 0.00630108 0.59932 
0.00228018 0.00213338 0.999995 -0.789866 0.00579975 0.613252 0.002646 0.00531714 0.999982 
-0.775612 0.011292 0.631109 0.0020257 0.00732659 0.999971 -0.745285 0.0170066 0.666529 
0.000968437 0.0087601 0.999961 -0.718942 0.00324356 0.695063 0.00106748 0.00880798 0.999961 
-0.73165 -0.0116904 0.68158 0.00341165 0.00750464 0.999966 -0.768778 0.0032426 0.639508 
0.00880304 0.00199399 0.999959 -0.664885 0.545041 0.510742 0.000277741 0.0113202 0.999936 
0.0317231 0.0141877 0.999396 0.852386 0.431731 0.295038 0.855253 0.429263 0.290304 
-0.0103882 0.0088162 0.999907 0.859268 0.424608 0.285248 0.393269 0.858943 0.327958 
0.371906 0.830299 0.415078 0.318695 0.720976 0.615327 0.404063 0.808004 0.428792 
-0.839719 0.38159 0.386343 -0.458615 0.684642 0.566513 -0.246091 0.806774 0.537173 
-0.162805 0.694994 0.700341 -0.218336 0.762834 0.608616 -0.956472 0.115578 0.267959 
0.687556 0.104965 0.718505 0.644005 0.0962313 0.758944 -0.894756 0.0906355 0.437261 
0.346265 0.190409 0.91861 -0.9756 0.00992267 0.219333 -0.970994 0.0465524 0.234526 
-0.975294 -0.0278811 0.219146 0.327304 -0.499812 0.80191 0.567078 -0.760841 0.315507 
-0.829474 -0.483674 0.279343 -0.753108 -0.463524 0.466876 0.294321 -0.946173 0.134652 
0.0875884 -0.937293 0.337358 -0.911135 -0.376729 0.167058 0.394945 0.283524 0.873861 
0.231271 0.0754455 0.96996 0.198001 0.374048 0.906026 0.088408 0.469148 0.878683 
-0.272001 0.509348 0.816444 0.0456417 0.462508 0.885439 -0.230412 0.410748 0.882154 
-0.62942 0.267383 0.729614 0.349221 -0.096974 0.932009 0.232391 -0.0636225 0.970539 
0.19993 -0.284122 0.937712 0.206833 -0.483799 0.850388 0.0693879 -0.272283 0.959712 
-0.525391 -0.350115 0.775489 -0.322135 -0.383584 0.865501 -0.0258731 -0.386799 0.921801 
-0.380359 -0.346681 0.857403 -0.382926 -0.29158 0.876555 0.967402 0.00101096 0.253242 
0.948881 -4.04979e-05 0.315633 0.967385 0.000109465 0.253312 0.944079 0.000649767 0.329719 
-0.000269025 0.0005012 1 0.000183028 0.00632258 0.99998 -0.0010877 0.000679368 0.999999 
-0.000977895 0.00764131 0.99997 -0.00370559 0.000876089 0.999993 -0.00275444 0.00835119 0.999961 
-0.012447 0.000627663 0.999922 -0.010334 0.00978204 0.999899 -0.0184797 0.00067422 0.999829 
-0.0206999 0.00996402 0.999736 -0.011485 0.000897179 0.999934 -0.0122263 0.00761955 0.999896 
-0.00719988 0.00155005 0.999973 -0.00503045 0.00676397 0.999964 0.967634 0.00040737 0.252357 
0.946069 0.000277436 0.323966 0.000351597 -7.02643e-06 1 -0.000744548 0.00156487 0.999999 
-0.00210648 0.00334129 0.999992 -0.00853578 0.00749504 0.999936 -0.0215298 0.0108343 0.999709 
-0.0136152 0.0112144 0.999844 -0.00494103 0.0113985 0.999923 0.967541 -0.0004101 0.252714 
0.944344 0.000421969 0.328959 0.000426955 -0.00206616 0.999998 -0.000605012 -0.00199476 0.999998 
-0.00125377 -0.00186298 0.999997 -0.00246675 -0.000150707 0.999997 -0.0124092 0.00420441 0.999914 
-0.012665 0.00621167 0.999901 -0.00189602 0.00667326 0.999976 0.966895 -2.12979e-05 0.255174 
0.943311 0.00102598 0.33191 0.000695615 1.40267e-05 1 -0.000424524 0.000454882 1 
-0.000837267 0.000614049 0.999999 0.0013318 0.000854276 0.999999 0.00119635 0.0022649 0.999997 
-0.0061396 0.00341327 0.999975 -0.000857121 0.00391483 0.999992 0.965854 0.00064619 0.259085 
0.940658 0.00218095 0.339349 0.00161923 0.00311153 0.999994 0.000596446 0.0039337 0.999992 
-0.000121691 0.00480411 0.999988 0.00149663 0.00512464 0.999986 0.00358841 0.0054846 0.999979 
-0.00241801 0.00500233 0.999985 -0.00129089 0.00471107 0.999988 0.963891 0.00198246 0.266288 
0.937595 0.00499225 0.347694 0.00285305 0.00717126 0.99997 0.00162431 0.00747828 0.999971 
0.000810683 0.00757932 0.999971 0.00193904 0.00759547 0.999969 0.00251729 0.0073549 0.99997 
-0.0016643 0.0075132 0.99997 -0.00131322 0.0076552 0.99997 0.95947 0.00400084 0.281783 
0.930516 0.0104309 0.366101 0.00368603 0.0109551 0.999933 0.000868313 0.0102772 0.999947 
-0.000801126 0.00811905 0.999967 -0.000673042 0.00634539 0.99998 0.000745161 0.00518629 0.999986 
-0.00157244 0.00523879 0.999985 -0.000955625 0.00541578 0.999985 0.950502 0.00631802 0.310655 
0.91857 0.0131974 0.395038 0.00344394 0.0127203 0.999913 -0.00174078 0.0110645 0.999937 
-0.00572526 0.00708783 0.999959 -0.00626595 0.00359653 0.999974 -0.0033777 0.00163991 0.999993 
-0.00253606 0.00175487 0.999995 -0.000391394 0.00204717 0.999998 -0.00357746 0.0172663 0.999845 
0.0557717 -0.01622 0.998312 0.00601201 0.0206417 0.999769 -0.0123147 0.0160522 0.999795 
-0.0231008 0.0144653 0.999628 -0.020371 0.0111214 0.999731 0.94752 0.00354911 0.319678 
0.914509 -0.000724654 0.404565 0.00279197 0.0127592 0.999915 -0.00452018 0.00987335 0.999941 
-0.0123798 0.00316234 0.999918 -0.0153824 -0.0037428 0.999875 -0.00948998 -0.00993054 0.999906 
-0.00477427 -0.00869704 0.999951 0.000193109 -0.00732983 0.999973 0.0169092 -0.0172735 0.999708 
0.103274 -0.0442548 0.993668 -0.0185508 -0.00776152 0.999798 -0.0213344 0.00456661 0.999762 
0.954809 -0.00463921 0.297185 0.928017 -0.0206014 0.371969 0.00358517 -0.0032201 0.999988 
-0.00921584 -0.00162892 0.999956 -0.0238357 -0.00854932 0.999679 -0.0344977 -0.021877 0.999165 
-0.0302432 -0.0332955 0.998988 -0.0113186 -0.0356158 0.999301 -0.00206594 -0.035448 0.999369 
0.00889033 0.0136808 0.999867 0.0153483 0.279837 0.959925 0.00983257 0.00223955 0.999949 
0.00461939 0.281309 0.959606 0.0164042 0.251207 0.967794 -0.0160671 -0.00232084 0.999868 
-0.0264193 0.0821792 0.996267 0.00526948 -0.0362533 0.999329 -0.0104373 -0.0222936 0.999697 
0.934119 0.228936 0.273878 0.903206 0.257579 0.343324 0.00277754 -0.012297 0.999921 
-0.0100543 -0.0121752 0.999875 -0.0348771 -0.013239 0.999304 -0.059462 -0.0231668 0.997962 
-0.0574199 -0.0318749 0.997841 -0.0315912 -0.0359749 0.998853 -0.0109858 -0.0383546 0.999204 
0.00521453 -0.01387 0.99989 0.0073329 -0.014711 0.999865 -0.0220931 -0.015507 0.999636 
0.0717597 0.065186 0.99529 0.0613499 0.0586512 0.996392 0.0336592 0.0413155 0.998579 
-0.0749093 0.0865173 0.99343 0.0449639 0.0432376 0.998052 -0.112898 0.770664 0.627161 
0.0240934 0.842162 0.538685 0.00672195 0.798159 0.602409 0.00891738 0.845988 0.533127 
0.000600525 -0.00884929 0.999961 0.00346881 -0.00575927 0.999977 -0.00595599 0.000180073 0.999982 
-0.0354225 0.00220171 0.99937 -0.0777545 -0.00799699 0.99694 -0.0977946 -0.0163871 0.995072 
-0.0626874 -0.0229893 0.997768 -0.0546136 -0.0269594 0.998144 0.0323374 0.0646637 0.997383 
0.0690041 0.0468694 0.996515 0.0406437 0.0559563 0.997606 0.0115604 0.0697426 0.997498 
0.00177145 0.062808 0.998024 -0.00458657 0.0646968 0.997894 -0.00638019 0.0600918 0.998172 
-0.000682116 0.0597917 0.998211 0.00299929 0.0614824 0.998104 0.00514768 0.0632839 0.997982 
0.0319247 0.0660618 0.997305 0.059195 0.0698067 0.995803 0.0623565 0.0402009 0.997244 
0.055797 -0.015517 0.998322 0.0271243 -0.0263805 0.999284 0.00421269 -0.00754579 0.999963 
0.0148699 0.00235628 0.999887 0.0052112 0.0325339 0.999457 -0.0406703 0.0532809 0.997751 
-0.0995303 0.0438534 0.994068 -0.129693 0.0505666 0.990264 -0.097784 0.0418516 0.994327 
-0.133016 0.032712 0.990574 0.0574226 0.0583345 0.996644 0.0841427 0.054184 0.994979 
0.00389355 0.0514283 0.998669 -0.007546 0.0491527 0.998763 0.00285885 0.0467033 0.998905 
0.0249339 0.0505348 0.998411 0.0608527 0.0527856 0.99675 0.040524 0.0402865 0.998366 
0.033567 0.0104276 0.999382 0.0358024 -0.00581359 0.999342 -0.0114865 -0.0023296 0.999931 
0.039127 -0.0137401 0.99914 0.0343598 0.0671188 0.997153 -0.0169637 0.140542 0.989929 
-0.101617 0.176477 0.979045 -0.0271917 0.210901 0.977129 -0.0667186 0.217777 0.973715 
-0.114929 0.201989 0.972621 0.00326638 0.0334798 0.999434 0.0001213 0.0254905 0.999675 
0.00755005 0.0352802 0.999349 0.00119073 0.0248873 0.99969 -0.00244024 0.0267647 0.999639 
-0.00900053 0.0326406 0.999427 -0.00446113 0.0263069 0.999644 -0.0109404 0.0250894 0.999625 
-0.0123753 0.0234663 0.999648 0.0821486 0.0628084 0.994639 0.0407962 0.0443279 0.998184 
0.0363632 0.0422976 0.998443 0.0464027 0.0568271 0.997305 -0.00379379 0.0489691 0.998793 
-0.0108125 0.0407795 0.99911 0.00174256 0.0341419 0.999415 0.0241591 0.0331139 0.99916 
0.056582 0.0229529 0.998134 0.0271327 0.00513412 0.999619 0.0183489 -0.0143407 0.999729 
0.0481738 -0.022175 0.998593 -0.0202022 0.0217498 0.999559 0.0485392 0.0121887 0.998747 
0.0843694 0.0425537 0.995525 0.0871057 0.199698 0.975978 -0.0586244 0.327675 0.94297 
0.045284 0.340076 0.939307 0.124463 0.339062 0.932494 -0.0610718 0.361654 0.93031 
0.0180605 0.0032453 0.999832 0.00526066 -0.00697611 0.999962 -0.00971314 0.0052803 0.999939 
-0.0124182 0.0100471 0.999872 -0.0161813 0.0238362 0.999585 -0.0136183 0.0128292 0.999825 
-0.0179237 0.0197587 0.999644 0.00707217 0.0691665 0.99758 0.022572 0.067873 0.997439 
0.00827727 0.0563025 0.998379 -0.00267536 0.0520195 0.998643 -0.0179265 0.0597303 0.998054 
-0.0238241 0.0396041 0.998931 0.0676093 0.0636733 0.995678 0.0566789 0.0550544 0.996873 
0.0494958 0.0552061 0.997247 -0.0126696 0.047691 0.998782 -0.0179451 0.0372312 0.999146 
-0.00113251 0.0274459 0.999623 0.0190309 0.0232282 0.999549 0.0434621 0.0074976 0.999027 
0.0153102 -0.00768907 0.999853 0.0222531 0.00440803 0.999743 0.037741 0.0179096 0.999127 
0.0427552 -0.00140811 0.999085 0.0444879 0.0580598 0.997321 0.142204 0.108102 0.983917 
0.0203985 -0.0417812 0.998919 0.00793304 -0.041347 0.999113 0.00545808 -0.0453116 0.998958 
-0.00387706 -0.0181939 0.999827 -0.00678288 0.00633457 0.999957 -0.00606591 0.0186006 0.999809 
0.0279337 0.0240951 0.999319 0.032238 0.0444154 0.998493 0.0320669 0.0745622 0.996701 
0.00348387 0.0673273 0.997725 -0.0204219 0.0624164 0.997841 -0.0313675 0.0499139 0.998261 
0.06316 0.0567132 0.996391 0.0666342 0.0579741 0.996092 0.0446234 0.041031 0.998161 
-0.0179257 0.0408043 0.999006 -0.0265061 0.0342301 0.999062 -0.00515478 0.0244125 0.999689 
0.0128608 0.0192163 0.999733 0.0303442 0.00532733 0.999525 0.0105058 -0.000201369 0.999945 
0.0498613 0.0114538 0.99869 0.0543987 0.10386 0.993103 0.0128521 0.137155 0.990466 
0.0627622 0.103065 0.992693 0.145927 0.04706 0.988175 0.00300016 -0.330482 0.943808 
0.0971942 -0.313774 0.94451 0.0817833 -0.207748 0.974758 0.0583307 -0.111263 0.992078 
0.000775221 -0.0140844 0.999901 0.0922436 -0.100947 0.990606 -0.027145 -0.0320895 0.999116 
0.14591 -0.00675581 0.989275 0.0547647 0.0477998 0.997355 0.176191 0.00965675 0.984309 
0.00201382 0.0489089 0.998801 -0.0196545 0.0518863 0.99846 -0.037267 0.0596129 0.997526 
0.0224023 0.0627911 0.997775 0.0498196 0.0563432 0.997168 0.0329185 0.0262837 0.999112 
-0.0127104 0.0188506 0.999741 -0.0303795 0.0259078 0.999203 -0.00877648 0.0238069 0.999678 
0.00764058 0.0189136 0.999792 0.0207302 0.00829996 0.999751 0.0119927 0.00535592 0.999914 
0.0591213 0.00162999 0.998249 0.133248 0.00870183 0.991045 0.0306871 0.0997642 0.994538 
0.0255464 0.101402 0.994517 0.0684834 0.028032 0.997258 0.0866258 -0.12491 0.988379 
-0.140687 -0.270206 0.952468 0.0687808 -0.284013 0.95635 -0.212082 -0.263294 0.941115 
-0.000182978 -0.100593 0.994928 0.100979 -0.0514857 0.993555 0.16568 -0.0876473 0.982277 
0.000661859 0.0149239 0.999888 -0.0115816 0.0318355 0.999426 0.015616 0.0517956 0.998536 
0.0323369 0.020147 0.999274 0.0121923 -0.0483984 0.998754 0.00730967 -0.044304 0.998991 
-0.0201187 0.0069724 0.999773 -0.0103958 0.0213845 0.999717 0.00318526 0.0160682 0.999866 
0.0142937 0.00726291 0.999871 0.0131587 0.00619728 0.999894 0.0481274 0.00190114 0.998839 
0.118551 -0.0307603 0.992471 0.105021 -0.0560956 0.992887 0.0220685 -0.00310369 0.999752 
0.0258835 -0.00944982 0.99962 -0.0121765 -0.0760869 0.997027 -0.0702555 -0.177018 0.981697 
-0.135964 -0.136146 0.981314 -0.0876781 -0.193545 0.977166 -0.215943 -0.222747 0.950659 
0.148956 -0.151437 0.977179 0.084391 -0.200609 0.97603 0.0346196 -0.0382961 0.998667 
-0.000976385 0.0122158 0.999925 0.00856316 0.0412277 0.999113 0.00778618 -0.0274697 0.999592 
-0.0298819 -0.172237 0.984602 0.0445871 -0.18217 0.982256 0.0242494 -0.0388525 0.998951 
-0.00823828 0.0194671 0.999777 -0.00242946 0.00665148 0.999975 0.0104567 -0.00898983 0.999905 
0.0142208 -0.00995782 0.999849 0.0361574 -0.00216707 0.999344 0.093746 -0.0233313 0.995323 
0.116352 -0.0548291 0.991694 0.0445184 -0.0268622 0.998647 0.0244859 -0.012359 0.999624 
-0.0265084 -0.0118587 0.999578 -0.103665 -0.0244393 0.994312 -0.168206 -0.0463959 0.984659 
-0.206278 -0.0582058 0.976761 -0.254556 -0.0621321 0.96506 0.178764 -0.670365 0.720176 
0.0715024 -0.199701 0.977245 0.232598 -0.446637 0.863952 0.00462068 0.00389875 0.999982 
0.00566916 0.0063696 0.999964 -0.0270864 -0.130855 0.991031 -0.104093 -0.369299 0.923462 
0.0954902 -0.367241 0.925211 0.0880409 -0.159875 0.983203 -0.0062919 -0.00838218 0.999945 
-0.0107096 -0.0205979 0.99973 0.00788875 -0.0587155 0.998244 0.0162061 -0.0588346 0.998136 
0.0424988 -0.0516507 0.997761 0.0878121 -0.0445136 0.995142 0.103737 -0.0695404 0.992171 
0.0548751 -0.0781817 0.995428 0.0233644 -0.0678394 0.997423 -0.0318659 -0.0451834 0.99847 
-0.117994 -0.0240385 0.992723 -0.191598 -0.0136623 0.981378 -0.169964 0.00462582 0.985439 
-0.145286 0.0332466 0.988831 0.0904955 -0.107305 0.990099 0.280304 -0.182465 0.94241 
0.00502953 -0.0413106 0.999134 0.00331904 -0.0105191 0.999939 -0.0603905 -0.18481 0.980917 
-0.157779 -0.383538 0.909947 0.000515812 -0.321932 0.946763 0.114084 -0.287673 0.95091 
0.126515 -0.197158 0.972174 0.186701 -0.334294 0.923791 0.00281181 -0.0961393 0.995364 
-0.0143388 -0.0755817 0.997037 0.00590387 -0.0703764 0.997503 0.0163663 -0.0706978 0.997364 
0.0386043 -0.068707 0.99689 0.0834678 -0.0654555 0.994358 0.10373 -0.0872358 0.990772 
0.0559174 -0.10839 0.992535 0.0261919 -0.127615 0.991478 -0.023872 -0.14886 0.98857 
-0.104365 -0.135889 0.985212 -0.16731 -0.0771789 0.982879 -0.143758 -0.0263735 0.989261 
-0.0585972 -0.00510439 0.998269 0.110176 -0.0668451 0.991662 0.287129 -0.0835872 0.954238 
0.00663104 -0.0503237 0.998711 0.00479331 -0.0230055 0.999724 -0.0405059 -0.0564028 0.997586 
-0.172466 -0.159164 0.972071 0.1453 -0.200118 0.968938 0.191861 -0.276383 0.941702 
0.0102032 -0.099997 0.994935 -0.0151574 -0.102081 0.994661 0.00540341 -0.112456 0.993642 
0.0161486 -0.107841 0.994037 0.03491 -0.108206 0.993515 0.0804227 -0.111891 0.990461 
0.104326 -0.13186 0.985763 0.0566594 -0.153275 0.986558 0.0278647 -0.183069 0.982705 
-0.0200627 -0.198532 0.979889 -0.0979291 -0.179619 0.97885 -0.145025 -0.161409 0.976174 
-0.124165 -0.133556 0.983232 -0.0358305 -0.0961257 0.994724 0.0142758 -0.00138316 0.999897 
0.0125553 -0.00380992 0.999914 6.70551e-06 -0.00150129 0.999999 -0.00110384 -0.00474532 0.999988 
0.0122836 0.000292786 0.999925 0.0140817 0.00199163 0.999899 0.0123838 0.000307951 0.999923 
0.0118003 0.00423502 0.999921 0.0071461 -0.000141557 0.999974 0.00836401 0.000595915 0.999965 
0.00457493 -0.000421125 0.999989 0.00451027 0.000475404 0.99999 0.00212881 -0.000287405 0.999998 
0.00260438 0.000693603 0.999996 -0.00342383 -5.30707e-05 0.999994 -0.00259844 0.00122596 0.999996 
-0.00635786 0.000276163 0.99998 -0.00600854 0.00179572 0.99998 -0.00571848 0.000352158 0.999984 
-0.00603858 0.00176735 0.99998 -0.00476236 0.000295785 0.999989 -0.00484824 0.00138094 0.999987 
-0.00386129 0.000237459 0.999992 -0.00406244 0.00114289 0.999991 -0.00235455 0.000164817 0.999997 
-0.00256688 0.00102209 0.999996 -0.0020132 8.09628e-05 0.999998 -0.00200444 0.000885899 0.999998 
-0.00159881 -3.78489e-05 0.999999 -0.00168674 0.000795139 0.999998 -0.00249094 -0.00012252 0.999997 
-0.00216874 0.000391819 0.999998 -0.00262076 6.25847e-05 0.999997 -0.00284133 0.000494054 0.999996 
-0.00209838 0.000362097 0.999998 -0.00203617 0.000487152 0.999998 -0.774498 0.00157551 0.632574 
-0.774521 0.000600145 0.632549 0.941231 0.000170031 0.337764 0.944037 0.000985126 0.329837 
0.0113606 0.000456726 0.999935 -0.000355711 0.00242497 0.999997 0.0157785 -0.00147093 0.999874 
0.0118272 -0.00023423 0.99993 0.00766774 -0.00043828 0.99997 0.00466195 0.000568633 0.999989 
0.00244977 0.000928926 0.999997 -0.00279542 0.0012435 0.999995 -0.00607596 0.00197104 0.99998 
-0.00595418 0.00218049 0.99998 -0.00487493 0.0019397 0.999986 -0.00405986 0.00174595 0.99999 
-0.0025429 0.00154703 0.999996 -0.00202276 0.00143528 0.999997 -0.00170263 0.00137382 0.999998 
-0.0023085 0.00124396 0.999997 -0.00268804 0.00134304 0.999995 -0.00198587 0.00133609 0.999997 
-0.774272 0.00329163 0.632845 0.942676 0.00144197 0.333705 0.00777753 -0.00162148 0.999968 
0.00415937 -0.00354436 0.999985 0.0141523 -0.00259463 0.999896 0.0118621 -0.00247008 0.999927 
0.00856729 -0.00212117 0.999961 0.0057792 -0.000363749 0.999983 0.0027298 0.000804796 0.999996 
-0.0023956 0.0010944 0.999997 -0.00572945 0.00179176 0.999982 -0.00606304 0.00241662 0.999979 
-0.00501037 0.00215787 0.999985 -0.00420495 0.00184731 0.999989 -0.00268487 0.00166403 0.999995 
-0.00206137 0.00154236 0.999997 -0.00174451 0.00149272 0.999997 -0.00223512 0.00141248 0.999996 
-0.00270028 0.00142904 0.999995 -0.00191497 0.00146361 0.999997 -0.773615 0.00454054 0.63364 
0.94305 0.00214981 0.332643 0.00987052 0.000980559 0.999951 0.00536599 0.00269261 0.999982 
0.012676 0.000608865 0.999919 0.0123214 -0.00072398 0.999924 0.00966581 -0.000404376 0.999953 
0.00751464 0.000520878 0.999972 0.00299031 0.00131555 0.999995 -0.0022465 0.00114624 0.999997 
-0.00517806 0.00151287 0.999985 -0.0058616 0.00246116 0.99998 -0.00528765 0.00257489 0.999983 
-0.00458738 0.00214322 0.999987 -0.0030104 0.00174432 0.999994 -0.00225684 0.00144501 0.999996 
-0.00181774 0.00118564 0.999998 -0.00237753 0.00110554 0.999997 -0.00281101 0.000756655 0.999996 
-0.273912 0.000643675 0.961755 -0.778089 0.00126965 0.628152 0.944307 0.000580293 0.329066 
0.00445625 0.00812532 0.999957 0.000317381 0.00925866 0.999957 0.00773517 0.00736037 0.999943 
0.0101831 0.00489072 0.999936 0.00972503 0.00345825 0.999947 0.00779673 0.00273246 0.999966 
0.00249381 0.00167276 0.999995 -0.00227396 0.000542575 0.999997 -0.00458696 0.000822957 0.999989 
-0.00534916 0.00184917 0.999984 -0.00537679 0.00237965 0.999983 -0.00520545 0.0022262 0.999984 
-0.0036527 0.00180485 0.999992 -0.00278672 0.00140519 0.999995 -0.00207878 0.00096594 0.999997 
-0.00279149 0.000698053 0.999996 -0.00357638 -0.000143857 0.999994 -0.42395 0.00200387 0.905683 
-0.770545 0.0124237 0.637265 0.942275 0.00770179 0.33475 0.00143186 0.0111506 0.999937 
-0.000146767 0.0112424 0.999937 0.0041097 0.0108278 0.999933 0.00640438 0.00955392 0.999934 
0.00686017 0.00730952 0.99995 0.00474438 0.0047066 0.999978 -0.000757415 0.00201245 0.999998 
-0.00314778 0.000235729 0.999995 -0.00405367 0.000295537 0.999992 -0.00449318 0.00111219 0.999989 
-0.00497703 0.00189789 0.999986 -0.00546493 0.00231053 0.999982 -0.00427702 0.00222986 0.999988 
-0.00354796 0.00185174 0.999992 -0.00252252 0.00130275 0.999996 -0.00374556 0.000765602 0.999993 
-0.0054381 -0.000589779 0.999985 -0.414642 0.00440264 0.909974 -0.759165 0.0180355 0.650648 
0.937738 0.0121914 0.34713 0.00111479 0.00846593 0.999964 -0.000225249 0.00763742 0.999971 
0.0034615 0.00812914 0.999961 0.00480288 0.00879087 0.99995 0.0022879 0.00807391 0.999965 
-0.00105673 0.00485541 0.999988 -0.00418975 0.00160553 0.99999 -0.00400131 0.000392916 0.999992 
-0.00369204 0.000301784 0.999993 -0.00388346 0.000648928 0.999992 -0.00409701 0.00147625 0.999991 
-0.0046689 0.00265445 0.999986 -0.00424109 0.00345809 0.999985 -0.00416134 0.00353213 0.999985 
-0.00312383 0.00322254 0.99999 -0.00517278 0.0022566 0.999984 -0.00848631 0.000371758 0.999964 
-0.397015 0.00907988 0.917767 -0.738914 0.038078 0.672723 0.929515 0.0253524 0.367911 
0.00344082 0.0016284 0.999993 0.000942498 -3.8743e-05 1 0.00739387 0.00328228 0.999967 
0.00548885 0.0057404 0.999968 0.00253008 0.0087319 0.999959 -0.00776529 0.00717318 0.999944 
-0.00730633 0.00369425 0.999967 -0.00488776 0.002365 0.999985 -0.00393073 0.0011389 0.999992 
-0.00357534 0.00058694 0.999993 -0.00251179 0.00140841 0.999996 -0.00218811 0.003646 0.999991 
-0.00260279 0.0057391 0.99998 -0.00386997 0.0066979 0.99997 -0.00362154 0.00700369 0.999969 
-0.00703618 0.00577354 0.999959 -0.0129633 0.00346389 0.99991 -0.382739 0.00131343 0.923856 
-0.694243 0.0360432 0.718838 0.918828 0.0196634 0.394169 0.027142 -0.0788015 0.996521 
0.00750185 -0.118664 0.992906 0.0375501 -0.0625098 0.997338 0.013692 -0.00731003 0.99988 
-0.0119981 0.00853951 0.999892 -0.00657503 0.00482723 0.999967 -0.00496474 0.00172182 0.999986 
-0.00378638 0.000482231 0.999993 -0.000801745 0.00191146 0.999998 0.00135017 0.00609232 0.999981 
0.000298099 0.00962699 0.999954 -0.00229506 0.0114549 0.999932 -0.00354649 0.0135919 0.999901 
-0.00734568 0.0130629 0.999888 -0.0176946 0.0139655 0.999746 -0.358037 -0.0030591 0.933702 
-0.674471 -0.0156994 0.738135 0.919285 -0.0302858 0.392425 0.0716867 0.0181106 0.997263 
0.0154217 0.103721 0.994487 0.0904084 0.0189141 0.995725 0.0706989 -0.0282453 0.997098 
-0.0117265 -0.00386222 0.999924 -0.00924971 -0.00199449 0.999955 -0.00648394 -0.00417997 0.99997 
-0.00325908 -0.00371049 0.999988 0.00290778 0.000348369 0.999996 0.00677089 0.00809257 0.999944 
0.00317422 0.0123482 0.999919 -0.000730445 0.0137941 0.999905 -0.00180816 0.0155057 0.999878 
-0.00464209 0.0207956 0.999773 -0.0159663 0.0309513 0.999393 -0.422292 0.0222488 0.906187 
-0.727742 -0.0579562 0.683398 0.932446 -0.0302392 0.360041 0.00848994 0.0198244 0.999767 
0.00292525 0.000637046 0.999996 -0.0079711 -0.018406 0.999799 -0.0106978 -0.0198151 0.999746 
-0.00831809 -0.0164792 0.99983 -0.00533769 -0.0118953 0.999915 -0.000182618 -0.00677688 0.999977 
0.00924677 0.000166192 0.999957 0.0122537 0.00862838 0.999888 0.00388365 0.0113574 0.999928 
-0.000801103 0.011123 0.999938 -0.000242652 0.0114332 0.999935 -1.35934e-05 0.0132234 0.999913 
0.0032022 0.0282701 0.999595 -0.388042 0.186354 0.902605 -0.698996 0.299779 0.649259 
0.893866 0.278055 0.351695 -0.000613315 -0.0166513 0.999861 -0.000235197 -0.0153999 0.999881 
-0.00555962 -0.0137028 0.999891 -0.010018 -0.0194655 0.99976 -0.014159 -0.0260881 0.999559 
-0.0130352 -0.0325484 0.999385 -0.00951691 -0.0302824 0.999496 -0.00460792 -0.0186054 0.999816 
-0.00291301 -0.00971729 0.999949 0.00301971 -0.00495616 0.999983 0.0113219 0.00114406 0.999935 
0.0228939 0.0123942 0.999661 0.00633338 0.0145811 0.999874 -0.000484498 0.0144909 0.999895 
-0.000564759 0.0151953 0.999884 0.00447184 0.0149253 0.999879 -0.243811 0.731692 0.63654 
0.0024405 0.785389 0.618997 -0.0053815 -0.0046211 0.999975 -0.00279246 -0.0016942 0.999995 
-0.00781794 -0.00129605 0.999969 -0.0222127 -0.0020807 0.999751 -0.0308091 -0.0123061 0.99945 
-0.014323 -0.0252484 0.999579 0.00625916 -0.0131312 0.999894 0.00707964 0.00127942 0.999974 
0.000612048 0.00846085 0.999964 0.00719111 0.00909982 0.999933 0.0214722 0.0192362 0.999584 
-0.0023862 0.0127825 0.999915 -0.000551999 0.0149655 0.999888 -0.003462 0.0157474 0.99987 
-0.0149067 0.0219508 0.999648 -0.0310366 0.0342228 0.998932 -0.0165711 0.0378764 0.999145 
0.0102765 0.0374092 0.999247 0.0082012 0.0358059 0.999325 -0.00148392 0.0281531 0.999602 
0.0044115 0.0162911 0.999858 0.0247691 0.0231267 0.999426 -0.0222694 0.0326385 0.999219 
-0.0151654 0.0421907 0.998994 0.00769361 0.0434747 0.999025 0.00792487 0.0426758 0.999058 
-0.00653527 0.0345548 0.999381 0.0053738 0.0257218 0.999655 -0.00911826 0.026736 0.999601 
0.00938248 0.0411605 0.999108 0.00188105 0.0293205 0.999568 0.0342884 0.0306252 0.998943 
0.09396 -0.0297246 0.995132 0.00201541 0.0731519 0.997319 0.136281 -0.0302125 0.990209 
0.0838868 -0.0733902 0.993769 0.0155402 -0.0478945 0.998731 -0.00216613 0.115644 0.993288 
0.00399584 0.071693 0.997419 0.0208181 0.0603141 0.997962 0.00879249 -0.00226443 0.999959 
0.0322989 -0.0712667 0.996934 0.0495817 -0.0403347 0.997955 -0.00912236 -0.046617 0.998871 
-0.00174526 -0.0478254 0.998854 -0.0169981 -0.07216 0.997248 -0.0327425 -0.0614357 0.997574 
-0.000194045 -0.102772 0.994705 0.0769271 -0.178142 0.980993 -0.0221981 -0.10852 0.993846 
-0.0281288 -0.131536 0.990912 -0.0400607 -0.0912125 0.995025 -0.0131615 -0.123374 0.992273 
-0.0368552 -0.0109301 0.999261 0.0166267 -0.264836 0.96415 0.0888528 -0.492411 0.865816 
-0.000581888 -0.140802 0.990038 -0.0128886 -0.175852 0.984332 -0.0301814 -0.0622318 0.997605 
-0.017198 -0.0478744 0.998705 -0.0264862 -0.0175028 0.999496 -0.0364021 -0.153882 0.987418 
0.112445 -0.282214 0.952739 -0.0156718 -0.311023 0.950273 0.0419761 -0.345684 0.937412 
0.0199654 -0.13079 0.991209 0.0449236 -0.315589 0.947832 -0.0142597 -0.0265581 0.999546 
-0.020111 0.00432766 0.999788 -0.0189726 0.00570291 0.999804 -0.0559739 -0.0537382 0.996985 
0.123933 -0.129093 0.983858 -0.0213635 -0.20298 0.97895 0.0538707 -0.207948 0.976655 
-0.824505 0.000825037 0.565854 -0.828845 0.0033355 0.559469 0.95477 0.000453813 0.297344 
0.954732 0.0020241 0.29746 -0.826323 0.00518888 0.563173 0.954541 0.00286771 0.298066 
-0.831127 -0.00560064 0.556054 0.955252 -0.0043088 0.295761 -0.830325 0.00857833 0.557214 
0.954481 0.00663931 0.298199 -0.817004 0.0244739 0.576112 0.949743 0.0134112 0.312745 
-0.804563 0.0359705 0.592777 0.945889 0.0215436 0.323775 -0.788588 0.0574719 0.61223 
0.936733 0.0409144 0.347645 -0.741951 0.105802 0.662053 -0.745703 0.0357038 0.665321 
0 0.158973 0.987283 0 0.0788062 0.99689 -0.758147 -0.0751469 0.647739 
0 -0.0589225 0.998263 -0.784685 -0.110718 0.609927 0 -0.249059 0.968488 
-0.826122 -0.0431721 0.561836 -0.795813 -0.0112234 0.605438 0 -0.0766152 0.997061 
0.933251 0.148658 0.327023 -0.241272 0.800692 0.548344 0.000360955 0.825739 0.564052 
-0.863504 0.0010842 0.50434 -0.863442 0.00471812 0.504425 0 0.00229924 0.999997 
0 0.00626112 0.99998 -0.863119 0.00676646 0.504955 0 0.0136077 0.999907 
-0.85773 -0.0133247 0.513927 0 -0.00479487 0.999988 -0.847261 0.0219585 0.530722 
0 0.0158442 0.999874 -0.838782 0.029039 0.543692 0 0.0617604 0.998091 
-0.833935 0.0419529 0.550265 0 0.0653093 0.997865 -0.818003 0.0617946 0.571884 
0 0.106496 0.994313 -0.828284 0 0.560309 0 -0.0770227 0.997029 
-0.727173 0.639653 0.249125 -0.616549 0.612881 0.494211 0.681922 0.106313 0.723657 
0.613091 0.0892921 0.78495 -0.894756 0.0906355 0.437261 0.346265 0.190409 0.91861 
0.346265 0.190409 0.91861 -0.229753 0.73105 0.642479 -0.981801 0.0526582 0.182467 
-0.987147 0.120045 0.105501 0.519327 -0.743505 0.421307 0.463026 -0.698467 0.545665 
-0.828223 -0.502014 0.249056 -0.671817 -0.432212 0.601543 0.0875884 -0.937293 0.337358 
0.00918262 -0.53437 0.845201 -0.935889 -0.299685 0.185204 -0.768729 -0.633195 0.0901113 
-0.557723 0.598843 0.574745 -0.566271 0.487819 0.664357 -0.599012 -0.398543 0.694513 
-0.187962 -0.414461 0.890445 -0.451298 -0.37173 0.811263 0.00181775 0.000453926 0.999998 
0.00163488 0.00672399 0.999976 0.00105842 -0.000584934 0.999999 0.000851237 -0.00198141 0.999998 
0.00143927 -0.000215925 0.999999 0.00259357 0.00289933 0.999992 0.00400741 0.00707279 0.999967 
0.00494437 0.0112011 0.999925 0.00540661 0.013036 0.9999 0.0075592 0.0115673 0.999905 
0.00986129 -0.00646899 0.99993 0.00234664 -0.00994799 0.999948 0.0579776 0.839022 0.540999 
-0.0665513 0.113279 0.991332 0.863283 0.431678 0.261527 0.840466 0.424138 0.337231 
0.00677768 -0.0181451 0.999812 0.0536733 -0.054881 0.997049 0.0442306 0.0547292 0.997521 
-0.715909 0.000403772 0.698193 -0.715784 0.00135728 0.69832 -0.715237 0.00188253 0.69888 
-0.713615 0.00264953 0.700533 -0.711779 0.00431841 0.70239 -0.406775 0.692383 0.595936 
0.843072 0.42935 0.323865 0 0.0788062 0.99689 0 0.158973 0.987283 
0.927241 0.0300522 0.373257 0.941195 0.0537113 0.333568 0 -0.145982 0.989287 
0.927923 -0.0213943 0.372157 0 -0.249059 0.968488 0.934013 -0.0762019 0.349018 
0 -0.0766152 0.997061 0.941695 -0.0247117 0.335559 0.853972 0.429804 0.293257 
0 0.00229924 0.999997 0 0.00965678 0.999953 0.961577 0.00169015 0.27453 
0.961586 0.000631152 0.274504 0 0.0140398 0.999901 0.961519 0.00365662 0.274715 
0 -0.0179986 0.999838 0.961333 -0.00143399 0.275383 0 0.0468892 0.9989 
0.958145 0.00349884 0.286262 0 0.0534188 0.998572 0.954892 0.0178277 0.296419 
0 0.0854722 0.996341 0.952126 0.0189391 0.305119 0 0.109206 0.994019 
0.950566 0.032689 0.308797 0 -0.0770227 0.997029 0.947461 0 0.319873 
-4.30984e-05 0.831117 0.556098 0 0.830465 0.557071 -0.796708 0.00136764 0.604364 
-0.764577 0.000530041 0.644533 -0.7971 0.00119289 0.603846 -0.752052 0.000913112 0.659103 
0.969172 0.0152274 0.245915 0.971557 0.0105698 0.236569 0.963232 0.00526876 0.268619 
0.961273 0.00526748 0.275547 -0.797472 0.00142219 0.603354 -0.756956 0.0018148 0.653463 
0.974331 0.00521278 0.22506 0.963819 0.00284821 0.266543 -0.796319 0.00491903 0.604857 
-0.749491 0.00795138 0.661967 0.97466 0.00519088 0.223629 0.962267 0.00699279 0.272017 
-0.785088 0.00630961 0.619352 -0.737085 0.00688517 0.675765 0.973055 0.00667886 0.230476 
0.959833 0.00627069 0.280501 -0.775773 0.000885644 0.631011 -0.723981 0.00258577 0.689815 
0.971766 0.00386454 0.235915 0.957108 0.0048351 0.289693 -0.761821 0.00169312 0.647785 
-0.707388 0.00464727 0.70681 0.970713 0.00822833 0.2401 0.955377 0.00910245 0.29525 
-0.739527 0.00830159 0.673075 -0.677083 0.0166906 0.735717 0.969636 0.0192256 0.243798 
0.953137 0.0230603 0.301658 -0.681686 0.0152686 0.731486 -0.626045 0.017384 0.779593 
0.967787 0.0249744 0.250528 0.94942 0.0203604 0.313348 0.0293638 -0.158239 0.986964 
0.0695973 -0.150649 0.986134 0.0619234 -0.157155 0.985631 0.0385932 -0.160349 0.986306 
0.119085 -0.139391 0.983051 0.117985 -0.143075 0.982654 0.138835 -0.13903 0.980508 
-0.655093 -0.00222003 0.755545 -0.614058 -0.00809661 0.78922 0.968039 -0.00977339 0.25061 
0.947244 -0.0175499 0.320032 -0.00250038 -0.858016 0.513617 0.0600833 -0.852553 0.519175 
0.160357 -0.662153 0.73201 0.351067 -0.729964 0.586434 0.313646 -0.544316 0.77804 
0.540991 -0.629257 0.558 0.404834 -0.46406 0.787882 -0.704778 -0.00180018 0.709426 
-0.674216 -0.0127996 0.738423 0.969397 -0.0458231 0.241184 0.953125 -0.0402801 0.299883 
0.231399 0.1929 0.953543 0.0853454 0.153296 0.984488 0.245777 0.395424 0.885005 
0.301185 0.199071 0.932555 -0.679252 0.482803 0.552736 -0.63984 0.422326 0.642063 
0.957079 0.171395 0.233719 0.930137 0.231053 0.285412 0.118566 0.221595 0.967904 
0.0269396 0.245736 0.968962 0.0985549 0.182107 0.978327 0.038162 0.187686 0.981488 
0.0769504 0.196903 0.977399 0.0980483 0.169641 0.980616 0.131099 0.177587 0.975334 
-0.260544 0.789319 0.555961 -0.193399 0.862027 0.468515 0.0109366 0.883462 0.468376 
0.00925661 0.845489 0.533912 -0.050136 -0.288237 0.956246 -0.0511558 0.0432037 0.997756 
-0.0947504 0 0.995501 0.00937642 -0.279461 0.960111 -0.00115764 -0.0397271 0.99921 
0.0426107 -0.226898 0.972986 0.0521065 -0.00302635 0.998637 0.0585681 0 0.998283 
-0.0666047 0.1062 0.992112 -0.0203543 0.106158 0.994141 0.00712091 0.123105 0.992368 
0.0506912 0.114699 0.992106 0.0396732 0.109304 0.993216 0 0.105998 0.994366 
0.123738 -0.563495 0.8168 0.119879 -0.399633 0.908803 0.0157533 -0.601494 0.798722 
0.012376 -0.370442 0.928773 0.049557 -0.460228 0.886417 0.0755608 -0.347636 0.93458 
0.162798 -0.412942 0.896089 0.138371 -0.379796 0.914663 0.287788 -0.239465 0.927273 
0.328874 -0.214646 0.919657 0.494404 -0.123226 0.860453 0.532642 -0.210962 0.819626 
0.212893 -0.197794 0.956846 0.821108 -0.180006 0.541645 0.194729 -0.392691 0.898818 
0.112733 -0.321045 0.940331 0.411816 -0.487573 0.769857 0.122769 -0.304595 0.944537 
0.0165228 0.529913 0.847891 0.070478 0.334245 0.939847 0.0967199 0.488269 0.867317 
-0.00128041 0.335653 0.941985 -0.0222532 0.297973 0.954315 -0.137748 0.416959 0.898426 
-0.130682 0.27856 0.951486 0.302046 -0.545321 0.781916 0.37967 -0.662904 0.645297 
0.442586 -0.641641 0.62643 0.303752 -0.464788 0.831689 -0.128729 -0.50421 0.853933 
-0.204154 -0.733999 0.647739 -0.253487 -0.85236 0.457414 -0.0837734 -0.511394 0.855253 
0.0487 -0.484409 0.873485 0.0731535 -0.486058 0.87086 0.316466 -0.522679 0.791616 
0.259607 -0.833168 0.488298 0.0220165 -0.747027 0.664429 0.00308023 -0.754677 0.656089 
-0.0816912 -0.756842 0.648472 0.480088 -0.405778 0.777727 0.227676 -0.385261 0.89428 
0.433818 -0.588885 0.681922 0.143081 -0.384416 0.912005 -0.110461 -0.878993 0.463863 
-0.285167 -0.801119 0.526202 -0.340001 -0.853471 0.394952 0.371318 -0.791951 0.484702 
0.349922 -0.817227 0.457924 0.859842 -0.217966 0.461694 0.68812 -0.269508 0.673688 
0.160765 -0.240202 0.957318 -0.588057 -0.508076 0.629323 -0.425851 -0.484071 0.764412 
0.111203 -0.756683 0.644255 0.11318 -0.703504 0.701621 0.531387 -0.478185 0.699262 
0.0721035 -0.797804 0.598589 0.924425 -0.0462647 0.378547 0.745318 -0.129553 0.654001 
0.168487 0.106409 0.979944 -0.6885 -0.0933834 0.719199 -0.53359 -0.15734 0.830979 
0.0942931 -0.574544 0.813024 0.565843 -0.222485 0.793928 0.000599328 -0.90757 0.4199 
0.0224377 -0.873772 0.485818 0.000215149 -0.908588 0.417693 0.000122581 -0.90774 0.419533 
0.000217585 -0.909046 0.416696 0.000183631 -0.908729 0.417386 0.000571128 -0.909931 0.414759 
0.000382111 -0.90931 0.41612 0.00250463 -0.910974 0.412456 0.00156121 -0.910244 0.414069 
0.00209982 -0.912205 0.409728 0.00291912 -0.911269 0.4118 0.00147922 -0.913684 0.406424 
0.00101159 -0.91293 0.408116 0.000583207 -0.914557 0.404456 0.00101513 -0.913907 0.405921 
-0.000278005 -0.915402 0.402541 -2.08309e-05 -0.9149 0.403681 -0.000402772 -0.915355 0.402649 
-0.000490819 -0.915457 0.402415 0.0256202 -0.914504 0.403765 0.0140664 -0.915043 0.40311 
0.140235 -0.905764 0.399906 -0.807867 0.000377196 0.589365 -0.825258 0.00158777 0.564754 
0.967173 0.000714835 0.254117 0.970094 0.00283293 0.242711 -0.81798 0.0034919 0.575236 
0.96915 0.00250575 0.246461 -0.820266 0.0128045 0.571839 0.969493 0.00799778 0.244989 
-0.821766 0.00959895 0.569744 0.970534 0.00632007 0.240882 -0.823335 0.00726049 0.567509 
0.971209 0.00570071 0.238161 -0.813043 0.0130123 0.582058 0.96993 0.0104614 0.243158 
-0.783085 0.0384786 0.620724 0.964679 0.0269334 0.262048 -0.74247 0.0425444 0.668527 
0.958372 0.0275503 0.284189 -0.743031 -0.0187745 0.668993 0.958666 -0.0158671 0.28409 
0.0782173 -0.684004 0.725273 -0.0330527 -0.666958 0.744362 0.297544 -0.628161 0.718944 
0.266323 -0.482974 0.834151 0.377292 0.182167 0.908001 -0.771615 -0.0695592 0.632275 
0.961337 -0.0541103 0.270006 0.0421091 0.252168 0.966767 0.0374488 0.639074 0.768233 
0.1157 0.27802 0.953582 0.0154875 0.630827 0.775769 0.200066 0.554647 0.807675 
0.0760314 0.341829 0.936681 0.287314 0.459758 0.840282 -0.750249 0.384474 0.537872 
0.949446 0.176502 0.259615 -0.202998 0.8466 0.491997 0.00679077 0.853932 0.52034 
0.0918161 -0.343408 0.934687 0.0353046 -0.347026 0.937191 0.100638 -0.366708 0.924877 
0.0886357 -0.320714 0.94302 -0.00248122 -0.640036 0.768341 0.11107 -0.639729 0.760533 
0.22583 -0.539598 0.81107 0.208785 -0.353598 0.911799 0.311854 0.0196598 0.949927 
0.022701 0.302559 0.95286 0.0488036 0.647886 0.760172 0.132109 0.306687 0.942598 
0.0213673 0.643598 0.765066 0.201045 0.639844 0.741741 0.0446344 0.223426 0.973698 
0.272913 0.507852 0.817071 0.0694485 0.121738 0.99013 -0.0358817 -0.13508 0.990185 
0.0391796 -0.155669 0.987032 -0.0614099 -0.110583 0.991968 -0.198503 -0.166984 0.96577 
0.0339704 -0.20677 0.9778 0.022242 -0.128864 0.991413 0.0742255 -0.09263 0.99293 
0.0844379 -0.330712 0.939947 -0.0894348 -0.625987 0.774688 0.248711 -0.749952 0.612956 
0 -0.288101 0.9576 -0.00611173 -0.635086 0.772417 0.0325608 -0.622949 0.781585 
-0.0644678 -0.630805 0.773258 0.00780155 -0.412599 0.910879 -0.0617479 0.462528 0.884452 
-0.0729717 0.302339 0.950403 -0.189602 -0.864013 0.466404 -0.123266 -0.876716 0.464947 
0.371755 -0.717858 0.588624 -0.0868597 -0.881189 0.464717 -0.25902 -0.733488 0.628414 
0.0386009 -0.89856 0.437149 0.342442 -0.741082 0.577522 -0.00784704 -0.654364 0.756139 
-0.020143 -0.66795 0.743933 -0.0250636 -0.501036 0.865063 0.0537584 -0.220329 0.973943 
0.0139044 -0.0520698 0.998547 0.100905 -0.0887001 0.990934 -0.415387 -0.259635 0.871805 
0.538941 -0.270928 0.797584 -0.331626 -0.642066 0.691213 0.486591 -0.481783 0.728776 
0.045528 -0.0306139 0.998494 0.0965113 0.04637 0.994251 -0.466292 -0.113966 0.877259 
0.556473 -0.139549 0.819063 -0.403088 -0.40996 0.818201 0.542264 -0.227551 0.808808 
-0.826409 0.000770688 0.563069 -0.812408 0.00277449 0.583082 0.959677 0.000536541 0.281106 
0.959707 0.00264444 0.280991 -0.818251 0.00501395 0.57484 0.959693 0.00264896 0.281038 
-0.815672 0.0103165 0.578423 0.960205 0.00603394 0.279232 -0.81683 0.00801842 0.576823 
0.960955 0.00485231 0.276663 -0.808443 0.0129106 0.588432 0.960217 0.00880944 0.279115 
-0.796062 0.0286081 0.604539 0.957959 0.0194346 0.286246 -0.768484 0.0669614 0.636355 
0.9534 0.0404724 0.298981 -0.748986 0.0435143 0.661155 0.95302 0.0176613 0.302392 
-0.750326 -0.0551466 0.658763 0.95342 -0.0447351 0.298311 0.0372245 -0.64249 0.765389 
-0.056251 -0.637666 0.768256 0.282097 -0.611055 0.739617 0.335591 -0.561722 0.756206 
-0.781705 -0.0829292 0.618111 0.955239 -0.0440587 0.292537 -0.765777 0.0743921 0.638788 
0.934452 0.231323 0.270721 -0.272333 0.820549 0.502528 0.00288451 0.846936 0.531687 
0.0610696 -0.634829 0.770236 -0.0259747 -0.631974 0.774554 0.278024 -0.608344 0.743384 
0.301862 -0.52095 0.79843 0 -0.311346 0.950297 -0.0506999 -0.886426 0.460086 
-0.163417 -0.795904 0.58295 0.11371 -0.825705 0.552522 -0.176675 -0.739928 0.649071 
0.0397156 -0.844885 0.533471 0.0367712 -0.828016 0.559497 0.021468 -0.934887 0.354295 
0.0266828 -0.594562 0.803607 0.0286909 -0.39699 0.917374 -0.307844 -0.419638 0.853895 
0.199421 -0.421539 0.884611 -0.225703 -0.623983 0.748133 0.120473 -0.659973 0.741567 
0.0759102 -0.939535 0.333933 0.0720997 -0.96489 0.252566 0.0424243 -0.303141 0.952001 
0.0511597 -0.0983956 0.993831 -0.336536 -0.171992 0.925831 0.23626 -0.178607 0.955134 
-0.257099 -0.461306 0.849174 0.1914 -0.342469 0.919826 -0.759599 0.00105919 0.650391 
-0.759466 0.00426164 0.650533 0 0.0019066 0.999998 0 0.00503538 0.999987 
-0.758855 0.00630409 0.651229 0 0.0108268 0.999941 -0.757277 0.00877291 0.653035 
0 0.0138673 0.999904 -0.753173 0.0109636 0.657731 0 0.0185981 0.999827 
-0.745011 0.0189481 0.666783 0 0.0270154 0.999635 -0.726916 0.0440301 0.685313 
0 0.0570494 0.998371 -0.175752 0.122183 0.976823 0 0.109098 0.994031 
-0.108046 0.047951 0.992989 0 0.0960724 0.995374 -0.132207 -0.131139 0.982509 
0 -0.0530509 0.998592 -0.206568 -0.127193 0.97013 0 -0.195774 0.980649 
-0.707688 0.23365 0.666773 0 -0.0675002 0.997719 0.0197478 -0.954213 0.298475 
0.0119393 -0.952237 0.305126 0.0482371 -0.940084 0.337515 0.0823237 -0.887893 0.452624 
0.358301 0.268385 0.894198 0.6527 0.227443 0.722671 0.878446 0.424372 0.219641 
0.861548 0.41847 0.287432 0.00618352 -0.353172 0.935538 0.0498157 -0.0336937 0.99819 
0.0184982 -0.830223 0.557124 0.0231599 -0.828179 0.559986 -0.0671449 -0.83491 0.546276 
-0.111031 -0.818396 0.563826 -0.214977 -0.955595 0.20155 -0.0231853 -0.97821 0.20632 
0.149774 -0.327625 0.932861 0.166725 0.0685158 0.98362 0.871613 0.429642 0.236006 
-0.0985494 -0.726393 0.680177 -0.0155891 -0.682272 0.730932 -0.169287 -0.857253 0.486272 
0.249164 -0.919829 0.303037 -0.00881094 -0.916598 0.399712 -0.377413 -0.0979058 0.920855 
0.623749 -0.188271 0.758612 -0.477095 0.0260819 0.878465 -0.021094 0.62021 0.784152 
0.0785323 0.620938 0.779916 0.300083 0.551978 0.777992 0.406144 0.382999 0.829674 
-0.598297 0.698284 0.392989 0.860314 0.432657 0.269568 -0.00228649 0.639125 0.769099 
0.0947867 0.637022 0.764996 0.26634 0.56395 0.78168 0.395047 0.416865 0.818634 
-0.214825 0.626575 0.749169 0 0.641554 0.767078 0.0830175 0.639339 0.76443 
-0.380141 -0.0986136 0.919656 0.163288 -0.908749 0.384074 0.0313848 0.0868507 0.995727 
0 0.0019066 0.999998 0 0.00771708 0.99997 0.939012 0.00165031 0.34388 
0.939027 0.000655573 0.343843 0 0.0111635 0.999938 0.938937 0.00355005 0.34407 
0 0.0156095 0.999878 0.93863 0.00439274 0.344898 0 0.0198202 0.999804 
0.937869 0.00592226 0.34694 0 0.0332908 0.999446 0.936325 0.00864304 0.351029 
0 0.074484 0.997222 0.933423 0.0190463 0.358272 0.926421 0.0377934 0.374588 
0.914204 0.0403275 0.403244 0.906143 -0.0221737 0.42239 0.919016 -0.068128 0.388288 
0 -0.0675002 0.997719 0.923978 0.0738389 0.37525 0.000813041 0.779461 0.62645 
0 0.780824 0.624751 0.0460836 -0.821656 0.568118 0.0810224 -0.661638 0.745433 
-0.0457557 -0.85257 0.520606 -0.0569428 -0.627399 0.776613 0.436919 -0.706221 0.557094 
0.384907 -0.639752 0.665255 0.530726 -0.738172 0.416451 0.411201 -0.578934 0.704094 
0.511843 -0.670731 0.536783 0.43131 -0.508531 0.74523 0.0714565 0.799167 0.596847 
-0.0215966 0.827616 0.560879 0.0929539 0.625426 0.774727 -0.046643 0.588382 0.807237 
0.455104 0.680178 0.574664 0.39225 0.598207 0.698776 0.539766 0.67755 0.499579 
0.0322433 -0.883333 0.467636 0.0823131 -0.742609 0.664647 -0.0173602 -0.899493 0.436589 
-0.0356602 -0.725173 0.687642 0.348494 -0.632459 0.691771 0.364349 -0.659107 0.657896 
0.326027 -0.487566 0.809929 0.395796 -0.544035 0.739845 0.472666 -0.451711 0.756667 
0.4451 -0.323503 0.835004 0.0289056 0.883666 0.467224 -0.0172759 0.90153 0.432371 
0.0818477 0.750779 0.655464 -0.0340678 0.734482 0.677772 0.348003 0.638575 0.686379 
0.362139 0.665918 0.652233 0.336538 0.49519 0.800955 0.390804 0.56396 0.727476 
-0.151222 -0.946265 0.285856 -0.150001 -0.898869 0.411744 -0.31853 -0.748646 0.581437 
-0.306668 -0.791532 0.528614 0.0550979 -0.98194 0.180993 0.0325137 -0.947424 0.318326 
0.212565 -0.95504 0.206676 0.298734 -0.812484 0.500627 -0.114156 -0.940272 0.320714 
-0.28461 -0.698655 0.656414 -0.325564 -0.636179 0.699489 -0.162799 -0.736184 0.656909 
0.011009 -0.931419 0.363782 0.0238708 -0.958898 0.282745 0.287177 -0.884972 0.366543 
0.322864 -0.719907 0.614404 -0.390231 -0.67492 0.626261 -0.34742 -0.572684 0.742518 
0.658228 -0.399942 0.637795 0.493185 -0.44014 0.750364 -0.256571 -0.547206 0.796703 
-0.335847 -0.596937 0.72861 -0.332644 -0.602067 0.725853 0.388759 -0.766813 0.51075 
0.364817 -0.617085 0.697219 -0.240148 -0.900488 0.36256 -0.376035 -0.188052 0.907323 
0.795138 0.234192 0.559384 0.60318 -0.189314 0.774812 -0.32181 0.660277 0.678581 
-0.343536 0.595437 0.726249 0.289385 -0.876896 0.383811 0.394856 -0.263037 0.880284 
0.0799753 -0.596983 0.798258 -0.126945 -0.596876 0.792227 0.298945 -0.524499 0.797203 
0.368594 -0.538958 0.757405 0.034763 0.568257 0.822117 -0.109706 0.54472 0.831412 
0.254259 0.531434 0.808041 0.129607 -0.640706 0.756768 -0.0559678 -0.639125 0.767064 
0.360015 -0.558281 0.74747 0.3984 -0.483132 0.779654 0.426358 -0.564635 0.706687 
0.0628643 0.651461 0.756073 -0.0445336 0.647443 0.760811 0.344451 0.577703 0.740009 
-0.285539 -0.591962 0.75369 -0.222607 -0.763221 0.60658 0.01186 -0.902689 0.430129 
0.371535 -0.64177 0.67089 0 -0.733668 0.679508 -0.336582 -0.458042 0.822745 
-0.301721 -0.580722 0.756126 0.449491 -0.51131 0.732476 -0.238269 -0.537696 0.808771 
-0.203425 -0.582619 0.786875 0 -0.660422 0.750894 0.339819 -0.523964 0.781015 
-0.372603 -0.193198 0.907657 -0.374263 -0.258838 0.890466 0.507612 -0.284098 0.813399 
-0.312621 0.517361 0.796621 -0.237316 -0.494898 0.835917 0.406272 -0.349889 0.844109 
0.0206589 -0.642982 0.765603 -0.145083 -0.63192 0.761333 0.295568 -0.610598 0.734717 
0.064202 -0.634741 0.770054 -0.0712188 -0.630581 0.772849 0.346796 -0.594427 0.725527 
-0.119903 -0.743027 0.658433 0.0297975 -0.6065 0.794525 -0.0645224 -0.666267 0.742917 
-0.369654 -0.3202 0.872254 0.102766 -0.48924 0.866074 0.438062 0.56823 0.696574 
0.747245 0.320274 0.582279 0.452281 0.429832 0.781464 0.469258 0.462749 0.752104 
0.466802 0.462962 0.7535 0.637815 -0.293467 0.712088 0.637815 -0.293467 0.712088 
-0.387943 -0.189546 0.901982 0.664881 0.509535 0.546176 0.664881 0.509535 0.546176 
-0.297974 0.698893 0.6502 -0.321056 0.648954 0.689769 0.44316 -0.247191 0.861688 
0.359603 0.47964 0.800394 0.416925 0.538646 0.732144 0.457432 0.284341 0.842559 
-0.312478 0.522157 0.793542 -0.309037 0.518 0.797604 -0.135937 0.614964 0.77675 
0.124822 0.618549 0.775768 0.339062 0.581117 0.739824 -0.0573229 0.638123 0.767798 
0.148365 0.632995 0.759806 0.381789 0.587663 0.713364 0.495367 -0.288985 0.819206 
0.0525601 -0.672274 0.738434 0.0611942 -0.582229 0.810719 -0.0897696 -0.72262 0.685392 
-0.0500122 -0.546837 0.835744 0.338446 -0.585697 0.736487 0.316168 -0.568499 0.759504 
0.431434 -0.577314 0.693234 0.379481 -0.5305 0.758 0.0654817 0.643338 0.762776 
-0.0797551 0.691419 0.718039 0.0287028 0.550803 0.834142 -0.0328953 0.555558 0.830827 
0.375888 0.564683 0.734739 0.239406 0.514016 0.823694 -0.0671703 -0.759973 0.646475 
0.0539804 -0.606097 0.793557 -0.096695 -0.810528 0.577662 -0.077065 -0.594734 0.80022 
0.386193 -0.628619 0.67505 0.337537 -0.5616 0.75543 0.509835 -0.621019 0.595318 
0.397899 -0.506006 0.765267 -0.06827 0.762947 0.642846 -0.0957451 0.814531 0.572165 
0.0541951 0.612855 0.788335 -0.0762658 0.601985 0.794857 0.433063 0.648584 0.625935 
0.267291 0.532184 0.803328 -0.0397874 -0.948095 0.315489 0.0692323 -0.921522 0.382105 
-0.285867 -0.733506 0.616643 -0.28828 -0.830074 0.477359 0.203911 -0.922096 0.328875 
0.369057 -0.59842 0.711119 0 -0.933486 0.358614 -0.173562 -0.847818 0.501079 
-0.224227 -0.828009 0.51393 0.304253 -0.810017 0.501301 -0.461024 -0.602947 0.651084 
-0.363389 -0.507292 0.781411 0.49278 -0.487931 0.72048 0.441156 -0.447745 0.777757 
0.0266226 -0.804657 0.593143 -0.224048 -0.80958 0.54257 -0.23441 -0.82934 0.507195 
0.318724 -0.725147 0.61039 0.28578 -0.81048 0.511324 -0.272541 -0.793338 0.544368 
-0.270727 -0.794591 0.543445 -0.220573 -0.805085 0.550622 -0.374453 -0.377313 0.847006 
0.472083 0.65751 0.587212 0.474373 -0.220729 0.852202 -0.438078 0.0384405 0.898115 
-0.331919 -0.182004 0.925583 0.335234 -0.635005 0.695979 0.366505 -0.273682 0.889254 
0.029099 -0.46676 0.883905 -0.0720008 -0.45089 0.889671 0.208817 -0.453255 0.866577 
0.0889596 -0.556009 0.826402 -0.100059 -0.569755 0.8157 0.259587 -0.441659 0.858809 
0.328972 -0.435653 0.837845 0.070091 0.56789 0.820114 -0.0947382 0.554818 0.82656 
0.19012 0.505804 0.841437 -0.00969858 -0.67946 0.733648 0.274157 -0.514696 0.812358 
-0.28484 -0.445429 0.848799 0.37874 -0.385408 0.841437 -0.0417287 -0.527735 0.848383 
-0.321258 -0.396529 0.859976 0.40898 -0.355225 0.840566 0.100858 -0.283741 0.953582 
0.078085 -0.634356 0.769087 -0.116028 -0.627917 0.769583 0.331713 -0.600971 0.727187 
-0.316939 -0.471996 0.82266 -0.351041 -0.436614 0.828335 0.4141 0.519935 0.74712 
0.455132 0.554364 0.696804 0.432372 0.543197 0.719716 0.535323 0.641097 0.549931 
0.475693 -0.367217 0.799292 0.472083 0.65751 0.587212 0.472083 0.65751 0.587212 
0.754631 -0.182073 0.630381 -0.409085 0.221757 0.88514 -0.386102 -0.000339012 0.922456 
-0.0492433 0.433373 0.899868 0.0783501 0.439729 0.894706 0.251417 0.418647 0.872654 
0.324632 0.420318 0.847317 -0.111847 0.63548 0.763974 0.154197 0.633937 0.757857 
0.341581 0.597598 0.725396 0.472124 -0.410618 0.780059 0.47099 -0.411331 0.780369 
-0.116744 -0.611855 0.782307 0.0241688 -0.569276 0.821791 -0.0105831 -0.604298 0.796688 
-0.0536423 -0.648902 0.758979 0.247935 -0.515221 0.820411 0.213793 -0.53808 0.815329 
0.376628 -0.492666 0.784495 -0.0385219 0.572297 0.819141 -0.18288 0.605159 0.774815 
0.21929 0.509839 0.831851 -0.137129 -0.642976 0.753511 -0.0380839 -0.595162 0.802703 
-0.157783 -0.719492 0.67634 -0.102274 -0.577377 0.810047 0.269014 -0.532321 0.802662 
0.255601 -0.532467 0.806937 0.426391 -0.515557 0.743231 0.383728 -0.487554 0.784248 
-0.137147 0.647911 0.749267 -0.156528 0.724943 0.670788 -0.0708263 0.615992 0.784562 
-0.10745 0.630317 0.768866 0.310015 0.543246 0.78024 0.136719 0.530627 0.836507 
0 -0.914685 0.404166 -0.0934147 -0.729168 0.677929 -0.334534 -0.63098 0.699965 
0.382188 -0.590893 0.710477 0.176594 -0.562042 0.808037 -0.373094 -0.467543 0.801376 
-0.413753 -0.432461 0.801115 0.436177 -0.458528 0.774275 0.449414 -0.48708 0.748853 
0 -0.815625 0.578581 -0.0583688 -0.712134 0.699613 -0.241001 -0.722896 0.647564 
0.283865 -0.720456 0.632743 -0.478591 -0.0111535 0.877967 -0.407938 -0.184229 0.894229 
0.35683 0.720517 0.594581 0.580269 -0.177128 0.79493 0.0847144 -0.648918 0.756128 
-0.296932 -0.527574 0.795925 0.241226 -0.736502 0.631962 -0.0170407 -0.49331 0.869686 
-0.0907118 -0.489038 0.867533 0.161205 -0.445624 0.880586 -0.0584912 -0.395128 0.916762 
0.121151 -0.167912 0.978329 -0.116106 0.579791 0.80645 0.0612861 0.538993 0.840078 
0.288289 0.48336 0.826591 0.382857 0.466331 0.797469 0.403931 0.500271 0.765878 
0.438541 0.525191 0.729284 0.35683 0.720517 0.594581 0.35683 0.720517 0.594581 
0.663615 -0.20257 0.720126 -0.0875121 0.497264 0.863174 0.00852321 0.479366 0.877574 
0.226767 0.426574 0.875563 0 -0.586845 0.809699 0 -0.586845 0.809699 
-0.214616 -0.57317 0.790832 0.0888964 -0.584521 0.806494 0 0.556338 0.830956 
-0.208487 -0.642971 0.736968 -0.19122 -0.549222 0.813504 -0.134977 -0.641132 0.755468 
-0.157241 -0.682948 0.713342 0.14921 -0.456687 0.877025 0.114041 -0.494426 0.861706 
0.364311 -0.430117 0.826 -0.270772 0.628806 0.728894 -0.262434 0.673146 0.691377 
0.113444 0.499909 0.858616 -0.353611 -0.540282 0.763581 -0.353611 -0.540282 0.763581 
-0.353611 -0.540282 0.763581 0.413541 -0.525895 0.743248 0 0.823843 0.566818 
-0.219981 0.54271 0.810601 0 0.556338 0.830956 0.091211 0.554019 0.827492 
-0.207205 0.649156 0.731889 -0.172046 0.557003 0.812495 0.229782 0.454554 0.86057 
0.36334 0.435132 0.823799 0.413541 -0.525895 0.743248 0.413541 -0.525895 0.743248 
-0.25389 0.796848 0.548245 0 0.823843 0.566818 0.300773 0.785695 0.540572 
0 -0.461857 0.886954 0 -0.461857 0.886954 -0.3386 -0.434575 0.834562 
0.364311 -0.430117 0.826001 0 0.467051 0.88423 -0.337679 0.439617 0.832292 
0 0.467051 0.88423 0.36334 0.435131 0.823799 
